Index,Height(Inches),Weight(Pounds),BMI
1,65.78331,112.9925,18.35580768
2,71.51521,136.4873,
3,69.39874,153.0269,22.33674748
4,68.2166,,21.50245817
5,67.78781,144.2971,22.07545791
6,68.69784,,18.36710423
7,69.80204,141.4947,20.41546457
8,,136.4623,19.56993121
9,67.90265,112.3723,17.13330507
10,66.78236,120.6672,19.02046086
11,66.48769,127.4516,
12,67.62333,114.143,17.54734851
13,68.30248,125.6107,18.92818689
14,67.11656,,19.11157969
15,68.27967,116.0866,17.50469668
16,71.0916,139.9975,19.4732764
17,66.461,129.5023,20.61100001
18,,142.9733,21.32742481
19,71.23033,137.9025,19.1072221
20,67.13118,,19.35020971
21,67.83379,141.2807,21.58469906
22,68.87881,143.5392,21.26936753
23,63.48115,97.90191,17.07878292
24,68.42187,129.5027,19.44662633
25,67.62804,141.8501,21.80375883
26,67.20864,129.7244,20.1895566
27,70.84235,142.4235,19.95037487
28,67.49434,131.5502,20.3007521
29,66.53401,108.3324,17.20387551
30,65.44098,113.8922,18.69604386
31,69.5233,103.3016,15.02455496
32,65.8132,120.7536,19.59879619
33,67.8163,125.7886,
34,70.59505,136.2225,19.21567616
35,71.80484,140.1015,19.10252041
36,69.20613,128.7487,18.8977043
37,66.80368,141.7994,22.33721087
38,67.65893,121.2319,18.61752673
39,67.80701,131.3478,20.08301624
40,64.04535,106.7115,18.28905824
41,68.57463,124.3598,18.59124157
42,65.18357,124.8591,20.65852169
43,69.65814,139.6711,20.23569528
44,67.96731,137.3696,20.90478932
45,65.98088,106.4499,17.18954478
46,68.67249,128.7639,19.19481177
47,66.88088,145.6837,22.89614308
48,67.69868,116.819,17.91877877
49,69.82117,143.6215,20.71097475
50,69.08817,134.9325,19.87304946
51,69.91479,147.0219,21.14458866
52,67.33182,126.3285,19.58916647
53,70.26939,125.4839,17.86532684
54,69.10344,115.7084,17.03416614
55,65.38356,123.4892,20.30706578
56,70.18447,147.8926,21.10666998
57,70.40617,155.8987,22.10937057
58,66.54376,128.0742,20.33303946
59,66.36418,119.3701,19.05387964
60,67.537,133.8148,20.62414454
61,66.50418,128.7325,20.46188514
62,68.99958,137.5453,20.30991873
63,68.30355,129.7604,19.5528896
64,67.01255,128.824,20.16693119
65,70.80592,135.3165,18.97435147
66,68.21951,109.6113,16.55745038
67,69.05914,142.4684,21.00059214
68,67.73103,132.749,20.34282313
69,67.21568,103.5275,16.10904737
70,67.36763,124.7299,19.32072242
71,65.27033,129.3137,21.33871418
72,70.84278,134.0175,18.77265274
73,69.92442,140.3969,20.18622446
74,64.28508,102.8351,17.49348441
75,68.2452,128.5214,19.39932197
76,66.35708,120.2991,19.20627617
77,68.36275,138.6036,20.84926678
78,65.4769,132.9574,21.80176327
79,69.71947,115.6233,16.72216604
80,67.72554,122.524,18.77896008
81,68.63941,134.6254,20.08793286
82,66.78405,121.8986,19.21359083
83,70.05147,155.3767,22.25905446
84,66.27848,128.9418,20.63497627
85,69.20198,129.1013,18.95173169
86,69.13481,139.4733,20.51411824
87,67.36436,140.8901,21.82606409
88,70.09297,131.5916,18.82931703
89,70.1766,121.1232,17.29012029
90,68.22556,131.5127,19.86226633
91,68.12932,136.5479,20.68103368
92,70.24256,141.4896,20.15947332
93,71.48752,140.6104,19.34248669
94,69.20477,112.1413,16.46072093
95,70.06306,133.457,19.11254323
96,70.55703,131.8001,18.6118902
97,66.28644,120.0285,19.2039388
98,63.42577,123.0972,21.51156479
99,66.76711,128.1432,20.20811168
100,68.88741,115.4759,17.10672869
101,64.87434,102.0927,17.05313026
102,67.09272,130.353,20.35755224
103,68.34761,134.1842,20.19342757
104,65.61073,98.64133,16.10884878
105,67.75551,114.5599,17.54279198
106,68.0212,123.4917,18.76309665
107,67.66193,123.048,18.89474874
108,66.3146,126.4772,20.21851519
109,69.43706,128.417,18.72385186
110,63.83624,127.1941,21.94258018
111,67.72277,122.0562,18.70879185
112,70.05098,127.6064,18.28097484
113,70.18602,131.6423,18.7866591
114,65.94588,111.8955,18.08808584
115,70.007,122.039,17.50535937
116,68.61129,128.5547,19.19782881
117,68.80817,132.6792,19.70054106
118,69.76212,136.0632,19.6542586
119,65.45539,115.9403,19.023872
120,68.82534,136.9041,20.31772363
121,65.8003,119.8804,19.46470208
122,67.21474,109.0055,16.96190749
123,69.42021,128.2705,18.71157163
124,68.94396,135.2913,20.00933915
125,67.9415,106.8558,16.27358225
126,65.62506,123.2939,20.12600093
127,66.49607,109.5143,17.4114203
128,67.92809,119.3087,18.17726891
129,68.89415,140.2402,20.77127497
130,70.241,133.9841,19.09093578
131,68.26623,132.5807,19.99971438
132,71.23161,130.6988,18.10845525
133,69.09747,115.5637,17.01580387
134,64.39693,123.7941,20.98577172
135,71.09585,128.1427,17.82217459
136,68.21868,135.9646,20.53877564
137,65.91721,116.6273,18.86939223
138,67.4369,126.8241,19.60477751
139,73.90107,151.3913,19.48743997
140,69.98149,130.4022,18.71862196
141,69.51862,136.2068,19.81307256
142,65.18437,113.3989,18.7619175
143,68.00869,125.3287,19.04921314
144,68.3384,127.5846,19.20542704
145,65.18417,107.1564,17.72920084
146,68.26209,116.4588,17.56986699
147,68.56865,133.8402,20.01200966
148,64.49675,112.8901,19.07811756
149,68.71053,130.7568,19.47031652
150,68.89148,137.7571,20.4050793
151,69.54011,125.4036,18.23033219
152,67.39964,138.4659,21.42806742
153,66.47521,120.8184,19.22068977
154,66.01217,140.1539,22.61062115
155,72.44434,136.7397,18.3164383
156,64.12642,106.1139,18.14068203
157,70.98112,158.9562,22.17926253
158,67.50124,108.7868,16.78448519
159,72.01515,138.7758,18.81140897
160,65.31143,115.9136,19.10342922
161,67.07509,146.2922,22.85882843
162,64.39148,109.8765,18.62959131
163,69.37003,139.0499,20.31338226
164,68.37921,119.9001,18.02713505
165,65.31018,128.3069,21.14674731
166,67.1369,127.2428,19.84567953
167,68.39468,115.2306,17.31723316
168,66.2918,124.7975,19.9637254
169,67.1866,126.9511,19.77090117
170,65.99156,111.2711,17.96225744
171,69.43393,122.6089,17.87861312
172,67.97463,124.2084,18.89785828
173,67.76133,124.6453,19.08391129
174,65.27864,119.5169,19.71707322
175,73.83364,139.2983,17.96356716
176,66.81312,104.8265,16.50832101
177,66.89411,123.0424,19.33011148
178,65.73568,118.8923,19.3422385
179,65.98283,121.4939,19.61769243
180,66.58396,119.2488,18.90906701
181,67.11294,135.0239,21.07431389
182,65.87481,116.228,18.8290036
183,66.78067,109.1731,17.2095464
184,68.73577,124.2237,18.4839243
185,66.22666,141.1645,22.62638192
186,65.95968,129.1501,20.86858448
187,68.58372,127.8693,19.11082948
188,66.59347,120.9244,19.1692877
189,66.96574,127.6466,20.0105595
190,68.08015,101.4693,15.39036719
191,70.19025,144.9927,20.68939941
192,65.52149,110.9523,18.16871048
193,67.45905,132.8625,20.52472294
194,67.40985,146.3385,22.63951937
195,69.66158,145.5894,21.09106161
196,65.79799,120.8431,19.62239116
197,66.10558,115.7813,18.62591028
198,68.23987,128.3019,19.36921551
199,68.02403,127.4718,19.36621407
200,71.39044,127.8761,17.63861944
201,65.7316,121.4997,19.76888264
202,66.43358,112.7148,17.95398908
203,70.01309,135.002,19.36141244
204,69.48146,128.6789,18.73806726
205,68.62764,124.4062,18.5694577
206,68.36275,140.026,21.06322945
207,68.39028,117.519,17.66341402
208,68.77413,143.8737,21.38388091
209,69.9236,141.1703,20.29789975
210,71.55542,155.9414,21.41074029
211,68.44764,134.0093,20.1082051
212,66.71398,130.0975,20.54899447
213,66.68413,106.2265,16.79357733
214,67.93699,112.0489,17.06673008
215,68.89855,136.1884,20.16857797
216,67.29191,131.236,20.37429542
217,69.57212,131.3231,19.073306
218,67.67479,119.5261,18.34696534
219,69.04155,116.9965,17.25468873
220,67.96765,138.5255,21.08048229
221,65.83982,109.6518,17.78254108
222,65.77288,130.1569,21.15089766
223,71.14106,137.1114,19.04531792
224,67.83055,113.759,17.38162651
225,65.0693,114.9725,19.08960888
226,69.70745,127.7149,18.47729961
227,69.92983,121.9972,17.53800717
228,66.11569,117.9607,18.9707105
229,68.61364,127.7141,19.07099065
230,68.9976,117.9619,17.41923647
231,66.79171,125.1554,19.72240137
232,68.02363,141.1026,21.43733199
233,69.67258,145.4822,21.06887755
234,71.82178,116.065,15.81773415
235,72.74676,135.7458,18.03243666
236,67.27951,132.9248,20.64408796
237,67.41015,115.6622,17.89353663
238,68.5315,114.3184,17.11161448
239,68.47126,148.952,22.33495205
240,68.51867,142.1878,21.29118389
241,63.72529,134.104,23.21525273
242,67.70483,141.8926,21.76084561
243,69.47115,138.7444,20.20979052
244,66.70198,134.449,21.24395876
245,65.23126,117.0167,19.33266104
246,69.89473,115.6752,16.64587852
247,69.83048,134.7905,19.43231558
248,65.3979,120.5746,19.81908267
249,68.32214,120.0835,18.08488455
250,65.93895,84.3598,13.63976262
251,70.09805,138.9394,19.87782534
252,66.05531,143.5245,23.12415637
253,68.23481,123.1347,18.59190144
254,65.21758,115.5261,19.09440273
255,69.16173,120.9844,17.78086988
256,67.60064,120.6473,18.5597156
257,67.28621,124.0352,19.25963902
258,66.84323,117.2238,18.44404891
259,68.08281,127.9598,19.40680014
260,66.56991,116.7527,18.52108045
261,70.16973,121.9957,17.41807826
262,67.85113,123.9952,18.93415939
263,66.62309,108.855,17.24067099
264,63.68816,104.6574,18.13877119
265,68.0356,132.248,20.08500756
266,66.941,127.1834,19.95268583
267,66.26292,125.1209,20.03291022
268,70.7301,133.322,18.73478014
269,70.70844,122.3364,17.20158674
270,73.26872,130.2636,17.05851384
271,63.79021,116.7431,20.16872678
272,67.84109,125.8534,19.22359656
273,67.78058,100.627,15.39782178
274,67.23901,118.4945,18.42514426
275,66.75701,137.1255,21.63115931
276,69.03098,118.6991,17.5111502
277,68.52652,124.1641,18.58805783
278,64.65419,124.9442,21.01251688
279,65.14295,126.3889,20.93772135
280,66.74124,121.5255,19.17936389
281,66.99923,133.2951,20.87516355
282,70.26611,127.4072,18.14084339
283,67.57666,125.08,19.25527617
284,66.30582,102.8114,16.43967764
285,68.90702,134.2212,19.87236271
286,65.60543,100.9758,16.4927492
287,68.00189,145.8886,22.17862996
288,69.93715,155.3046,22.32152096
289,70.1459,138.7175,19.81901173
290,66.66364,116.2611,18.39126938
291,69.40676,120.6087,17.60071937
292,66.80598,114.4083,18.02113662
293,67.70048,133.3406,20.45192702
294,69.13438,92.74955,13.64202972
295,67.53769,131.7825,20.31050223
296,65.77912,118.3865,19.23452155
297,66.25769,131.1466,21.00099056
298,67.39038,130.2033,20.15493983
299,64.94327,129.1836,21.5324974
300,69.25699,143.1445,20.97986869
301,69.07739,138.7307,20.43883147
302,69.64403,130.9528,18.98026737
303,69.07705,124.3032,18.31344588
304,68.01304,135.3702,20.57282924
305,68.85664,124.1988,18.41539639
306,63.19158,111.2389,19.58364744
307,65.57591,129.4037,21.15501644
308,69.12101,127.7444,18.79650242
309,69.78765,121.3311,17.51339373
310,67.48203,118.2183,18.25003735
311,69.08809,123.3441,18.16633559
312,68.5529,151.9118,22.72454371
313,68.21327,115.3108,17.42158129
314,67.1012,122.3844,19.10824558
315,71.23661,129.2323,17.90275674
316,69.11946,138.2824,20.3479921
317,65.49848,144.0565,23.60618144
318,66.58706,120.8482,19.16089677
319,67.99831,113.3034,17.22669756
320,72.57747,149.3227,19.92863299
321,67.97585,130.6373,19.87527869
322,66.62347,122.387,19.38367489
323,67.29574,133.8677,20.78049941
324,65.95951,134.8336,21.78705922
325,66.54011,137.8363,21.88526969
326,68.07723,112.6812,17.09239952
327,65.83291,121.1964,19.65888761
328,69.23721,114.9262,16.8536998
329,64.69413,110.3762,18.53962773
330,69.21372,126.0337,18.4951402
331,67.16792,118.7008,18.49631324
332,67.8467,119.3108,18.22122727
333,69.27389,150.7397,22.08227532
334,67.90547,121.1142,18.46464111
335,67.076,118.4065,18.50105767
336,70.01531,142.759,20.47259005
337,70.05454,145.6305,20.86099861
338,70.86714,127.3425,17.82538359
339,66.0586,115.9678,18.68245792
340,65.23745,104.4441,17.25223173
341,68.7413,138.4905,20.60344422
342,69.51946,145.5049,21.16509215
343,70.30764,124.4065,17.69266915
344,67.29982,124.1866,19.27534929
345,67.60582,126.1659,19.40569251
346,67.85566,138.8125,21.19394207
347,66.46536,121.5515,19.34304868
348,68.92071,114.2555,16.90958522
349,68.46886,129.4022,19.40487239
350,69.5193,137.5583,20.00927459
351,70.23956,134.4996,19.1651734
352,67.85651,127.7103,19.49836571
353,68.00435,115.6709,17.5835294
354,67.13983,131.5906,20.52200162
355,68.09931,127.5839,19.34041441
356,68.99077,125.7211,18.56870057
357,69.32618,119.9885,17.55094108
358,70.09286,140.8676,20.15667432
359,68.74304,136.9164,20.3682318
360,64.18633,118.4759,20.21623383
361,66.09074,129.5516,20.85051935
362,69.24418,152.0714,22.29648054
363,69.66512,120.8646,17.50748105
364,68.42721,136.1027,20.4345181
365,68.28613,130.0611,19.60820085
366,69.37684,131.7743,19.24673265
367,68.35315,139.38,20.97194539
368,72.32489,168.229,22.60896205
369,70.37159,127.6446,18.1202024
370,65.72927,131.8008,21.44646675
371,66.49627,122.8561,19.53248412
372,70.81339,140.2133,19.65684281
373,67.37579,142.6929,22.0978463
374,67.79709,137.4299,21.01911608
375,68.1607,126.0392,19.07185249
376,68.85782,143.5985,21.29112895
377,67.71342,122.62,18.80040211
378,64.66007,108.6044,18.26124591
379,65.73721,100.6617,16.37559353
380,68.42441,116.1397,17.4386918
381,68.88946,140.5293,20.81692833
382,68.27367,125.6907,18.95623014
383,69.18045,134.3329,19.73199288
384,72.60996,136.4649,18.19633364
385,66.04157,127.8822,20.61249891
386,69.2288,123.1361,18.06205299
387,68.87697,116.3375,17.23959205
388,66.46042,124.5581,19.82444953
389,69.30444,125.7853,18.41039462
390,67.58249,107.5905,16.56002062
391,69.41816,143.0236,20.8649253
392,67.46867,118.7434,18.33836054
393,66.44873,118.9856,18.94420393
394,68.76185,131.8744,19.60743195
395,63.76881,119.3691,20.63624233
396,69.03663,126.1223,18.60321651
397,66.48966,126.6122,20.13365654
398,66.74224,113.5597,17.92165055
399,67.69394,115.8413,17.77129857
400,66.69066,130.2738,20.59123408
401,67.02877,125.4542,19.62989743
402,65.91096,117.1655,18.96006408
403,70.0304,137.3184,19.6838862
404,69.26978,149.4447,21.89516518
405,70.07695,151.0695,21.62627563
406,64.90942,116.9994,19.52196378
407,69.68744,138.1787,20.00264401
408,67.56524,127.621,19.653089
409,63.85529,120.7514,20.81870621
410,71.6189,144.2537,19.77092523
411,64.98993,105.7939,17.60855888
412,64.60759,120.1567,20.23653884
413,62.01666,109.0848,19.93897454
414,65.28516,125.971,20.77767536
415,67.70163,110.2325,16.90700699
416,70.85794,134.4706,18.82806215
417,68.17075,115.5067,17.47295495
418,67.45006,125.1086,19.3320455
419,71.04224,116.4113,16.21500814
420,67.83032,133.3944,20.38192462
421,67.15488,108.7478,16.95198854
422,68.30289,134.3986,20.25218614
423,65.41208,131.2085,21.55764804
424,68.66755,130.8318,19.50587949
425,70.06733,127.0838,18.19761114
426,69.13413,119.4067,17.56301277
427,67.02078,105.5616,16.52122833
428,65.52274,134.4733,22.01949158
429,70.19808,132.6897,18.92962757
430,67.66866,126.058,19.35310195
431,69.73257,126.3532,18.26712613
432,67.61719,142.3603,21.88920468
433,70.79589,124.5873,17.47483193
434,69.65804,122.3604,17.72775383
435,66.73277,123.2298,19.4532767
436,67.58008,131.4049,20.2269072
437,65.25317,124.3037,20.52277822
438,70.71387,128.3836,18.04910465
439,71.27374,136.853,18.93871682
440,66.55913,118.0569,18.7340393
441,68.04247,121.4969,18.44847114
442,68.11699,119.2811,18.07240968
443,71.2367,126.5545,17.53175253
444,66.92387,129.2477,20.2869171
445,71.10381,134.7804,18.74115364
446,69.41466,146.0725,21.31186152
447,69.16807,162.4109,23.86487603
448,68.57725,130.1885,19.46111939
449,69.60315,132.1941,19.1826944
450,69.05087,127.4591,18.79264297
451,68.28699,125.3466,18.89695998
452,69.25276,134.7559,19.75281249
453,68.23862,121.9395,18.40938431
454,67.6868,125.6688,19.28301006
455,68.84083,145.956,21.65135506
456,69.52061,119.9207,17.44304622
457,66.97668,111.5093,17.4750804
458,72.0053,138.676,18.80302411
459,67.44482,135.0151,20.86606075
460,66.06214,116.509,18.76763393
461,65.5747,123.9575,20.26541534
462,68.30171,136.952,20.63766461
463,71.02603,153.0797,21.33230805
464,70.76882,126.357,17.73661433
465,67.50812,145.0614,22.3766548
466,69.50936,135.1739,19.66806295
467,66.4455,108.806,17.32515075
468,68.5689,110.5155,16.52434117
469,67.01296,138.2685,21.64516863
470,68.70004,119.5111,17.80121268
471,68.23013,115.3214,17.41457314
472,70.40713,132.3684,18.77181914
473,65.69989,93.99438,15.30833395
474,65.7031,127.4051,20.74772181
475,68.48055,134.3024,20.1328204
476,66.62891,124.9721,19.78987156
477,66.84285,124.072,19.52176994
478,69.89734,133.5476,19.21631527
479,67.6543,134.1509,20.60431145
480,68.30917,130.2489,19.62326968
481,69.74848,138.0935,19.95533701
482,68.57906,126.6064,18.92465317
483,68.14477,131.8076,19.95403443
484,67.98093,131.7363,20.03948625
485,64.82535,117.6261,19.67747106
486,69.20785,126.1943,18.52184939
487,69.2656,127.5132,18.68423275
488,70.9403,142.4785,19.90300343
489,69.07826,139.444,20.54340262
490,66.20183,110.3204,17.69583921
491,71.05779,131.9541,18.37193167
492,68.99493,129.2037,19.08077099
493,70.96089,124.3513,17.36071259
494,66.02496,126.5251,20.40401907
495,69.8641,149.2303,21.49335439
496,66.82802,142.1577,22.37734335
497,69.09424,127.1436,18.72259922
498,66.81425,122.3353,19.2649959
499,67.13183,112.6659,17.57481827
500,64.57428,134.2647,22.63591351
501,68.68038,120.6936,17.98764002
502,67.53724,115.783,17.84487483
503,71.17732,128.6855,17.85671947
504,70.53514,134.7611,19.04183541
505,71.53411,118.3419,16.25801449
506,66.77301,106.1557,16.73773686
507,66.33636,126.3823,20.19009234
508,64.83095,114.3716,19.12972604
509,68.38247,130.2787,19.58570343
510,68.05038,123.3066,18.71890924
511,69.09149,122.8571,18.09282854
512,69.91046,125.6932,18.07934901
513,68.40737,111.7247,16.78412613
514,68.32559,125.5516,18.90648505
515,66.95555,119.9702,18.81289121
516,70.54816,132.6043,18.7301627
517,69.37805,132.6738,19.37743618
518,67.52012,117.4521,18.11130317
519,64.87142,101.8549,17.01494081
520,69.13396,128.4418,18.89203929
521,68.81192,134.0414,19.90063474
522,67.56446,127.7511,19.67357808
523,68.16772,127.6172,19.30665339
524,65.80687,139.3971,22.62906419
525,64.92276,113.9381,19.00335797
526,68.35584,147.5188,22.19481078
527,66.71546,132.6523,20.95159738
528,69.18196,132.8139,19.50801725
529,65.88795,105.0942,17.0185315
530,66.03733,127.5187,20.55654817
531,69.44194,130.7305,19.05849299
532,67.14847,128.5815,20.0475622
533,65.69442,122.5699,19.96559197
534,69.42723,157.2961,22.94106649
535,66.54503,121.1097,19.22662266
536,69.04469,147.5061,21.75227763
537,67.62036,117.493,18.06393496
538,69.59105,132.4472,19.22610581
539,68.12343,118.1774,17.90180174
540,71.22641,123.7319,17.1456872
541,66.43285,130.365,20.76589078
542,66.31808,122.8882,19.6427197
543,68.02724,107.8693,16.38654833
544,68.2876,118.591,17.87818213
545,66.91609,125.6467,19.72628478
546,71.77546,148.6016,20.27808044
547,66.04535,150.279,24.21972064
548,69.01455,127.0678,18.75467379
549,68.70744,128.7122,19.16758968
550,65.012,118.4233,19.69724245
551,66.05857,125.3879,20.20005806
552,71.16403,149.2676,20.72047977
553,67.55274,107.3484,16.53731362
554,68.83455,133.6992,19.83678008
555,68.11811,124.8508,18.91565896
556,67.90528,112.7028,17.18236507
557,67.64085,127.8407,19.64293376
558,69.78282,134.1615,19.36806343
559,67.99889,138.6031,21.07291532
560,69.41465,126.044,18.38972461
561,70.42989,129.5856,18.36530092
562,67.67519,134.1054,20.58460906
563,67.88036,106.1251,16.1914284
564,68.06905,127.0561,19.2775335
565,66.99435,121.9241,19.09714862
566,71.57689,150.7365,20.68369395
567,64.36564,116.0061,19.68466226
568,67.93011,125.4748,19.11556775
569,69.91863,131.6099,18.92596637
570,69.93864,129.0696,18.55004311
571,66.79766,129.1117,20.34222374
572,70.11119,148.1624,21.18939966
573,68.94814,105.388,15.5848052
574,68.02886,110.5447,16.79217161
575,69.36148,118.6402,17.33606364
576,68.44886,122.8151,18.42784931
577,65.70282,124.887,20.3378265
578,69.55674,135.7695,19.72782039
579,65.84635,116.4563,18.88230031
580,68.79983,125.3617,18.61853338
581,69.03835,133.122,19.63470371
582,67.36352,138.3328,21.43043307
583,70.35788,124.4972,17.68029142
584,69.88828,136.7205,19.67796838
585,65.15319,115.0153,19.04756977
586,69.40907,132.6366,19.35469157
587,68.50874,143.1323,21.43882675
588,65.71552,134.7422,21.93426376
589,63.98308,122.6246,21.05729805
590,70.07685,153.5634,21.98335132
591,68.42542,126.289,18.962077
592,68.23665,134.7206,20.34014003
593,67.82856,134.5987,20.56700228
594,66.31277,118.3945,18.9274677
595,69.75128,121.2997,17.52712518
596,65.70901,132.2844,21.53843326
597,66.88227,139.0617,21.85449874
598,67.2791,110.698,17.19233057
599,70.63357,154.1073,21.71481943
600,69.9377,124.1592,17.84479401
601,65.87671,134.5173,21.79062383
602,72.44694,138.2622,18.5190496
603,70.07052,149.0801,21.34540108
604,67.68486,127.0075,19.48954152
605,66.1151,117.8222,18.9487748
606,69.94355,148.9096,21.3984679
607,68.24317,128.2151,19.35423972
608,68.80144,129.6944,19.26111806
609,66.61818,125.5674,19.89054576
610,70.18701,128.7947,18.37975989
611,65.58971,124.187,20.29364409
612,68.69566,151.4167,22.55643706
613,64.88639,106.9803,17.86289771
614,69.81993,145.6221,21.00021768
615,66.33962,121.5926,19.42300898
616,70.4434,130.9386,18.54993531
617,69.99163,135.6203,19.46201533
618,70.13617,123.9315,17.71140193
619,67.1793,131.9955,20.56096539
620,68.2034,117.484,17.75505407
621,67.76121,129.6577,19.85140882
622,64.79753,122.3706,20.48875228
623,66.47871,114.5867,18.22738514
624,66.98337,116.5401,18.25982977
625,65.69991,139.4307,22.70827701
626,66.82705,123.4822,19.43815779
627,66.35141,132.5492,21.16567501
628,70.13491,143.4013,20.4946226
629,70.11565,132.9429,19.01036889
630,64.56145,98.8972,16.67987415
631,68.15724,122.4342,18.52823634
632,67.1475,104.6767,16.32095818
633,70.88927,142.7847,19.97450337
634,68.16218,130.9283,19.81079529
635,71.19657,143.827,19.94700076
636,67.92444,142.2832,21.6798771
637,65.30204,107.9441,17.79511248
638,66.40756,105.6891,16.84808241
639,71.30647,125.4007,17.33793662
640,69.05997,106.4195,15.68641745
641,65.95442,118.5371,19.15674913
642,69.63776,136.7836,19.82895234
643,71.10495,145.9328,20.29123916
644,66.21851,129.637,20.78382555
645,66.13469,108.4955,17.43847111
646,67.7851,121.2537,18.55162012
647,66.67737,135.7399,21.46376611
648,69.99408,137.5026,19.73075101
649,71.1441,124.0052,17.22334269
650,68.63927,128.8613,19.22792951
651,69.08548,133.6811,19.69027478
652,67.97389,106.5185,16.20675692
653,65.94809,113.0398,18.27183907
654,66.02102,125.9639,20.31594199
655,71.23576,140.2945,19.43568477
656,67.52674,143.229,22.08181247
657,71.06935,145.8063,20.29396596
658,68.27178,128.1697,19.33117448
659,67.31932,134.1839,20.81499421
660,68.98848,140.2166,20.71102554
661,68.404,146.3453,21.98725978
662,67.092,132.0784,20.62745497
663,66.76866,122.13,19.25893917
664,65.64636,131.4693,21.44659623
665,65.34105,129.5167,21.32597409
666,68.18299,125.7451,19.01491162
667,70.65924,153.1384,21.56261886
668,65.94401,124.5559,20.13580162
669,69.62792,134.8225,19.55018438
670,68.29965,115.3877,17.38913125
671,70.06075,117.9618,16.89457035
672,68.43602,124.5647,18.69738292
673,69.27012,134.4043,19.69140064
674,67.70511,129.3092,19.83087394
675,70.89315,133.1423,18.62356557
676,70.54313,147.3609,20.8174792
677,71.58086,155.0132,21.26817293
678,68.42301,126.2905,18.96363803
679,69.35781,134.4605,19.6498529
680,70.445,134.0296,18.98697155
681,67.38153,128.9248,19.96227597
682,67.50767,123.0543,18.98217102
683,68.52054,112.1788,16.79672304
684,66.80858,111.7443,17.60014405
685,72.38532,148.4615,19.91902937
686,68.51642,136.7459,20.4776593
687,70.79791,133.2068,18.68275188
688,66.21905,116.8855,18.73915796
689,68.31167,124.8542,18.80912862
690,67.1715,121.5809,18.94307967
691,67.7714,123.197,18.85656328
692,67.47328,137.1255,21.17434106
693,67.77463,121.4941,18.59414454
694,69.20099,150.9398,22.1582001
695,70.04297,142.3009,20.39078126
696,70.56979,134.7527,19.02195503
697,66.45379,133.5585,21.26117922
698,67.68132,136.0895,20.88537623
699,65.75638,95.20216,15.47840956
700,69.3549,119.7404,17.50014833
701,70.5902,152.9146,21.57324389
702,67.27626,140.1991,21.77593794
703,68.48853,145.2503,21.76890947
704,67.02188,119.4855,18.69981537
705,65.77613,123.512,20.06909754
706,65.96579,110.6754,17.88005661
707,68.18868,111.4951,16.8572427
708,72.08595,139.4849,18.87040703
709,66.85358,133.088,20.93364652
710,69.10929,133.5196,19.65293805
711,64.5909,112.7698,19.00226907
712,67.03849,124.7975,19.52148105
713,68.99156,123.4224,18.2287707
714,70.59872,142.0921,20.04156371
715,70.08988,116.2814,16.64006215
716,65.6844,131.1256,21.36575968
717,67.0982,131.2493,20.49418165
718,66.03932,127.2422,20.51073903
719,69.26423,122.4523,17.94337984
720,66.61351,115.2431,18.25768126
721,68.11738,126.9532,19.23459767
722,69.73059,143.4439,20.73913935
723,64.02042,125.377,21.50483729
724,66.23753,109.0095,17.46672225
725,72.46761,139.2411,18.63952727
726,66.21938,102.182,16.38172018
727,71.2978,144.3898,19.96823051
728,63.1255,83.08527,14.6578306
729,70.93034,145.3938,20.31594971
730,68.25489,134.9267,20.36037073
731,64.78014,134.678,22.56151291
732,65.42982,111.4963,18.30898756
733,68.91361,119.7951,17.73308835
734,64.96937,95.70426,15.93930143
735,66.15237,117.159,18.82089038
736,65.98386,127.2356,20.54416675
737,69.2435,144.9205,21.24844364
738,68.31982,122.8464,18.50224094
739,70.11607,134.19,19.18846994
740,68.63521,124.9776,18.65063281
741,67.74289,135.8441,20.80983637
742,64.58641,120.8222,20.3619691
743,64.66165,125.0174,21.01997633
744,65.90771,133.5474,21.61316247
745,65.77649,124.5583,20.23888617
746,67.1506,135.9691,21.19804223
747,72.24339,143.5738,19.33901215
748,68.73199,130.5725,19.43073407
749,67.57019,127.192,19.58415515
750,70.36234,141.2372,20.05505586
751,63.62233,107.4236,18.65674551
752,66.20711,122.3234,19.61803961
753,66.22114,111.6055,17.89153559
754,70.0722,137.8915,19.7424622
755,69.6563,142.8742,20.70085736
756,66.25043,114.4349,18.32890063
757,68.0704,128.2736,19.46148622
758,67.14808,134.5725,20.98188233
759,68.76609,140.1034,20.82837255
760,68.12075,121.977,18.47882834
761,65.72987,111.4248,18.13057767
762,69.17439,135.0756,19.84456366
763,70.36351,132.9826,18.88231131
764,70.78557,117.7566,16.52156242
765,70.88083,134.9877,18.8882592
766,66.62148,151.6121,24.01378597
767,69.9829,128.9287,18.50636223
768,66.92866,120.1575,18.85740589
769,71.45806,125.6007,17.29198866
770,69.66344,127.8292,18.5172105
771,69.30943,136.1354,19.92240398
772,66.59775,116.2841,18.43132458
773,64.20209,127.0777,21.67336469
774,68.23051,125.7165,18.98411568
775,70.09021,121.0749,17.32585684
776,70.9755,122.7382,17.12845352
777,64.93134,119.4545,19.91815505
778,66.90106,132.9048,20.87516868
779,69.19803,132.8687,19.50700294
780,68.4149,124.3486,18.67647161
781,66.3163,132.2198,21.13543768
782,72.13467,142.804,19.29334804
783,65.74613,129.605,21.07835396
784,69.96677,128.5326,18.45801383
785,65.11417,112.9919,18.73491032
786,67.43294,122.0795,18.87356222
787,66.39785,118.396,18.87923191
788,67.18769,130.1299,20.26529834
789,67.68597,111.6824,17.13731379
790,67.77469,142.2452,21.76997176
791,63.62937,122.6049,21.28863941
792,66.447,122.8198,19.55568149
793,71.9233,119.1123,16.18723697
794,67.92214,139.4335,21.24710347
795,68.01143,141.3353,21.48038976
796,67.76524,119.787,18.3379613
797,69.19791,136.326,20.01465286
798,67.00109,118.4099,18.54298313
799,67.09659,137.692,21.50122161
800,69.85144,129.078,18.59759669
801,67.42782,123.4642,19.09053653
802,68.1104,115.4311,17.49247644
803,68.29433,129.931,19.58388312
804,69.45176,135.9563,19.81472961
805,69.08219,127.8134,18.82779752
806,70.91753,139.1014,19.44373189
807,64.20566,109.2132,18.62446594
808,71.10315,124.6154,17.32803668
809,72.08523,136.221,18.42921396
810,66.15119,120.4722,19.35382652
811,67.52898,116.1659,17.90826889
812,67.17586,115.5093,17.99474956
813,72.92955,141.9961,18.76828863
814,65.54112,135.4869,22.17302333
815,69.08487,135.1305,19.90411258
816,65.28991,108.2494,17.85207419
817,68.53447,125.1277,18.72796847
818,71.32802,142.8947,19.74472589
819,66.88095,128.2978,20.16367402
820,67.91196,128.268,19.55154665
821,67.00238,103.5665,16.21788309
822,68.27584,156.1069,23.54199811
823,66.20276,104.9661,16.83651475
824,64.24214,121.6365,20.71949858
825,67.43738,132.0066,20.40561047
826,64.50081,118.4079,20.00809159
827,68.89607,135.3898,20.05175423
828,70.32908,140.6633,19.99246085
829,64.31742,111.6703,18.9773592
830,67.11253,128.0328,19.98339837
831,68.01206,130.4737,19.82925715
832,68.25267,128.2127,19.34849013
833,67.76873,142.8202,21.86181768
834,67.44291,123.0804,19.0226765
835,65.73581,117.8771,19.17700275
836,69.64372,130.9274,18.97675484
837,71.92818,129.1735,17.55216162
838,69.39435,144.5784,21.10622263
839,67.14717,115.8635,18.06535672
840,69.1469,116.5322,17.13388476
841,66.90594,141.9947,22.29965305
842,67.838,132.1304,20.18422151
843,68.09614,135.2607,20.50604783
844,66.14093,127.0684,20.41983799
845,71.16386,129.844,18.02429214
846,67.55757,134.5066,20.71814557
847,70.01279,121.3609,17.40521308
848,72.56431,143.1486,19.11156668
849,66.60224,124.7741,19.77434465
850,68.51802,120.1546,17.99227656
851,66.34638,139.4163,22.26560058
852,69.02692,131.6743,19.42760891
853,69.12446,131.07,19.28391112
854,68.24578,129.8914,19.60577974
855,68.4869,123.344,18.48665498
856,70.68261,137.5314,19.3522753
857,70.35969,136.8886,19.43903816
858,67.62401,118.4024,18.20178542
859,69.4463,116.2441,16.94447121
860,67.92486,124.8433,19.02230151
861,68.39347,120.9809,18.18205046
862,66.31812,105.1208,16.80271921
863,71.22882,145.4377,20.15212384
864,65.29169,108.1912,17.84150323
865,66.00287,130.3778,21.03939914
866,67.61775,117.5157,18.06881977
867,69.10276,135.8762,20.00358934
868,68.99743,127.5126,18.82966516
869,69.07531,151.3998,22.30668021
870,68.34086,112.4799,16.93048375
871,71.68196,156.7554,21.44658224
872,68.77664,138.2098,20.54055876
873,66.18191,109.5685,17.58581288
874,72.37092,139.9742,18.78776555
875,66.85155,124.5873,19.59774655
876,65.75688,130.5023,21.21734769
877,69.69245,151.0783,21.86683611
878,66.27915,108.7722,17.40681755
879,66.47752,105.9927,16.86093529
880,68.71912,143.4301,21.35209276
881,68.29244,114.7434,17.29568551
882,67.66696,123.7736,19.00334339
883,71.29885,139.4769,19.28823822
884,67.07369,115.8201,18.09817828
885,70.68048,146.5682,20.62510171
886,71.40114,153.9993,21.23556303
887,71.00392,137.5899,19.18568139
888,66.2799,125.9287,20.15191655
889,68.05383,139.6939,21.20447985
890,64.16346,126.3585,21.57666091
891,66.87966,113.9307,17.90638746
892,70.52968,129.7605,18.33808614
893,65.45595,116.1925,19.0649276
894,69.11331,139.1294,20.47627019
895,67.94221,126.9815,19.33821745
896,67.2132,125.8352,19.58160671
897,67.6372,113.524,17.44503193
898,70.09365,123.2372,17.63355172
899,64.41354,123.0554,20.84978911
900,69.77698,128.133,18.50086276
901,66.58181,127.9357,20.28784324
902,68.14995,110.4678,16.72091145
903,66.18165,127.9364,20.53403368
904,66.79412,118.1678,18.61992855
905,67.1657,129.7243,20.21536421
906,68.01904,130.6094,19.84580698
907,66.95837,105.0414,16.47047335
908,68.70397,122.6299,18.26366922
909,69.68057,138.3259,20.0279012
910,66.52793,107.7381,17.11262431
911,66.46981,141.4417,22.50525395
912,71.44643,153.6966,21.16696147
913,66.62648,134.5551,21.30893525
914,64.01015,109.6593,18.81495156
915,65.03312,117.2029,19.48159465
916,66.77216,124.2843,19.59660076
917,68.91932,125.2193,18.5329532
918,71.22926,133.2256,18.45976402
919,71.10332,122.6042,17.04829351
920,69.80699,134.8652,19.45617221
921,67.09127,111.4506,17.40626977
922,67.27958,116.8458,18.14687669
923,71.86593,143.1527,19.48537501
924,67.20197,99.92383,15.55465518
925,68.44108,127.9232,19.19866062
926,67.20278,136.658,21.27237143
927,69.36588,145.3947,21.24281663
928,69.0416,126.6818,18.68305343
929,65.9056,128.1983,20.74879858
930,66.44766,122.8328,19.55736286
931,66.08009,133.2571,21.45381005
932,69.35367,116.7606,17.06525365
933,70.83359,144.0455,20.18257215
934,67.664,132.5153,20.3472637
935,65.30966,123.9832,20.4344673
936,66.66817,113.1423,17.89547621
937,66.93271,123.9512,19.45043158
938,67.73938,133.9787,20.52620442
939,64.27722,128.1519,21.80550776
940,66.83442,121.2878,19.08851206
941,65.89728,122.7107,19.86565005
942,67.6564,125.4136,19.26114892
943,68.68966,124.8761,18.60595295
944,66.08003,116.5903,18.77056226
945,66.91344,129.889,20.39393278
946,69.48392,123.889,18.03929037
947,68.60001,137.6571,20.56390473
948,69.21225,130.8805,19.20721222
949,67.63342,141.9706,21.81880923
950,65.73405,125.7334,20.45621139
951,66.09947,104.4108,16.7998264
952,67.65293,117.0685,17.98134435
953,67.59619,131.7669,20.27296253
954,69.57859,125.4738,18.22036735
955,66.08879,129.5734,20.85525857
956,70.08026,130.1053,18.62339714
957,65.00956,131.9305,21.94553032
958,69.16464,142.4645,20.93600154
959,69.61276,127.6431,18.51718486
960,71.48367,153.3153,21.09245541
961,69.47413,126.7609,18.46266566
962,69.0027,114.0258,16.83551026
963,69.5581,133.9684,19.46535257
964,68.63746,127.5869,19.03877508
965,67.20262,126.4859,19.68906217
966,66.07614,120.7651,19.44497732
967,66.18342,126.6479,20.32613975
968,70.80778,133.0747,18.65902145
969,67.158,125.9649,19.63402605
970,65.2973,121.3206,20.00319768
971,69.23494,129.7824,19.03358017
972,68.90768,130.0549,19.25514476
973,72.3478,123.4005,16.57378061
974,68.29557,137.2791,20.69067601
975,68.34735,127.7554,19.22610147
976,67.46476,133.6853,20.64833419
977,68.86803,113.9275,16.88684715
978,66.62471,135.6168,21.47821346
979,64.77193,122.6005,20.54347419
980,67.70647,118.9472,18.24102359
981,72.992,134.2703,17.71677856
982,70.95194,124.2747,17.35439584
983,67.95677,130.6981,19.89569626
984,67.20959,124.6797,19.40388006
985,66.36959,129.0839,20.60103945
986,67.63896,121.9456,18.73818909
987,69.74444,126.2689,18.24872552
988,68.17532,134.6122,20.36035645
989,66.89711,131.8476,20.71156142
990,67.4966,103.5828,15.9837684
991,66.51569,116.3925,18.49405396
992,66.88332,123.5095,19.40975453
993,69.7277,150.3395,21.737908
994,69.78345,135.2437,19.5239414
995,65.40046,112.4584,18.4835599
996,67.99831,137.4861,20.90344565
997,72.25581,132.7902,17.88034121
998,70.79562,126.0286,17.67712602
999,65.18786,141.3591,23.38544552
1000,67.7123,135.9065,20.83821054
1001,70.05146,134.6655,19.29200166
1002,67.30497,122.0232,18.93666363
1003,66.39813,128.3502,20.46633969
1004,69.73637,130.6354,18.88415385
1005,68.71659,131.717,19.60983574
1006,63.88437,108.6132,18.7089193
1007,68.40851,114.5673,17.21058929
1008,67.93251,133.5136,20.33880856
1009,70.69674,135.8641,19.11002545
1010,68.95083,148.1093,21.90073335
1011,66.49457,123.5179,19.63870564
1012,68.59369,120.8406,18.05509863
1013,66.26442,116.2666,18.61441943
1014,69.58656,123.8986,17.98750752
1015,67.35651,119.32,18.48882946
1016,69.68727,119.4097,17.28574212
1017,68.44046,124.5933,18.6992494
1018,68.47973,130.8802,19.62027979
1019,65.45463,118.2058,19.39605322
1020,66.8085,109.6357,17.26807304
1021,70.05212,140.2298,20.08875738
1022,67.43558,121.5764,18.79431104
1023,66.54306,98.30262,15.60683654
1024,67.32353,117.6173,18.24285355
1025,67.9725,136.5104,20.77086473
1026,69.03858,148.9791,21.9733853
1027,67.69453,123.9665,19.01745994
1028,69.30508,133.5957,19.55319208
1029,65.39643,117.2334,19.27074941
1030,68.35638,123.5943,18.59497746
1031,65.36888,117.7674,19.37484889
1032,68.36499,137.2321,20.64160794
1033,71.15702,129.1996,17.93828792
1034,69.25532,142.4032,20.87222718
1035,66.6984,128.4838,20.30359145
1036,69.17548,115.3008,16.93882507
1037,68.31559,119.5309,18.00511368
1038,67.81616,121.7224,18.60627529
1039,68.56123,142.8442,21.36292597
1040,66.23085,110.1171,17.64775366
1041,68.95099,122.0958,18.05406649
1042,67.86761,124.8188,19.05066837
1043,68.05498,119.3169,18.11079292
1044,67.73986,132.4571,20.29280013
1045,69.83641,133.0316,19.17548369
1046,70.68574,160.8831,22.63612758
1047,64.54385,119.127,20.10276499
1048,67.93112,138.516,21.10171323
1049,67.77291,124.8232,19.10461851
1050,69.41312,135.9744,19.83943706
1051,67.77213,116.2254,17.78910523
1052,67.79965,139.2002,21.28826562
1053,67.98313,137.983,20.98836441
1054,69.97983,144.5084,20.7444847
1055,63.83261,109.1938,18.83944482
1056,65.57212,127.228,20.80173576
1057,69.34307,124.5517,18.20953494
1058,67.28398,114.926,17.84638551
1059,68.7435,132.5027,19.71136832
1060,69.03112,125.3892,18.49803587
1061,69.64426,128.4988,18.62446219
1062,66.70052,117.7319,18.60334493
1063,67.9143,112.9531,17.21595117
1064,64.36849,126.1835,21.40973303
1065,65.87507,118.7934,19.24444798
1066,67.07427,125.4388,19.6008681
1067,69.34545,124.9451,18.2657964
1068,69.83212,145.5139,20.97728855
1069,66.10245,116.7836,18.78893098
1070,69.26205,132.5216,19.42009333
1071,68.33525,114.8933,17.2965885
1072,69.38017,122.8594,17.94291484
1073,69.12887,130.5782,19.20910308
1074,68.44658,119.1058,17.87247628
1075,66.34542,133.8204,21.37252104
1076,70.03275,128.5779,18.42974358
1077,70.16523,139.0179,19.85098872
1078,68.18324,101.2876,15.31638719
1079,70.12378,140.958,20.15182657
1080,68.4296,134.6146,20.20968234
1081,66.43974,129.9482,20.69520557
1082,71.72703,139.064,19.00222016
1083,70.72387,135.1996,19.00197303
1084,68.09022,129.682,19.66371405
1085,70.12976,129.1395,18.4590659
1086,66.05393,129.0051,20.78571083
1087,69.77059,112.7357,16.28065974
1088,68.15816,126.1123,19.08433608
1089,69.91372,118.3724,17.02475835
1090,65.34461,122.9731,20.24631109
1091,68.35621,130.3663,19.6139342
1092,64.50585,114.226,19.2984349
1093,67.95491,115.7854,17.62655507
1094,68.57621,137.9526,20.6223549
1095,68.12257,112.2435,17.00334935
1096,68.77583,137.237,20.39646293
1097,67.92593,124.9418,19.03671013
1098,69.1484,135.0961,19.86249796
1099,63.20539,114.4199,20.13486203
1100,69.2442,122.1823,17.91417519
1101,65.88645,129.375,20.95142041
1102,67.85186,129.9448,19.84224078
1103,65.57418,140.4557,22.96301749
1104,66.70819,120.8977,19.09919442
1105,69.172,129.159,18.97664063
1106,69.23593,137.1397,20.11200924
1107,67.57232,145.2218,22.35885092
1108,69.50518,140.0956,20.38663164
1109,70.60288,124.12,17.5046027
1110,66.54152,135.6875,21.5431761
1111,69.11494,127.756,18.8015113
1112,69.951,144.0475,20.69537001
1113,67.70347,131.9333,20.23428647
1114,69.19028,135.5263,19.90163379
1115,67.8047,151.3579,23.14412792
1116,67.62532,124.7073,19.17028349
1117,70.36898,135.274,19.2046831
1118,71.02595,136.5388,19.02730606
1119,69.8452,137.8778,19.86902424
1120,67.08638,114.2066,17.83930012
1121,68.62013,141.5844,21.13818316
1122,64.37275,111.0969,18.84747347
1123,65.93523,126.3868,20.4372281
1124,65.24285,132.8885,21.94708654
1125,70.51481,144.7904,20.47078103
1126,66.61129,108.3859,17.17245649
1127,67.13394,124.1348,19.36264137
1128,66.77634,129.4462,20.40795121
1129,67.69385,131.3339,20.14808324
1130,67.82809,111.6411,17.05926268
1131,66.63254,111.6422,17.67709817
1132,67.62229,140.3178,21.57189731
1133,69.66798,125.5286,18.18157799
1134,62.75039,114.49,20.44042972
1135,64.53878,113.998,19.24026521
1136,68.01929,117.1931,17.80709923
1137,66.38551,138.3156,22.06377896
1138,70.18724,122.3712,17.46297427
1139,64.646,132.9431,22.36339892
1140,67.48819,124.0449,19.14602743
1141,72.01807,144.1591,19.53954426
1142,66.61356,115.4581,18.29171572
1143,65.81803,116.5192,18.90876048
1144,71.16185,139.6139,19.38159544
1145,68.51977,133.2364,19.95016178
1146,64.96088,120.025,19.99508436
1147,66.88268,123.1111,19.34751548
1148,70.3531,132.8462,18.8685264
1149,67.71744,120.9359,18.53999031
1150,66.03333,129.7702,20.92203389
1151,68.9826,136.9118,20.22632992
1152,68.60237,131.121,19.58616184
1153,66.8408,133.484,21.00396369
1154,68.03659,136.3871,20.71302564
1155,64.79586,131.4559,22.01105663
1156,70.55126,126.1986,17.82380053
1157,68.28166,115.046,17.34677346
1158,68.77574,130.3178,19.36816699
1159,67.09315,131.6954,20.56693455
1160,70.14303,135.6519,19.38260572
1161,65.46833,120.3029,19.73189954
1162,69.02275,129.1442,19.056613
1163,74.24899,150.2167,19.15545364
1164,64.08575,120.2076,20.57615908
1165,67.57977,132.153,20.34224744
1166,69.19395,132.1247,19.40006086
1167,64.48615,119.5029,20.20230257
1168,68.75888,136.7629,20.33602366
1169,68.45184,147.7846,22.17247901
1170,66.44205,145.5992,23.18612999
1171,70.1756,124.9662,17.83921008
1172,67.1386,127.902,19.94748278
1173,66.91548,125.9147,19.76872067
1174,68.63357,109.6821,16.36883998
1175,66.95697,107.7733,16.89954148
1176,69.97351,134.1099,19.25523595
1177,66.92568,134.901,21.17312244
1178,68.76347,139.6364,20.76052826
1179,67.40692,127.0273,19.65365939
1180,65.74615,134.7717,21.91862866
1181,65.88357,99.97124,16.19109257
1182,66.77623,129.4522,20.40896439
1183,66.9622,129.3592,20.28117996
1184,63.46642,103.6594,18.09155984
1185,68.35224,115.7327,17.41429539
1186,64.43147,104.8874,17.76161963
1187,63.52175,131.0054,22.82441284
1188,66.86196,129.0709,20.29670112
1189,65.53651,102.5494,16.78501865
1190,71.82306,133.2257,18.15580575
1191,68.86538,146.3008,21.68703246
1192,70.79207,140.8125,19.75273835
1193,69.02139,132.4618,19.54693078
1194,67.3527,118.8437,18.41710945
1195,66.3294,133.4495,21.32358091
1196,67.75792,134.882,20.65328749
1197,68.64796,129.6789,19.34502838
1198,68.18784,136.7318,20.67335628
1199,71.53978,133.9981,18.40597233
1200,68.58959,128.1324,19.14687368
1201,71.33959,130.2482,17.99143637
1202,67.18757,130.2934,20.29083288
1203,67.70033,128.3208,19.68207182
1204,64.13048,134.0501,22.91360838
1205,69.90087,140.5808,20.22628737
1206,66.72044,115.1936,18.1913895
1207,69.3532,135.8445,19.85474783
1208,69.70788,142.8508,20.66684832
1209,67.73755,143.0931,21.92376046
1210,68.16879,114.9519,17.39002908
1211,71.94697,149.4261,20.29349129
1212,67.37481,132.0558,20.45114833
1213,65.34039,127.0174,20.9148666
1214,65.63768,103.3615,16.86582865
1215,68.91559,125.3216,18.55010186
1216,65.44571,130.6423,21.44256699
1217,68.11726,124.3662,18.84270935
1218,69.52284,140.6019,20.4499149
1219,69.40202,124.229,18.13151494
1220,70.00803,132.9642,19.07191647
1221,68.59817,130.2067,19.45197026
1222,64.76508,106.6241,17.87017851
1223,67.52805,108.9888,16.80230169
1224,66.71974,109.9473,17.36325739
1225,67.94808,124.363,18.93616966
1226,69.09682,131.5021,19.36296641
1227,70.04724,137.4264,19.68989677
1228,67.92097,116.0228,17.68035204
1229,67.99135,117.9061,17.93016436
1230,68.92023,116.7259,17.2754401
1231,66.75149,115.4633,18.21702113
1232,68.07152,129.9734,19.71872854
1233,68.75961,148.9128,22.14218858
1234,70.93048,126.0818,17.61740457
1235,68.29873,115.4952,17.4058006
1236,69.25316,158.7833,23.2745321
1237,68.39327,141.2064,21.22183672
1238,68.48007,129.838,19.46385008
1239,69.47286,137.0682,19.96464898
1240,66.33003,123.2428,19.69230231
1241,66.88679,117.9651,18.536518
1242,65.20091,102.4998,16.95005176
1243,68.37273,130.6338,19.64468383
1244,67.10601,144.6224,22.57709471
1245,62.64242,100.1982,17.95056781
1246,69.06906,120.2937,17.72683152
1247,71.15727,144.3108,20.03621134
1248,68.93324,114.8805,16.99590359
1249,68.10686,141.5328,21.45016847
1250,64.45765,114.6963,19.40688343
1251,65.96736,121.6607,19.65384053
1252,68.73038,119.3241,17.75767087
1253,70.53564,135.206,19.10442923
1254,67.40711,115.9409,17.93827084
1255,66.11309,123.2264,19.81911121
1256,69.47433,133.0619,19.38029177
1257,70.95476,136.3442,19.03833315
1258,65.56715,124.1401,20.29994226
1259,65.49243,116.2944,19.06039595
1260,68.89342,133.1669,19.72405141
1261,67.59755,137.941,21.22202314
1262,66.1724,133.3173,21.40366091
1263,68.70371,114.2219,17.01156723
1264,65.47651,137.6516,22.5717662
1265,67.72604,131.5375,20.16013996
1266,70.02202,137.2221,19.67479047
1267,69.72107,135.1331,19.54289856
1268,67.90954,113.9257,17.36662607
1269,65.61306,132.5883,21.65109883
1270,71.40631,133.5753,18.41655105
1271,66.27843,106.7793,17.08826498
1272,65.0276,95.18466,15.82438486
1273,65.68922,114.2675,18.61614876
1274,66.85743,126.4804,19.89203427
1275,68.23,126.7087,19.13423122
1276,66.12036,110.9096,17.83421693
1277,71.32591,132.3678,18.29123516
1278,70.2075,133.7174,19.07112143
1279,71.03619,144.0125,20.06301484
1280,68.18528,129.9098,19.64336935
1281,68.99195,106.5697,15.73954697
1282,67.95745,121.9433,18.56261341
1283,69.49971,118.1623,17.19761713
1284,67.12538,106.6739,16.64332078
1285,67.75678,128.444,19.66815532
1286,67.67958,127.4595,19.56195365
1287,64.71984,102.93,17.2751739
1288,69.72873,127.8299,18.48265103
1289,68.50234,139.7868,20.94163926
1290,70.56446,133.2813,18.81709166
1291,66.58715,120.2949,19.0731176
1292,63.80202,102.4047,17.68505264
1293,66.38836,134.2056,21.4063234
1294,66.7895,121.4804,19.14454961
1295,66.99003,108.2574,16.9587006
1296,72.61998,145.8469,19.4419704
1297,67.80601,114.9258,17.57261855
1298,68.63913,124.6757,18.60345465
1299,65.81803,113.619,18.43811541
1300,66.5755,126.2651,20.02671781
1301,66.40067,124.0382,19.7772479
1302,66.75992,120.554,19.01539428
1303,69.02475,124.4235,18.35895909
1304,70.24902,130.1726,18.54361339
1305,70.18308,137.2733,19.59189986
1306,67.63509,126.9051,19.50249863
1307,66.43547,118.2885,18.84073435
1308,67.50559,119.6817,18.46305654
1309,68.19559,134.332,20.30589909
1310,66.32293,120.0364,19.18407567
1311,70.33673,140.2713,19.93240943
1312,67.9766,139.4025,21.20835626
1313,66.07451,105.1086,16.92488297
1314,68.00118,140.3289,21.33386527
1315,65.48497,139.7691,22.91306715
1316,66.99532,118.4896,18.55866048
1317,69.89331,121.8301,17.53229257
1318,68.03229,130.3482,19.79840408
1319,70.00989,138.2214,19.82493728
1320,66.91337,119.9847,18.83889341
1321,71.43101,141.5275,19.49945972
1322,64.42386,128.0746,21.69326136
1323,68.63254,122.6639,18.30677947
1324,70.14808,135.5841,19.37012889
1325,69.94628,158.7993,22.81784704
1326,66.40808,103.1971,16.45057074
1327,65.27161,122.9332,20.28503966
1328,67.02796,119.343,18.67412546
1329,66.333,139.5722,22.29949205
1330,70.05322,124.1145,17.77958592
1331,71.49315,132.5483,18.23058571
1332,67.11911,116.0712,18.1128763
1333,72.52115,162.8737,21.77092706
1334,68.59945,131.1394,19.59057801
1335,66.72202,124.8745,19.71926463
1336,68.33163,123.738,18.63008584
1337,66.52804,119.0115,18.90317681
1338,69.80841,135.4606,19.54127188
1339,70.18855,139.6563,19.92889944
1340,67.70646,120.3449,18.45537186
1341,66.73552,113.0404,17.84328914
1342,68.37589,115.658,17.39101856
1343,68.14008,128.6282,19.4753934
1344,65.33269,96.52385,15.89750173
1345,68.27634,122.6695,18.49913643
1346,69.17767,129.3968,19.00846295
1347,66.47919,128.8422,20.49472137
1348,66.27731,133.0853,21.29882603
1349,67.80211,130.1248,19.89889596
1350,72.66613,138.9119,18.49399405
1351,70.62111,138.9252,19.5824613
1352,67.45131,105.9085,16.36459888
1353,68.51925,135.4393,20.28032098
1354,72.05853,147.3129,19.94459894
1355,64.71472,108.7636,18.25714001
1356,66.49054,128.9625,20.50685442
1357,71.9151,147.7867,20.0886383
1358,68.37932,128.5716,19.3308441
1359,69.44208,127.4285,18.57703735
1360,65.67788,128.9123,21.00929263
1361,67.97944,123.3621,18.76644082
1362,68.18702,122.0501,18.45397989
1363,67.96766,159.6644,24.29734285
1364,67.69418,121.5022,18.63960921
1365,66.85727,124.3686,19.5599974
1366,68.50423,130.5608,19.55840114
1367,66.46892,117.7781,18.7405626
1368,70.53609,147.1473,20.79145386
1369,68.60163,128.6512,19.21765076
1370,67.13712,115.6854,18.04298812
1371,63.82574,104.102,17.96481217
1372,67.39413,122.4406,18.95119636
1373,71.3131,124.6131,17.22583939
1374,67.98003,100.4089,15.2744236
1375,67.8037,131.8038,20.15470608
1376,71.05584,134.7575,18.76327806
1377,70.6785,148.5516,20.90537734
1378,69.45454,151.3435,22.05554632
1379,67.75404,121.4032,18.59152722
1380,66.37759,132.7138,21.17524525
1381,66.90907,118.1243,18.54917446
1382,67.36022,120.412,18.65598144
1383,70.03559,141.4458,20.27252283
1384,74.19488,129.0597,16.48155191
1385,68.44192,129.3121,19.40662979
1386,68.86465,148.5716,22.02411349
1387,66.41874,112.319,17.89893901
1388,68.58215,130.0932,19.4440948
1389,69.01529,123.1712,18.17916214
1390,64.12752,99.36058,16.98558674
1391,72.58824,139.1404,18.56419149
1392,69.53845,131.9771,19.18685944
1393,69.32255,127.7025,18.6812385
1394,67.26117,136.8449,21.26449662
1395,68.8089,126.4916,18.78139215
1396,65.83333,111.1847,18.03469106
1397,69.14631,128.5255,18.89759813
1398,66.76436,123.1419,19.42100923
1399,68.10866,141.374,21.42496886
1400,66.52579,127.0178,20.17622118
1401,66.72267,118.0513,18.64143175
1402,66.66847,115.3536,18.24506861
1403,66.13808,136.9275,22.00608762
1404,68.04169,126.5685,19.21899945
1405,67.37032,129.216,20.01402314
1406,68.37927,142.1694,21.37531559
1407,68.64261,136.578,20.37738717
1408,67.06567,121.962,19.06247676
1409,69.29222,146.9053,21.50917922
1410,69.97624,142.657,20.48081364
1411,68.36664,140.2292,21.09139518
1412,68.2079,109.8398,16.59761557
1413,67.34824,134.8916,20.90680793
1414,65.91384,127.6066,20.64786896
1415,67.37608,108.9719,16.87556681
1416,70.77374,138.4284,19.428364
1417,72.8469,151.4509,20.06342317
1418,64.95583,130.0036,21.66079692
1419,68.67514,113.0897,16.85696054
1420,68.73548,129.1464,19.21656193
1421,67.33471,133.1919,20.65166879
1422,66.68746,124.866,19.73836484
1423,65.85168,121.4815,19.6939011
1424,70.81582,137.8631,19.32603618
1425,65.09564,125.8314,20.87567616
1426,70.61931,135.3299,19.07665151
1427,67.96031,107.3931,16.34635782
1428,70.68803,144.1915,20.28631794
1429,66.34093,100.5991,16.06890598
1430,71.98092,130.1721,17.66194182
1431,70.17314,140.8988,20.1150353
1432,70.63179,143.6734,20.24562877
1433,64.87469,90.29334,15.08205263
1434,69.62426,130.4148,18.91302602
1435,65.17407,123.8754,20.50173943
1436,69.09608,154.0757,22.68729174
1437,71.81975,137.4948,18.7393197
1438,68.66104,141.8174,21.14774618
1439,67.17895,126.8401,19.75811358
1440,68.00257,131.9545,20.05990528
1441,70.77144,120.9803,16.98063463
1442,68.82564,119.7816,17.77644518
1443,70.04554,127.7472,18.30398872
1444,68.95339,134.2469,19.84944398
1445,64.41355,108.5235,18.38758304
1446,63.82854,125.0611,21.57981654
1447,68.3559,123.0197,18.50878783
1448,69.25516,129.8861,19.03766708
1449,73.38109,154.8178,20.21193532
1450,69.36199,151.9248,22.19938326
1451,70.71977,135.6969,19.07407879
1452,67.59075,127.2047,19.57419688
1453,70.98644,137.876,19.23504502
1454,67.73825,124.4771,19.07114823
1455,71.10527,154.6002,21.49620508
1456,71.95975,134.0699,18.20150581
1457,65.74155,117.4639,19.10644386
1458,65.64344,128.3519,20.93991735
1459,68.37038,118.1031,17.76154068
1460,70.50701,127.8238,18.07600503
1461,66.43263,129.914,20.69418788
1462,66.60278,131.3221,20.81174184
1463,68.03472,128.1544,19.46380044
1464,69.83384,122.8347,17.70698207
1465,68.22043,143.5868,21.68907032
1466,67.78035,106.5681,16.30703238
1467,67.1894,124.9457,19.45696572
1468,66.17013,113.6761,18.25158203
1469,65.98555,105.4988,17.03354973
1470,70.37458,125.3804,17.79726816
1471,66.98272,120.0159,18.80479282
1472,69.07135,135.0513,19.90023502
1473,64.39778,112.0501,18.99440883
1474,70.30031,126.6445,18.01470599
1475,68.46686,126.7371,19.00633014
1476,68.07287,138.6844,21.03947093
1477,69.65267,143.346,20.77138071
1478,67.85116,124.6758,19.03807068
1479,68.81195,119.2154,17.6994575
1480,68.88093,129.5162,19.19028455
1481,71.2914,141.2136,19.53248786
1482,64.93822,124.9304,20.82680713
1483,64.39593,117.6936,19.95222497
1484,67.61191,128.117,19.70224323
1485,65.36431,125.507,20.65103923
1486,68.57192,139.9115,20.91780539
1487,69.63015,132.5572,19.22046921
1488,64.66196,129.5233,21.77737335
1489,71.18005,139.3905,19.3406882
1490,65.6959,121.712,19.82495411
1491,66.05318,122.7607,19.78004247
1492,67.04924,117.4026,18.35884355
1493,68.42541,135.9146,20.40735031
1494,68.54306,123.838,18.53029258
1495,65.95454,102.8468,16.62098345
1496,66.95297,119.3281,18.71364372
1497,64.91704,104.4281,17.42028608
1498,66.59452,129.2376,20.48647431
1499,68.17706,138.2296,20.90642804
1500,69.573,138.6461,20.13638571
1501,71.65878,130.4121,17.85395326
1502,65.06775,124.4317,20.6611638
1503,66.85523,127.9011,20.11679685
1504,67.84366,125.2683,19.13277528
1505,69.22848,121.1672,17.77341185
1506,69.75159,128.1437,18.51588014
1507,67.48764,121.494,18.7526079
1508,68.12465,129.3746,19.59727906
1509,68.50207,127.4765,19.09756802
1510,67.50188,113.1406,17.45589277
1511,68.83511,132.5812,19.67058378
1512,65.40895,110.5741,18.16914049
1513,68.31175,139.194,20.96935238
1514,68.78411,128.757,19.13153998
1515,65.39974,132.9714,21.85553906
1516,66.754,125.0153,19.72258805
1517,65.37482,95.80713,15.75912656
1518,70.65043,152.9084,21.53560367
1519,70.97634,121.217,16.91576548
1520,66.75895,127.448,20.10339264
1521,66.26857,120.2754,19.2538213
1522,67.34174,127.4945,19.76414848
1523,67.39093,111.026,17.18609148
1524,71.04158,153.5447,21.38774176
1525,63.7418,110.9415,19.1955567
1526,66.91954,121.0967,19.00998348
1527,65.84956,123.5086,20.02381246
1528,67.03723,116.363,18.20279646
1529,67.92717,134.9384,20.55908768
1530,66.72742,113.8451,17.97467313
1531,66.34696,113.0531,18.05492729
1532,66.53015,127.5692,20.2611528
1533,68.60951,125.1506,18.69044432
1534,66.11208,115.4493,18.5688491
1535,67.01143,138.9409,21.75142235
1536,70.45763,133.292,18.87571225
1537,65.3277,130.5079,21.49796691
1538,67.28212,114.2578,17.74360448
1539,70.37548,137.6167,19.53366451
1540,68.04608,114.5218,17.38750499
1541,70.36839,139.4884,19.80332835
1542,68.38089,124.6962,18.74731368
1543,67.78852,130.045,19.89466724
1544,69.77907,141.782,20.47038776
1545,69.59613,125.4556,18.20854298
1546,67.9806,119.1796,18.12955991
1547,65.84256,107.0361,17.35690096
1548,66.99247,125.3591,19.6362797
1549,63.54764,115.7565,20.15124387
1550,71.50943,128.7986,17.70678993
1551,69.94093,129.3747,18.59267488
1552,71.21029,145.662,20.1937086
1553,71.56281,123.6062,16.96761532
1554,65.31159,124.6278,20.539494
1555,65.18491,122.7439,20.30771701
1556,65.25283,120.2892,19.86018356
1557,67.46596,128.6295,19.86673494
1558,67.27426,111.5271,17.32358917
1559,64.97376,117.7437,19.60726435
1560,64.60687,109.4645,18.4361919
1561,69.736,132.9405,19.21757422
1562,67.7749,124.1881,19.00629811
1563,69.30528,136.8094,20.02343666
1564,71.38338,143.1901,19.75486661
1565,65.60915,117.3002,19.15690101
1566,66.23041,130.8166,20.96540688
1567,66.53307,137.4417,21.82723462
1568,67.51649,128.97,19.88952045
1569,67.72325,114.6422,17.57212378
1570,68.57113,138.4685,20.70254322
1571,66.23808,123.19,19.73855288
1572,67.75308,121.9934,18.68243909
1573,68.2829,149.3778,22.5225453
1574,68.40175,137.21,20.61610719
1575,66.09433,138.6653,22.31488801
1576,70.03545,118.8309,17.03134179
1577,65.46717,116.7297,19.14650718
1578,66.46693,131.5675,20.9359517
1579,67.85512,129.5762,19.78405537
1580,70.36596,131.4946,18.66972879
1581,68.09483,125.1984,18.98129434
1582,70.06267,131.8467,18.88214037
1583,67.65661,121.0286,18.58758075
1584,69.08508,121.8685,17.95057072
1585,68.40932,147.9118,22.21915815
1586,69.12972,130.6309,19.2163831
1587,67.97094,139.9751,21.29901696
1588,67.62895,126.6522,19.46716786
1589,66.80442,116.7992,18.39860085
1590,68.57388,132.4308,19.79825353
1591,67.45375,130.6493,20.18599749
1592,68.6366,132.6351,19.79257367
1593,65.92344,124.4934,20.13825937
1594,70.69799,129.6396,18.23387084
1595,68.09362,131.2952,19.90633592
1596,69.50493,121.3845,17.66393013
1597,67.03953,116.8423,18.27651977
1598,69.04839,143.4353,21.14970226
1599,70.66314,140.0996,19.72451606
1600,67.94574,127.1524,19.36223207
1601,68.5127,116.4033,17.43325376
1602,68.81282,145.5938,21.61521175
1603,67.15097,136.0613,21.21218276
1604,68.34367,126.2249,18.99781996
1605,67.38561,130.9905,20.27966594
1606,64.88607,131.7105,21.9924079
1607,65.5339,125.1818,20.49106301
1608,69.3919,147.0456,21.46791173
1609,66.46889,109.3503,17.39956742
1610,63.25683,120.7578,21.21561711
1611,67.61546,112.4772,17.29528837
1612,69.88085,138.4517,19.93137498
1613,70.15703,136.7186,19.52722528
1614,70.61107,136.0144,19.17761651
1615,71.3845,148.7104,20.5158173
1616,66.53779,120.4476,19.12567325
1617,71.05961,133.5431,18.59221527
1618,67.63928,140.0484,21.5196659
1619,63.8441,129.0091,22.25021092
1620,66.79275,121.0921,19.0814989
1621,68.61061,125.6694,18.767322
1622,70.40975,117.6691,16.68599665
1623,65.20379,133.959,22.1503984
1624,69.08499,121.968,17.96527334
1625,68.29678,135.3754,20.40302779
1626,65.83832,111.6269,18.10367349
1627,67.18313,117.3099,18.27130313
1628,67.87544,131.75,20.10391471
1629,67.51672,130.3517,20.10246676
1630,67.98827,124.7463,18.97208306
1631,70.33848,127.5476,18.12348272
1632,67.29728,118.5713,18.40517214
1633,65.95685,118.7344,19.18722086
1634,65.2832,117.239,19.33857914
1635,71.86035,127.4872,17.35574464
1636,67.32069,128.9596,20.00377151
1637,68.52503,147.7036,22.1130138
1638,69.74627,132.158,19.09883203
1639,65.75926,129.6624,21.07926901
1640,67.26104,142.583,22.15623266
1641,67.59186,123.1966,18.95680978
1642,65.54701,114.619,18.7545293
1643,70.57745,134.1679,18.93529263
1644,64.93595,129.3978,21.57306343
1645,69.85715,133.0797,19.17102843
1646,70.81884,130.0722,18.23233086
1647,68.30112,139.2852,20.98962341
1648,67.54828,131.5521,20.26863586
1649,71.89737,135.3276,18.40414712
1650,68.81871,130.5668,19.38094862
1651,68.57948,144.8947,21.65805486
1652,66.01716,121.8662,19.6573477
1653,67.25756,110.649,17.19572942
1654,70.5545,150.0971,21.19718496
1655,66.29452,123.8581,19.81182475
1656,68.57082,128.4226,19.20074577
1657,68.60497,125.197,18.69984858
1658,67.99508,129.7427,19.72800995
1659,66.12931,125.7215,20.21049249
1660,66.41232,132.001,21.03949167
1661,68.42482,140.054,21.02923696
1662,66.80813,114.1178,17.97422129
1663,67.72371,116.1322,17.80026614
1664,70.99035,117.7071,16.41947816
1665,67.56098,131.2855,20.21995601
1666,69.12684,113.6105,16.7139996
1667,67.97635,144.7629,22.02403644
1668,66.30036,141.6047,22.6465067
1669,69.30957,140.0213,20.49099378
1670,65.63213,108.4237,17.69483637
1671,66.22333,117.2512,18.7953575
1672,66.74595,126.77,20.00423638
1673,69.66252,135.074,19.56720182
1674,68.21548,132.0189,19.94461035
1675,69.28403,109.2101,15.99380688
1676,69.64359,127.8589,18.53207242
1677,71.48035,122.0737,16.79593141
1678,69.37451,137.6851,20.11140501
1679,65.19039,127.5918,21.10624285
1680,64.02516,111.5819,19.13584887
1681,66.58522,121.3966,19.24891126
1682,65.81355,138.8427,22.53449038
1683,66.10408,116.5048,18.74315139
1684,68.56408,137.4424,20.55335622
1685,67.89191,121.9768,18.60357918
1686,71.42475,116.8105,16.09680749
1687,65.98772,126.0482,20.35006156
1688,70.95594,114.7284,16.01949224
1689,64.37344,126.7487,21.50232409
1690,69.76692,131.342,18.96967319
1691,66.46755,119.0926,18.95050379
1692,67.76109,137.8646,21.10801156
1693,71.17728,129.5914,17.98244461
1694,67.31413,128.105,19.87508211
1695,70.22181,137.4504,19.59554263
1696,69.28985,129.6324,18.98146132
1697,66.35778,133.4823,21.31058196
1698,69.27648,124.7911,18.27962628
1699,66.3778,113.9428,18.18010989
1700,63.24012,116.8399,20.53814099
1701,69.18211,138.7521,20.38014562
1702,69.11432,125.4607,18.46404936
1703,67.48024,130.5948,20.16173827
1704,69.75327,134.2699,19.40013922
1705,69.62313,143.4724,20.80734178
1706,65.95463,142.254,22.98948462
1707,68.89125,139.8464,20.71469228
1708,67.23829,132.4897,20.60175043
1709,67.73728,138.5529,21.22831084
1710,68.72443,123.1153,18.32504542
1711,65.20195,132.6998,21.9434255
1712,66.2865,106.6149,17.05780134
1713,68.01878,134.9917,20.5118445
1714,66.89261,130.92,20.5686145
1715,67.79814,122.4887,18.73336485
1716,66.6555,136.0645,21.52921397
1717,69.77338,119.5334,17.26096509
1718,68.42446,117.7405,17.67903043
1719,65.55531,115.5734,18.90590468
1720,68.34513,104.7006,15.75757372
1721,66.26115,123.6592,19.79993751
1722,66.40599,138.5289,22.08417599
1723,68.64386,132.2257,19.72730713
1724,68.70476,117.2914,17.46818736
1725,68.03119,141.6933,21.52229127
1726,66.25774,129.6313,20.75830863
1727,64.0967,94.51219,16.1723008
1728,67.0669,120.6412,18.85534608
1729,65.80509,121.3762,19.7047027
1730,68.05092,133.2667,20.23060948
1731,67.52718,127.9032,19.71875578
1732,66.35888,123.3962,19.69967294
1733,70.87196,136.9675,19.17008183
1734,68.29448,114.1357,17.20305693
1735,67.0344,118.0845,18.47365237
1736,70.91179,121.8608,17.03658143
1737,68.77458,145.5199,21.62827181
1738,68.8064,128.9862,19.15318051
1739,66.80841,110.4729,17.39998236
1740,65.02676,126.9126,21.09967837
1741,71.83389,141.1132,19.22490466
1742,67.41125,138.183,21.37692244
1743,68.8635,132.6335,19.6621213
1744,66.39633,127.2025,20.28443065
1745,67.90122,146.2561,22.30047731
1746,69.04019,141.6517,20.89167014
1747,66.26552,126.5209,20.25547243
1748,68.4645,121.554,18.23029507
1749,66.8815,116.5904,18.32340192
1750,71.36376,139.0275,19.1911319
1751,66.06344,116.2031,18.71762192
1752,66.64834,115.7431,18.31773455
1753,67.3297,116.8138,18.11490739
1754,68.20575,138.6574,20.95349147
1755,69.59793,108.5229,15.75012736
1756,67.50819,133.6747,20.62014026
1757,68.00385,128.0916,19.47192885
1758,69.51431,128.6687,18.71887764
1759,68.00582,115.4484,17.54894772
1760,67.59357,125.0018,19.23361075
1761,69.78942,136.4816,19.69927542
1762,72.36491,121.9301,16.36854974
1763,68.13393,126.8874,19.21529001
1764,67.83776,119.9595,18.32512618
1765,68.87619,142.2743,21.08354095
1766,66.04124,129.9792,20.95071006
1767,65.81569,131.1604,21.28625106
1768,69.22762,128.8601,18.90231459
1769,64.72395,111.9433,18.78552786
1770,68.48588,132.3867,19.84255536
1771,68.28041,134.2844,20.24830377
1772,65.5087,127.6919,20.91802665
1773,66.73361,114.5415,18.08127091
1774,69.20114,138.1499,20.28053474
1775,71.44618,140.358,19.33011641
1776,70.08869,125.9099,18.01852839
1777,69.6745,134.4383,19.4684159
1778,71.68575,136.6572,18.69485825
1779,71.09849,123.5248,17.17863808
1780,67.65215,130.345,20.02103363
1781,70.41131,149.8413,21.2472148
1782,68.33638,115.5647,17.39708891
1783,64.72321,109.6661,18.40380519
1784,64.6035,108.8823,18.34005006
1785,66.92416,112.3914,17.64097353
1786,68.46553,130.0139,19.49849817
1787,67.19789,136.8066,21.29860218
1788,67.78929,111.1892,17.00966498
1789,66.6783,119.3179,18.86652384
1790,67.38496,120.1224,18.59744898
1791,68.00018,124.093,18.8661153
1792,65.27378,117.8442,19.44401783
1793,69.14142,142.1545,20.90447898
1794,67.46178,122.3342,18.89677183
1795,68.87277,115.7081,17.14841506
1796,68.02365,136.5833,20.7507149
1797,70.33914,120.5965,17.13546604
1798,68.05498,121.269,18.40709696
1799,66.63059,133.5937,21.15407236
1800,66.23781,127.541,20.43587383
1801,70.68625,139.1153,19.57313254
1802,67.92487,140.4052,21.39345292
1803,67.98283,124.3543,18.91549249
1804,67.83966,136.9707,20.9226011
1805,70.87256,136.9799,19.17149273
1806,68.67371,129.9913,19.37709157
1807,65.63433,113.6199,18.54161739
1808,66.98566,127.6126,19.99333305
1809,69.39665,117.966,17.22008006
1810,67.97483,127.2407,19.35909783
1811,69.02449,123.8412,18.27317712
1812,65.06479,121.2687,20.13779809
1813,68.67376,118.5378,17.66975529
1814,67.57063,115.4182,17.77107443
1815,66.86965,131.2651,20.63699688
1816,66.42749,110.3212,17.57594224
1817,68.42186,129.2128,19.40309949
1818,69.83543,140.8802,20.30736905
1819,66.38544,121.1068,19.31871243
1820,69.67951,134.4281,19.46413954
1821,66.10079,116.2489,18.70384424
1822,65.82617,117.8009,19.1120274
1823,68.71368,126.455,18.82803144
1824,71.38503,137.1076,18.91483517
1825,69.73254,152.1776,22.00062843
1826,68.37367,128.6175,19.34094125
1827,65.05453,113.9725,18.93216638
1828,64.38195,105.9582,17.97056138
1829,69.22384,134.3052,19.70320061
1830,66.67906,132.4565,20.94351936
1831,69.15689,134.3756,19.75171598
1832,67.53215,146.8833,22.64157287
1833,70.71198,131.2724,18.45621982
1834,69.06844,132.9619,19.5940063
1835,66.36641,140.4684,22.42008781
1836,69.74416,144.838,20.93255053
1837,69.72221,129.261,18.69306634
1838,67.005,138.036,21.61390647
1839,68.39904,125.5747,18.86937266
1840,65.72237,129.4743,21.07232543
1841,70.41527,129.4677,18.3562118
1842,66.08413,105.1944,16.93376748
1843,66.34093,125.2679,20.00930532
1844,65.25134,128.237,21.17336114
1845,67.53562,123.3362,19.00991199
1846,68.21037,110.8623,16.75090975
1847,67.41542,114.4586,17.7045652
1848,69.8279,137.2435,19.78741888
1849,66.30495,125.8706,20.12740213
1850,69.06175,140.8451,20.75973997
1851,69.64603,131.2554,19.02303354
1852,70.75572,140.12,19.67579751
1853,67.51414,138.8613,21.41642969
1854,67.50856,117.374,18.1054591
1855,67.30225,109.9978,17.07183314
1856,67.76966,129.4122,19.80888048
1857,70.13058,135.1643,19.31979275
1858,66.28125,108.1378,17.30419795
1859,72.48112,146.3046,19.5777832
1860,66.93464,127.6499,20.02967673
1861,67.24385,133.5096,20.75690886
1862,69.30013,124.8396,18.27425139
1863,71.68649,123.4209,16.88376898
1864,69.69329,125.1731,18.11692138
1865,68.22858,116.5013,17.59354804
1866,70.77195,124.5635,17.48331585
1867,69.63875,132.8562,19.25906582
1868,67.5239,124.2136,19.15179294
1869,70.26869,137.6254,19.59432039
1870,67.32622,112.2365,17.40688164
1871,65.82766,117.92,19.13048413
1872,67.28046,107.1366,16.63854251
1873,68.47687,127.8631,19.16958683
1874,66.16499,119.5914,19.20431287
1875,71.12585,129.7663,18.03276437
1876,67.51094,126.2753,19.47715068
1877,67.98365,120.6916,18.35791751
1878,70.76255,147.2496,20.67295214
1879,68.13751,123.8089,18.74712489
1880,69.7139,124.9097,18.06811026
1881,69.28011,129.2576,18.93190322
1882,67.72134,133.2142,20.41995404
1883,71.35771,134.9818,18.63582964
1884,65.01169,115.4612,19.20474214
1885,66.57282,114.2201,18.11773709
1886,66.2121,126.4372,20.27474824
1887,68.42587,121.5315,18.24750651
1888,68.25899,137.3384,20.72180549
1889,71.66231,130.1496,17.81626058
1890,70.73674,149.3463,20.98261977
1891,68.81489,131.8088,19.56747967
1892,67.8052,124.5172,19.0396372
1893,67.28023,124.094,19.27219467
1894,75.1528,146.9701,18.29338114
1895,70.18385,135.8346,19.38614054
1896,70.11018,121.4131,17.36435711
1897,67.55479,131.3549,20.23435227
1898,65.19685,135.1309,22.34893168
1899,71.09811,141.27,19.64667939
1900,63.42211,106.4187,18.59909879
1901,69.87338,140.1507,20.18027556
1902,67.2773,140.0055,21.74519538
1903,66.189,124.8413,20.03281443
1904,65.71651,134.9238,21.9631641
1905,68.09428,136.0939,20.63349135
1906,69.12266,133.6055,19.65797493
1907,69.44989,114.209,16.64610116
1908,67.09671,144.4419,22.555168
1909,68.50605,127.578,19.11055326
1910,68.14059,114.5292,17.34042641
1911,66.53479,118.9804,18.89440276
1912,67.30796,118.8584,18.44388259
1913,66.46388,114.4406,18.21226956
1914,68.23072,117.1258,17.68674795
1915,70.06314,139.3579,19.95757289
1916,69.26881,141.7621,20.77016801
1917,70.1554,117.3159,16.75675776
1918,66.0776,136.9107,22.04368491
1919,68.95747,130.915,19.35450626
1920,66.76727,124.4251,19.62167533
1921,69.8097,141.0605,20.34835007
1922,67.93231,125.3143,19.08987972
1923,69.44794,151.3939,22.0670849
1924,71.14183,118.1643,16.41313519
1925,66.84818,114.446,18.00432185
1926,67.75431,118.5776,18.15867381
1927,70.83193,129.1185,18.09196114
1928,69.21843,126.5898,18.57421849
1929,68.20571,133.0472,20.10571842
1930,67.32344,133.0028,20.62925343
1931,67.46411,130.5289,20.1612016
1932,67.70673,110.4494,16.93772226
1933,68.5877,131.6199,19.6690961
1934,70.18028,142.8787,20.39354013
1935,69.85138,137.0263,19.74282404
1936,68.82396,141.9518,21.06768974
1937,68.58454,123.7734,18.49823046
1938,66.17491,121.7871,19.55104141
1939,68.29599,112.7853,16.99876674
1940,66.01446,121.0144,19.52154682
1941,70.42725,124.4965,17.64537961
1942,65.95003,125.2296,20.24101672
1943,67.28507,121.1903,18.81853315
1944,70.23598,140.1737,19.97572585
1945,66.37594,136.5133,21.78256011
1946,65.72229,124.2645,20.2244643
1947,72.69022,150.1384,19.97538423
1948,65.52858,107.7887,17.64684395
1949,68.71508,128.8673,19.18641975
1950,69.34245,133.2224,19.4775449
1951,67.38242,125.7706,19.47337598
1952,68.05083,130.8925,19.87024557
1953,69.86498,151.5925,21.83302752
1954,64.51717,114.9571,19.41513909
1955,69.20595,139.6118,20.4922942
1956,67.98607,127.7814,19.43493502
1957,70.14776,139.3701,19.91119482
1958,70.4986,130.907,18.51642797
1959,66.86758,134.945,21.21685023
1960,68.64908,104.7127,15.62015144
1961,67.91149,113.4475,17.29273701
1962,69.24385,116.3492,17.05910776
1963,64.48072,109.5586,18.5243101
1964,71.64447,126.9269,17.38375729
1965,70.04642,146.8967,21.04725568
1966,68.12343,126.8031,19.20844388
1967,65.23383,122.345,20.21137199
1968,68.27239,127.8701,19.28564273
1969,66.17894,124.9103,20.04998089
1970,65.83059,123.0154,19.95534834
1971,65.62889,107.4306,17.53449281
1972,70.92752,111.6473,15.60177463
1973,69.29069,130.6183,19.12535829
1974,69.91684,132.766,19.09319522
1975,72.73301,125.9357,16.73559139
1976,68.44904,113.1008,16.97017336
1977,66.49335,123.1309,19.57789304
1978,72.21533,122.7007,16.54030696
1979,69.53524,139.1563,20.23244097
1980,64.79882,122.5688,20.52112021
1981,67.38254,126.915,19.6504963
1982,67.65345,131.7026,20.22878399
1983,70.01257,144.6798,20.74966956
1984,66.05945,133.332,21.47928456
1985,65.21051,109.8084,18.15330461
1986,68.39529,132.9511,19.97997172
1987,63.99095,123.6623,21.23027058
1988,70.31847,120.0304,17.06505738
1989,70.15159,123.1364,17.59003647
1990,68.01671,122.7495,18.65279059
1991,68.06098,125.8274,19.09563705
1992,66.98618,117.2347,18.36712058
1993,68.8061,142.7741,21.20073276
1994,70.30067,114.5538,16.29468229
1995,65.68106,111.1723,18.11638784
1996,69.27665,141.7056,20.757191
1997,71.68898,126.5743,17.31394593
1998,67.17092,148.2722,23.1021534
1999,69.24215,132.6836,19.45501108
2000,68.73563,126.8221,18.87063133
2001,69.00812,125.4763,18.52322648
2002,68.69462,130.1342,19.38658531
2003,68.53874,123.2715,18.44785062
2004,67.68634,129.9806,19.9448971
2005,69.60608,138.6734,20.12121196
2006,68.91393,130.7056,19.34797356
2007,66.17148,113.3707,18.20180497
2008,67.46209,139.6833,21.57646178
2009,72.83513,148.8002,19.71864374
2010,64.01976,90.91793,15.59469125
2011,68.02868,123.7533,18.79870901
2012,68.51623,132.4995,19.84187217
2013,70.88524,131.3128,18.3717598
2014,65.29862,116.5172,19.21044205
2015,65.7635,109.1144,17.73648502
2016,65.46143,129.339,21.21845937
2017,65.99098,114.6394,18.50632026
2018,65.57951,136.1447,22.25459676
2019,69.70616,144.5925,20.91986001
2020,66.1974,107.9777,17.32237887
2021,68.23074,122.0759,18.43423404
2022,65.97964,123.3232,19.91499617
2023,71.26857,133.6208,18.49410432
2024,72.01497,159.2724,21.58988262
2025,68.93137,148.7762,22.01177002
2026,67.36601,120.2868,18.63338021
2027,70.12256,110.3036,15.76991986
2028,68.84918,137.6134,20.40884869
2029,67.62215,132.4802,20.36706037
2030,67.13659,136.4192,21.27709172
2031,70.39143,137.2703,19.47566662
2032,68.68117,134.8569,20.09801322
2033,66.92629,118.8555,18.65439234
2034,69.87266,144.0381,20.74044906
2035,67.94061,128.518,19.57313537
2036,68.495,125.988,18.87846881
2037,69.45516,121.0884,17.64610396
2038,67.72991,125.3854,19.21504022
2039,69.85473,141.3991,20.37090547
2040,66.63111,141.1397,22.34860495
2041,66.36326,116.8585,18.65349472
2042,68.2269,131.1664,19.80918675
2043,68.40577,134.5811,20.21873253
2044,68.44489,133.1242,19.9770003
2045,70.94089,137.7195,19.23789265
2046,69.65687,130.2491,18.87131416
2047,65.06613,109.5825,18.19644613
2048,71.81628,142.8719,19.47405241
2049,65.92674,101.6217,16.43684951
2050,66.52018,112.3553,17.8501577
2051,70.52744,131.0845,18.52637398
2052,66.25032,131.0484,20.98993469
2053,64.72936,111.5548,18.71720344
2054,63.79906,110.8498,19.14527809
2055,65.38373,127.4708,20.96170725
2056,65.57359,107.7067,17.60922015
2057,66.57608,115.1232,18.25919965
2058,67.28745,112.1197,17.40881106
2059,66.14358,128.0777,20.58038289
2060,66.11741,119.4651,19.21165197
2061,67.68233,124.5983,19.12127466
2062,68.74723,126.0285,18.74621891
2063,66.5915,111.3977,17.66013235
2064,65.01782,127.722,21.2400839
2065,69.28345,124.8207,18.28028355
2066,67.19343,122.9788,19.14837632
2067,69.81336,117.7117,16.97844359
2068,66.55388,120.7289,19.16107232
2069,66.14617,121.3302,19.49462265
2070,69.93036,146.6089,21.07580309
2071,66.70056,126.013,19.91185475
2072,67.68095,128.1474,19.66673347
2073,67.87796,129.5415,19.76544896
2074,67.65549,121.5145,18.66282319
2075,71.1713,157.9626,21.92299078
2076,69.01806,127.8941,18.87471226
2077,70.58265,127.1594,17.9435296
2078,70.89693,140.8109,19.69412727
2079,68.51895,140.1451,20.98513873
2080,66.61835,132.7723,21.031733
2081,66.07169,116.0089,18.68167459
2082,68.1535,121.2886,18.35688472
2083,72.89832,147.5384,19.51755244
2084,69.90164,138.8642,19.97886864
2085,66.50525,120.8563,19.20935394
2086,69.27168,125.8179,18.43258802
2087,70.53643,135.3753,19.12792263
2088,65.1243,107.6247,17.83943693
2089,70.34418,122.9851,17.47235644
2090,69.13083,131.7164,19.37544273
2091,65.21067,110.3376,18.24070138
2092,67.08781,100.2532,15.65908345
2093,64.65639,106.579,17.9227258
2094,66.28071,121.223,19.39840618
2095,71.30341,130.5588,18.05264637
2096,66.91234,132.6182,20.82313037
2097,70.84318,132.613,18.57570604
2098,66.65796,117.8331,18.64311986
2099,64.54303,94.29987,15.9135737
2100,66.43942,125.1826,19.9364408
2101,66.60747,125.3684,19.86540999
2102,66.38807,117.4577,18.73513086
2103,66.85611,130.8168,20.57484816
2104,68.50863,128.3144,19.21941467
2105,63.45049,118.4083,20.67604698
2106,67.54653,129.4669,19.9483963
2107,65.41398,116.7348,19.17849488
2108,66.91885,146.8505,23.05333793
2109,67.59652,120.2168,18.49574427
2110,67.05552,136.2774,21.30640092
2111,68.00153,130.1697,19.78918281
2112,70.33681,134.8282,19.15890686
2113,69.10376,126.2799,18.59029141
2114,68.12704,142.6738,21.61028594
2115,67.5512,121.2891,18.6857684
2116,68.78357,111.1965,16.52254781
2117,66.62497,130.424,20.65564627
2118,67.88387,138.8309,21.17913789
2119,67.75152,125.105,19.15984124
2120,68.3286,141.6323,21.3261563
2121,71.05207,149.779,20.85704517
2122,68.11943,118.6268,17.97198841
2123,66.44223,119.4357,19.01958707
2124,71.4563,134.9113,18.57473398
2125,68.60548,133.1629,19.88936671
2126,70.82734,147.2884,20.64058519
2127,68.89076,117.6717,17.43032163
2128,67.15411,122.843,19.1496369
2129,68.76271,125.7926,18.70270613
2130,70.53185,143.2531,20.24364923
2131,66.47953,127.2118,20.23516929
2132,67.94262,113.7238,17.31897191
2133,68.79538,130.932,19.44834183
2134,69.95518,129.5075,18.60417809
2135,69.99489,157.6149,22.61621505
2136,66.55505,125.4636,19.91182386
2137,65.14815,105.3601,17.45128149
2138,70.40094,130.4476,18.50267423
2139,68.32002,152.0527,22.90094964
2140,65.60842,143.9545,23.51047547
2141,70.63864,136.1993,19.18869952
2142,65.08404,117.4157,19.48643934
2143,64.31842,114.5616,19.46810415
2144,66.0525,115.1065,18.54712736
2145,67.35994,121.8544,18.87961602
2146,70.1376,150.2085,21.46584714
2147,67.49796,122.1628,18.8500718
2148,67.1125,115.5902,18.04136971
2149,67.27925,133.3105,20.70414971
2150,66.55492,141.4402,22.44749354
2151,68.1384,130.7908,19.80380578
2152,68.54096,143.1515,21.42154853
2153,68.52593,138.0426,20.6661025
2154,70.77318,120.9532,16.97599615
2155,66.72984,104.5502,16.50593102
2156,66.30573,120.3066,19.23723528
2157,66.1654,116.7474,18.74738325
2158,65.52686,127.6185,20.89441643
2159,71.0176,128.7638,17.94804406
2160,64.0731,132.1263,22.62523637
2161,67.07894,136.2565,21.2882603
2162,66.92118,114.2461,17.93368463
2163,63.92073,117.7804,20.26492019
2164,66.76895,121.7656,19.20130936
2165,67.31046,117.4512,18.22416615
2166,66.94519,137.7336,21.60510926
2167,69.97793,133.2135,19.12411651
2168,66.4156,114.16,18.19403745
2169,69.46121,136.8798,19.94389588
2170,66.47267,125.4235,19.95482824
2171,67.69989,121.4915,18.6348239
2172,68.6046,123.3492,18.42405363
2173,66.82256,107.8004,16.97186146
2174,66.31555,117.1775,18.73133803
2175,69.11039,126.3083,18.59090482
2176,65.94386,115.3139,18.64181767
2177,69.86148,143.7522,20.70590711
2178,64.55479,113.2482,19.10423658
2179,65.56126,131.7643,21.55055708
2180,65.07865,125.8387,20.88778928
2181,66.30496,115.8846,18.53058015
2182,68.63331,139.0539,20.75241341
2183,67.39243,121.7331,18.84264102
2184,66.73104,141.1317,22.28045785
2185,65.57961,127.9611,20.91681863
2186,67.97668,132.1352,20.10267965
2187,62.60611,129.76,23.27355478
2188,66.26361,129.4162,20.72019241
2189,65.65796,118.7804,19.36980901
2190,66.31902,105.7105,16.89651943
2191,65.15141,124.8365,20.67517865
2192,67.06755,141.8106,22.16354042
2193,68.07294,123.0209,18.6631613
2194,68.73375,118.3051,17.6042981
2195,66.50974,123.1286,19.56787955
2196,71.35483,125.0842,17.27074328
2197,67.36943,118.0443,18.28414263
2198,66.53342,134.41,21.34554315
2199,67.44518,132.5899,20.49103674
2200,69.37871,123.6421,18.0579837
2201,68.47617,136.737,20.5004054
2202,66.81962,130.4451,20.53880124
2203,68.62691,121.9836,18.20823633
2204,70.55478,124.8816,17.6360327
2205,65.26709,110.6805,18.26576804
2206,65.35329,108.9072,17.92573642
2207,65.63866,129.7145,21.16530046
2208,69.57228,140.2426,20.36867635
2209,66.41871,137.8126,21.96156973
2210,68.25694,140.6602,21.22427804
2211,70.74604,136.5621,19.18144147
2212,68.35787,121.0365,18.20935816
2213,69.64013,141.548,20.51823106
2214,65.35452,137.184,22.57914686
2215,71.92675,156.5442,21.27215222
2216,70.13403,137.22,19.6116959
2217,65.16717,121.5264,20.1172325
2218,69.31063,122.0461,17.85992119
2219,66.33317,131.3132,20.97984162
2220,68.65304,127.5565,19.02560052
2221,70.27541,135.3191,19.26227814
2222,67.57713,128.8936,19.8420798
2223,69.1971,134.756,19.78461705
2224,69.6239,129.9452,18.84511853
2225,65.86809,127.9121,20.72606298
2226,69.92456,134.6123,19.3544389
2227,68.42315,138.5594,20.80583697
2228,67.61231,145.1953,22.32833479
2229,68.12858,113.7951,17.23535419
2230,64.76601,118.6754,19.88940284
2231,65.33382,129.7622,21.37112683
2232,67.64472,133.5081,20.51139194
2233,69.06267,139.8787,20.616749
2234,67.17574,117.2661,18.26849995
2235,65.69758,116.9811,19.05339105
2236,68.57486,141.1557,21.10201298
2237,66.34328,138.224,22.07724633
2238,62.78196,119.847,21.37532627
2239,65.28308,112.5769,18.56963377
2240,69.9312,139.7362,20.08733362
2241,65.2271,130.6158,21.58215958
2242,71.57674,142.2788,19.52323087
2243,69.1121,134.2085,19.75273188
2244,68.83916,123.6683,18.34605078
2245,66.39741,119.1475,18.99931667
2246,66.69861,133.9891,21.17343053
2247,64.95406,115.6216,19.26556259
2248,69.50341,135.2493,19.68240327
2249,69.43668,115.9697,16.90915727
2250,67.07002,121.3118,18.95839205
2251,70.49846,134.3579,19.00462357
2252,69.18776,143.0344,21.00570602
2253,67.48622,119.856,18.50056101
2254,67.40826,124.8424,19.3148438
2255,69.43651,127.9505,18.65612933
2256,64.15318,112.225,19.16940185
2257,69.14007,137.3179,20.19402308
2258,68.8929,120.1185,17.7916527
2259,64.95274,93.44115,15.57035617
2260,66.41945,137.0321,21.83670405
2261,67.42646,124.5909,19.26552861
2262,65.63755,126.3297,20.61370543
2263,70.16858,128.3273,18.3226804
2264,66.23711,130.688,20.94055973
2265,66.49138,138.4146,22.00931539
2266,65.0471,116.7381,19.39599517
2267,67.08449,118.1314,18.4534015
2268,64.3389,128.2028,21.7723633
2269,64.20833,113.1561,19.29525609
2270,66.89449,113.1405,17.77430894
2271,65.79218,126.8992,20.60941458
2272,68.843,131.3916,19.48961909
2273,71.09755,143.3004,19.92936481
2274,63.8882,122.9986,21.18430343
2275,68.35671,136.7665,20.5765592
2276,69.47682,140.3565,20.44127544
2277,69.0265,138.7555,20.47263887
2278,70.29803,135.4454,19.26785084
2279,70.84459,135.3925,18.96428835
2280,71.86799,144.6497,19.68801198
2281,69.57461,139.8465,20.30978685
2282,70.88841,136.5899,19.10836117
2283,67.94317,123.7762,18.84954446
2284,67.70347,127.8934,19.61469692
2285,68.59478,148.9399,22.25277864
2286,66.91402,128.9211,20.24161144
2287,68.33449,125.5417,18.90007011
2288,64.65946,140.4392,23.61454191
2289,66.05221,115.642,18.63357617
2290,70.24304,130.7133,18.62380889
2291,67.37048,119.0077,18.4327912
2292,69.95831,128.0902,18.3989318
2293,70.64717,153.0286,21.55452175
2294,70.5802,127.6482,18.01375496
2295,68.86101,134.8113,19.98641243
2296,68.7432,121.5345,18.07987461
2297,67.17409,128.304,19.98904002
2298,65.78148,107.3133,17.43418277
2299,67.52494,136.2616,21.00875881
2300,67.08075,149.1684,23.30431475
2301,67.69345,129.6252,19.88618464
2302,64.64051,105.8442,17.80790545
2303,69.36402,113.9182,16.64485168
2304,69.2178,142.8796,20.96476349
2305,67.36034,119.1631,18.46241788
2306,65.63764,117.8529,19.23046047
2307,68.76324,126.8712,18.86278042
2308,68.17144,124.9338,18.89863073
2309,65.83305,103.8489,16.84493244
2310,69.30622,130.2827,19.06767099
2311,70.8049,123.8101,17.36140115
2312,66.59071,137.5423,21.80541299
2313,64.67352,104.9377,17.63737172
2314,71.93986,129.2747,17.56020926
2315,67.64634,120.458,18.50556567
2316,68.73411,126.8398,18.87409977
2317,66.95634,127.1688,19.94125496
2318,72.56549,130.0389,17.36074459
2319,67.36934,136.9061,21.20574519
2320,70.02946,135.9857,19.49337382
2321,66.54034,110.9114,17.61008617
2322,67.74769,113.6583,17.40874636
2323,67.57706,144.701,22.27554152
2324,66.52633,133.8333,21.25848839
2325,69.15551,152.127,22.36186643
2326,69.19157,122.7961,18.03156944
2327,66.60061,118.2649,18.7436765
2328,67.07004,106.2097,16.59825286
2329,69.57028,148.5705,21.57945178
2330,69.23016,101.4527,14.88086799
2331,69.26795,137.5001,20.14622451
2332,67.56717,123.1061,18.95673066
2333,69.10176,142.433,20.96948329
2334,68.54151,127.3761,19.06057232
2335,70.86149,151.2788,21.17936017
2336,67.9873,124.5609,18.944427
2337,71.04092,127.1598,17.71283215
2338,66.70805,140.2543,22.15720719
2339,65.77676,113.7058,18.47536335
2340,66.79414,116.248,18.31741099
2341,65.93191,109.5517,17.71671227
2342,67.72422,131.8711,20.2123556
2343,66.72423,112.366,17.74283871
2344,66.68607,115.4197,18.24588857
2345,67.25768,119.9769,18.6452923
2346,70.52978,128.2009,18.1176281
2347,69.74125,128.6789,18.5987266
2348,68.75608,115.2882,17.14422932
2349,67.61299,136.677,21.01795602
2350,72.13419,137.7854,18.61556438
2351,67.91004,126.6205,19.30151402
2352,66.18756,125.3221,20.11084165
2353,71.71529,144.446,19.74409932
2354,70.6841,137.8075,19.39030828
2355,71.87845,143.0609,19.46609647
2356,67.75918,131.826,20.18459855
2357,67.09216,122.1749,19.08067654
2358,66.79895,105.8924,16.68325718
2359,63.56132,118.8125,20.6743395
2360,66.49532,139.3133,22.14959268
2361,68.50215,124.2763,18.6180947
2362,66.83975,116.7159,18.36604798
2363,70.64111,134.415,18.93599071
2364,66.0167,117.703,18.98607686
2365,67.3482,126.8963,19.66764218
2366,67.26092,120.9883,18.80065989
2367,70.82199,140.3611,19.6727846
2368,68.33332,102.5002,15.43174345
2369,69.37897,132.5554,19.35963003
2370,64.7609,119.6373,20.0537768
2371,68.699,125.9149,18.75562838
2372,69.49404,125.5505,18.2758949
2373,68.0849,122.5232,18.58112685
2374,66.37539,134.8766,21.52175895
2375,66.75613,121.5063,19.16778008
2376,69.64206,123.3271,17.87601154
2377,69.77774,133.0832,19.21519347
2378,69.49214,118.9607,17.31759043
2379,65.84828,101.1193,16.39458806
2380,70.71369,143.1946,20.13144575
2381,68.48099,126.7384,18.99868249
2382,69.37374,141.1484,20.61774044
2383,70.52541,135.1763,19.1057742
2384,68.70978,128.8899,19.19274511
2385,67.62641,109.3522,16.80932149
2386,68.33709,137.5541,20.70693891
2387,68.23178,139.1303,21.00891599
2388,67.91161,132.0641,20.13038347
2389,70.32186,136.4673,19.40006682
2390,66.39807,128.5349,20.49582845
2391,66.51667,134.4822,21.36776663
2392,69.61525,122.5729,17.78037893
2393,67.63565,140.0854,21.52766187
2394,71.06313,139.9112,19.47686895
2395,70.62246,127.4324,17.96178546
2396,73.99549,142.9016,18.34771204
2397,67.4663,125.8276,19.4337876
2398,65.91279,101.2434,16.38259353
2399,65.60691,115.9997,18.9458033
2400,69.50033,126.7393,18.44560464
2401,69.43735,133.5447,19.47133396
2402,69.00905,116.1499,17.14597032
2403,68.58614,124.1333,18.55115281
2404,66.96198,118.7229,18.61372305
2405,64.56606,135.4686,22.84469672
2406,69.48658,132.5799,19.30328123
2407,65.65789,145.9751,23.8045657
2408,66.80094,112.1247,17.66409825
2409,68.93784,135.9755,20.1141019
2410,68.90478,120.921,17.90434156
2411,68.50005,132.7228,19.88470184
2412,68.02851,135.0685,20.51764371
2413,69.2145,134.8578,19.78960946
2414,68.48721,141.7791,21.24949392
2415,68.80928,151.4206,22.48258586
2416,67.04824,134.1504,20.97840824
2417,68.89055,139.3242,20.63776101
2418,68.75779,132.5058,19.70363687
2419,72.33195,143.5202,19.28448339
2420,66.51286,121.8849,19.36841069
2421,66.7188,122.9302,19.41410885
2422,67.20628,118.5206,18.44715736
2423,70.19428,131.9154,18.82120289
2424,65.51378,122.5787,20.07728668
2425,68.83979,113.5812,16.84933264
2426,66.95528,129.9893,20.38418109
2427,68.03878,123.9609,18.82465434
2428,71.01151,119.9164,16.71769555
2429,69.14341,124.9403,18.37199341
2430,68.86125,131.6645,19.51974839
2431,64.6203,109.2955,18.4000781
2432,68.44749,110.9724,16.65157239
2433,68.82404,121.5044,18.03295943
2434,66.41585,127.7426,20.35858577
2435,68.86164,147.5692,21.8774311
2436,65.7798,148.7053,24.15998582
2437,63.82215,109.0177,18.81522775
2438,67.97504,119.6017,18.19674604
2439,68.39135,123.7223,18.59520442
2440,66.54816,124.8416,19.81721161
2441,71.1807,144.0008,19.98001089
2442,66.03415,136.0093,21.92738018
2443,66.19208,127.1191,20.39642616
2444,65.8689,121.6531,19.71140964
2445,68.65011,128.9604,19.23664018
2446,68.79753,135.4419,20.11697471
2447,66.39828,123.0735,19.6248442
2448,68.08765,120.0428,18.20349386
2449,68.20122,120.2027,18.16708554
2450,64.65154,124.8094,20.9915676
2451,69.30569,133.7108,19.56969373
2452,67.89566,118.2086,18.0268718
2453,66.23676,131.8546,21.12771109
2454,66.84304,113.6315,17.87893635
2455,68.77237,131.1206,19.4893911
2456,68.78389,141.022,20.9540863
2457,70.30029,128.1661,18.23115826
2458,67.68475,124.7755,19.14709912
2459,69.56671,131.8861,19.15805524
2460,69.36532,124.6139,18.20694268
2461,66.46909,112.5943,17.9156374
2462,71.37399,146.4358,20.20796764
2463,68.12643,126.6456,19.18289582
2464,69.49226,136.9902,19.94214883
2465,65.07859,118.1795,19.61648558
2466,66.27357,144.6287,23.14883164
2467,70.26356,154.9408,22.06280968
2468,67.37111,116.9522,18.11408141
2469,68.38613,140.6401,21.14114167
2470,68.68559,116.6275,17.37900968
2471,66.67024,136.6266,21.60859595
2472,71.15168,131.1853,18.21671987
2473,63.86399,113.9441,19.63971001
2474,69.25001,134.6576,19.73997116
2475,67.20448,107.6304,16.75304786
2476,66.94316,106.9521,16.77769222
2477,67.99592,146.6396,22.29671506
2478,67.12143,114.9585,17.93799971
2479,69.87331,131.0168,18.86512465
2480,67.35332,127.6156,19.77611941
2481,71.53386,145.1178,19.9366732
2482,75.11519,153.9562,19.1821361
2483,67.61043,133.6125,20.54825843
2484,64.23075,127.6976,21.75965843
2485,65.51542,126.4846,20.71600073
2486,63.1937,90.6784,15.9628931
2487,68.69521,109.923,16.37536491
2488,66.22516,101.8528,16.32609296
2489,69.44849,114.3461,16.6667556
2490,70.73043,125.1501,17.5862778
2491,70.1737,157.2751,22.45259503
2492,64.7817,111.8687,18.73955334
2493,63.91382,102.5247,17.64388757
2494,68.02246,129.9915,19.74993235
2495,70.48458,156.3703,22.12694019
2496,68.31433,122.7189,18.48600866
2497,68.63014,125.6964,18.76067219
2498,68.12174,126.2062,19.1189726
2499,67.40773,155.2615,24.0214765
2500,68.97304,142.8808,21.11399732
2501,65.72097,121.262,19.73659014
2502,68.32077,124.3155,18.72298552
2503,67.56613,111.6843,17.19845216
2504,69.50262,124.186,18.07280702
2505,67.82427,126.4867,19.32991441
2506,70.85958,142.6651,19.97450026
2507,64.04489,108.8473,18.65537647
2508,66.43905,116.66,18.579348
2509,68.79621,143.6181,21.33219156
2510,70.05244,123.0933,17.63369019
2511,66.04605,115.0598,18.54322388
2512,69.05127,132.1098,19.47811919
2513,65.61974,120.7598,19.71554104
2514,67.60382,119.7671,18.42257721
2515,67.89065,122.1496,18.6306257
2516,70.01739,123.9711,17.77722398
2517,67.80728,121.4194,18.56482075
2518,67.14185,123.66,19.28403719
2519,65.39888,98.05813,16.11752343
2520,68.70988,133.8099,19.92531478
2521,69.04936,141.6987,20.89305155
2522,67.91969,117.5158,17.90854062
2523,72.30217,132.1645,17.77327573
2524,63.7019,124.5106,21.57033445
2525,70.475,105.7802,14.97233514
2526,67.64613,133.4242,20.49764752
2527,67.75898,125.3875,19.198878
2528,69.1102,132.6382,19.52268941
2529,65.59124,121.0751,19.78419932
2530,67.63581,121.5355,18.67691258
2531,70.74732,142.0038,19.94505809
2532,70.99416,135.1886,18.85602501
2533,67.66798,118.3373,18.16814371
2534,67.19997,122.9425,19.13899843
2535,67.4785,116.4973,17.98623839
2536,67.66945,133.004,20.41901245
2537,70.62281,146.4085,20.63629031
2538,68.85256,137.2776,20.35704882
2539,65.32564,122.0439,20.104999
2540,68.76499,140.8147,20.93478721
2541,70.56586,136.7946,19.31234457
2542,69.11378,127.4421,18.75594505
2543,69.47685,130.272,18.9725701
2544,70.13374,131.169,18.7470326
2545,66.07211,129.6342,20.87558067
2546,68.40149,125.6933,18.88584101
2547,65.13161,104.973,17.3959963
2548,64.07239,120.2984,20.6002897
2549,63.84484,102.4259,17.66499455
2550,65.55111,123.8357,20.26007684
2551,66.41112,117.7,18.76074925
2552,65.05758,121.8919,20.24577299
2553,69.2384,128.4571,18.83733198
2554,68.75803,113.1578,16.82646824
2555,68.17548,125.2742,18.94787689
2556,70.1552,139.8009,19.96850531
2557,67.70652,121.3818,18.61435164
2558,66.95169,114.5435,17.96398511
2559,70.92538,133.8388,18.70397944
2560,66.06089,135.6656,21.85426597
2561,66.10974,127.3786,20.4890064
2562,70.57236,140.6434,19.85205182
2563,66.67735,113.9708,18.02155492
2564,65.99458,120.7042,19.48323947
2565,63.44297,116.0752,20.27345438
2566,66.32955,131.0291,20.93673621
2567,66.53488,134.6458,21.38205194
2568,66.80528,111.616,17.58167316
2569,67.9896,110.0452,16.73560654
2570,64.99295,106.053,17.65004364
2571,66.56539,124.0282,19.67790249
2572,66.804,113.4492,17.87112235
2573,67.96612,132.3117,20.13578747
2574,64.71711,118.356,19.86586015
2575,65.82856,106.1109,17.21419083
2576,69.08496,136.7244,20.13883438
2577,68.28753,125.6799,18.94690785
2578,71.11334,126.4908,17.58377471
2579,69.34872,148.1527,21.65648638
2580,67.62203,117.9474,18.13290093
2581,66.06295,124.5018,20.05464735
2582,70.00342,127.0128,18.22066819
2583,66.52881,127.605,20.26765515
2584,68.60366,129.5427,19.34967602
2585,69.53265,142.0317,20.65204428
2586,69.5404,134.8729,19.60675183
2587,68.42714,124.9955,18.76691669
2588,70.12002,137.7196,19.69096567
2589,68.89234,116.8002,17.30043563
2590,67.64467,123.6212,18.9924554
2591,68.97063,129.4071,19.12427781
2592,71.51466,151.9696,20.88920389
2593,70.71134,142.4361,20.02614075
2594,66.90583,114.3278,17.95474519
2595,69.57597,106.1963,15.42219433
2596,66.48164,111.3787,17.71552475
2597,66.89809,118.3329,18.58803134
2598,69.13909,138.206,20.32520359
2599,68.61774,132.7075,19.81426527
2600,66.16611,111.9004,17.9686628
2601,66.64128,114.0856,18.05924108
2602,69.54521,123.4319,17.94106805
2603,62.86795,98.05815,17.44136305
2604,67.85282,125.754,19.20177291
2605,68.54477,133.7416,20.01120277
2606,68.66811,143.6143,21.41128944
2607,70.12714,123.7248,17.68641579
2608,66.78985,127.694,20.12356312
2609,67.27782,126.7293,19.68287525
2610,66.9553,121.6118,19.0704579
2611,69.44337,123.5342,18.00864161
2612,71.51895,143.988,19.78970703
2613,69.66995,137.9075,19.97340981
2614,68.47294,109.4371,16.40899377
2615,66.19926,110.991,17.80478853
2616,68.78565,144.0145,21.39763893
2617,67.86643,121.9737,18.61707782
2618,67.76132,128.252,19.63612356
2619,68.54873,117.4352,17.56931344
2620,68.46365,130.4536,19.56551553
2621,67.00444,93.78282,14.6849154
2622,68.04189,121.4741,18.44532357
2623,70.80235,140.4798,19.70034629
2624,67.7232,120.5494,18.47759469
2625,68.05748,126.1797,19.15107191
2626,69.86881,128.3204,18.47924983
2627,67.67538,105.9584,16.26407284
2628,68.32806,126.9252,19.11195002
2629,69.88401,142.7832,20.55307474
2630,68.80968,111.1686,16.50586866
2631,68.36811,114.3121,17.19255331
2632,68.8827,143.8443,21.31216935
2633,64.85888,121.0848,20.23513304
2634,67.02277,136.9794,21.43709037
2635,65.65821,123.2681,20.10147609
2636,70.01384,130.2018,18.67258813
2637,68.95576,129.1215,19.09030156
2638,69.72231,135.8375,19.64406987
2639,68.26031,138.5268,20.90030455
2640,67.79651,146.5558,22.41525374
2641,66.57574,114.2481,18.12058885
2642,70.38311,146.8498,20.83971515
2643,66.49668,122.807,19.52443711
2644,68.21731,127.527,19.26496784
2645,68.08084,130.6424,19.81479867
2646,66.89732,125.6947,19.74489604
2647,71.03529,135.7172,18.90783921
2648,67.69483,110.6572,16.97555563
2649,66.71312,122.9811,19.42545475
2650,66.19389,115.5235,18.53488328
2651,70.84883,125.1626,17.52929847
2652,60.61265,88.04646,16.84770233
2653,69.33158,109.2915,15.98378086
2654,68.82694,127.2504,18.88415507
2655,68.76714,110.0752,16.36375178
2656,68.3665,121.2376,18.23500815
2657,68.8963,113.0423,16.74189107
2658,71.52552,144.707,19.8848728
2659,66.3396,111.3345,17.78440709
2660,69.24295,139.3186,20.42740984
2661,65.44706,129.4057,21.23872527
2662,64.98078,121.7515,20.27028268
2663,64.73308,112.2606,18.8334612
2664,65.95421,123.4114,19.94461047
2665,69.23656,113.0173,16.57407458
2666,66.6319,113.3885,17.95394707
2667,65.56464,111.7275,18.2715775
2668,67.89517,127.8383,19.49568736
2669,66.72053,134.4433,21.23124755
2670,67.33628,133.6352,20.71943712
2671,68.00682,128.9038,19.59368446
2672,69.59907,140.7606,20.42817461
2673,65.7514,121.8273,19.81024905
2674,66.54868,133.0094,21.11342881
2675,68.67978,122.6398,18.27801241
2676,67.29012,149.083,23.14626084
2677,67.91637,136.5971,20.81842513
2678,65.73796,111.1435,18.08035479
2679,67.89939,107.5045,16.3926899
2680,72.78908,137.0203,18.18058186
2681,65.98489,129.277,20.87313088
2682,69.67441,121.7105,17.62531031
2683,66.75669,116.2148,18.33273135
2684,67.43375,117.4727,18.16091194
2685,67.67624,123.6071,18.97257589
2686,71.25079,133.5001,18.48662144
2687,69.21284,122.3603,17.95653425
2688,70.47954,134.4949,19.03421715
2689,65.27987,134.6225,22.20825393
2690,71.09122,139.2202,19.36536308
2691,69.56615,124.2333,18.04668379
2692,66.89046,128.8185,20.23975251
2693,67.70276,138.9186,21.30605165
2694,66.77085,121.5008,19.15846248
2695,67.85276,148.7195,22.70848734
2696,70.78378,124.5162,17.47083576
2697,67.09928,121.3383,18.94599904
2698,70.44992,133.1712,18.86273353
2699,69.80734,137.2218,19.79594587
2700,69.2187,156.353,22.94112264
2701,69.75148,147.7342,21.3466395
2702,69.25709,142.5795,20.89699953
2703,69.00485,122.6004,18.10039197
2704,66.51077,127.8756,20.32165425
2705,71.06999,121.0861,16.85299562
2706,73.10762,151.6868,19.9516043
2707,71.20673,137.8023,19.10599707
2708,64.27555,102.5237,17.44568365
2709,70.05278,122.6111,17.56444228
2710,66.79032,105.706,16.658194
2711,68.34193,113.765,17.12338091
2712,68.51775,134.1383,20.08639213
2713,68.93108,138.9163,20.5531488
2714,66.41503,110.2628,17.57323009
2715,66.67827,108.1567,17.10173239
2716,70.52101,146.2975,20.68022133
2717,68.30664,134.6639,20.28993553
2718,67.0116,136.9904,21.44595962
2719,69.88845,125.9301,18.12483476
2720,69.26417,131.5566,19.27749935
2721,67.90954,120.4869,18.36680344
2722,62.73809,105.2201,18.79279816
2723,67.25447,117.0512,18.1923535
2724,65.59876,117.1139,19.13253465
2725,69.77845,122.691,17.71435708
2726,70.90472,150.021,20.97766223
2727,67.19538,111.1027,17.29820779
2728,67.90593,122.2626,18.63946957
2729,69.80063,145.7116,21.02474645
2730,66.6932,139.5749,22.05969679
2731,67.39204,119.839,18.5496746
2732,67.05894,120.139,18.78131381
2733,69.77321,143.6484,20.74334119
2734,68.61434,142.6088,21.29471686
2735,68.04448,114.4534,17.37793724
2736,69.71027,160.8859,23.2744689
2737,69.63078,132.8733,19.2659543
2738,71.04817,138.0744,19.22926556
2739,67.8894,128.7946,19.64486455
2740,69.08591,139.7656,20.58622207
2741,70.50786,127.2788,17.99850073
2742,66.75964,140.3527,22.13849657
2743,66.45788,118.3607,18.83952217
2744,64.38452,109.4539,18.56195182
2745,67.70213,135.3701,20.7622019
2746,72.16119,141.8671,19.15268399
2747,66.73368,134.3878,21.21411996
2748,64.59658,113.6028,19.1392674
2749,69.18583,136.7389,20.08228361
2750,67.70525,142.2085,21.80902189
2751,70.46124,132.8252,18.80768056
2752,66.84239,135.3456,21.29587685
2753,68.09464,126.5742,19.18998608
2754,69.27278,141.667,20.75385551
2755,66.06118,114.3427,18.41921488
2756,68.85839,142.794,21.17149646
2757,68.24827,109.1823,16.47875017
2758,69.68789,123.3539,17.85638657
2759,70.34077,139.9099,19.87877119
2760,68.47674,118.7857,17.80874573
2761,66.78425,122.2756,19.27289793
2762,67.06985,124.811,19.50533968
2763,68.38893,112.4658,16.90457218
2764,67.18538,111.7251,17.4002914
2765,66.8759,109.1189,17.15204964
2766,72.46405,138.8395,18.58759324
2767,68.05495,125.6718,19.07540301
2768,68.9238,129.8238,19.2119397
2769,66.55309,117.9982,18.72812326
2770,68.00334,133.4084,20.28046989
2771,62.53614,120.647,21.68751087
2772,70.71058,140.2181,19.71471957
2773,68.53707,125.2862,18.75026861
2774,70.0098,151.713,21.76007798
2775,68.65745,120.2825,17.93834748
2776,68.89097,119.1438,17.64827136
2777,67.25272,133.3836,20.73184972
2778,67.39484,133.6104,20.67960771
2779,63.37237,128.7288,22.5336294
2780,67.9351,120.8477,18.40794365
2781,68.38418,131.7234,19.80190487
2782,68.37863,134.8459,20.27459935
2783,65.57367,137.9377,22.55170198
2784,65.23577,128.5973,21.24298731
2785,71.3169,139.8829,19.33459317
2786,70.16627,129.0204,18.42285477
2787,67.42392,122.5717,18.95472715
2788,70.49904,114.3634,16.17618023
2789,68.30668,135.853,20.46907436
2790,67.14412,135.207,21.08329712
2791,64.68621,94.21971,15.82973613
2792,66.82203,140.4193,22.10766111
2793,66.17213,123.9367,19.89779832
2794,67.40223,129.5135,20.04111288
2795,69.65239,148.1859,21.47287327
2796,64.6447,120.4178,20.25723493
2797,63.86895,97.02574,16.72101883
2798,67.7235,114.9802,17.62380161
2799,66.78698,104.0527,16.39929081
2800,68.37223,140.6462,21.15065582
2801,68.04613,118.4149,17.97855639
2802,70.70988,146.6187,20.61505459
2803,68.42309,133.7406,20.08228962
2804,69.39765,118.5079,17.29868533
2805,71.73856,150.9213,20.61581711
2806,70.69601,121.8109,17.13372019
2807,69.79586,146.1372,21.08903858
2808,69.20814,128.8862,18.91678768
2809,66.49242,128.4737,20.42797313
2810,67.16108,139.2681,21.70559189
2811,68.76219,126.9364,18.87305051
2812,66.64609,134.9489,21.35872496
2813,69.91623,141.9177,20.40966538
2814,70.71477,137.8023,19.37276119
2815,68.86691,117.7445,17.45318776
2816,65.56879,119.5334,19.54565637
2817,70.7695,147.1214,20.65089695
2818,68.31719,134.2732,20.22482044
2819,63.7678,97.04078,16.77670761
2820,66.49473,122.836,19.53019308
2821,69.21965,129.9591,19.06791565
2822,71.49924,149.1274,20.50736778
2823,67.75486,128.5848,19.69083143
2824,66.19603,117.3529,18.82717949
2825,65.29404,112.1173,18.48761437
2826,68.37324,129.5659,19.48380259
2827,69.09809,121.057,17.82432723
2828,68.5956,110.0357,16.43979574
2829,67.78989,120.7787,18.47633455
2830,67.02507,122.308,19.13972251
2831,66.31844,126.8147,20.27012001
2832,66.33367,140.2312,22.40432808
2833,65.50586,111.649,18.29152257
2834,68.05216,124.0093,18.8245998
2835,69.33545,135.4809,19.81174461
2836,66.39304,126.1881,20.12466303
2837,69.2076,143.3931,21.04631184
2838,70.21379,122.1613,17.41983908
2839,69.178,142.7784,20.97402744
2840,66.76739,134.2148,21.16542212
2841,64.88316,125.5308,20.96243048
2842,70.25427,130.1801,18.54191026
2843,68.38013,130.1171,19.5627478
2844,66.62364,121.8803,19.30332514
2845,67.96737,116.8868,17.78770277
2846,69.07966,128.4637,18.92497736
2847,65.49639,108.2566,17.74087277
2848,67.94823,131.4797,20.01970774
2849,67.69124,131.0789,20.11051413
2850,69.9714,134.3432,19.28989603
2851,67.69387,112.2898,17.22649598
2852,65.98735,113.6996,18.35662713
2853,68.3664,128.5446,19.33409013
2854,69.52877,136.7997,19.89350818
2855,69.27294,130.2612,19.08284664
2856,69.41669,128.4186,18.73507575
2857,70.15337,139.8741,19.9800032
2858,69.82573,132.6543,19.12694846
2859,65.91827,115.9192,18.75422398
2860,67.98945,118.7202,18.05497489
2861,72.12813,135.5268,18.31349202
2862,67.48301,113.3464,17.49742598
2863,68.26193,117.904,17.78798432
2864,69.41184,130.5207,19.04441362
2865,67.82148,123.5959,18.88969144
2866,69.69729,141.3599,20.4573686
2867,63.45113,104.2273,18.19944277
2868,66.9028,122.3933,19.22314232
2869,69.05969,134.2747,19.79248237
2870,69.02413,120.2068,17.73709444
2871,65.1896,127.2096,21.04352933
2872,65.30411,119.1556,19.64213777
2873,67.8454,100.2365,15.30877374
2874,67.09743,121.1992,18.92532326
2875,65.5786,108.1626,17.68105444
2876,68.31828,129.8971,19.56504867
2877,67.77752,125.3103,19.17656192
2878,67.83922,130.7952,19.97953791
2879,67.09143,127.9221,19.97868079
2880,68.6965,135.3072,20.15612348
2881,70.66714,141.6093,19.93480862
2882,65.74989,134.5339,21.87746491
2883,68.51671,135.9882,20.36402156
2884,67.59335,125.5196,19.31340864
2885,65.84344,123.0473,19.95273288
2886,64.9153,118.3384,19.74180606
2887,64.58123,119.5443,20.1498387
2888,66.90827,136.7318,21.47164185
2889,68.0883,129.1382,19.58236186
2890,65.46098,117.3543,19.2525973
2891,69.62403,133.886,19.41655496
2892,70.62668,127.1567,17.92078339
2893,65.82364,118.264,19.18863577
2894,65.06787,120.8378,20.0643435
2895,66.22122,132.7183,21.2760881
2896,69.68826,125.88,18.22186468
2897,69.70612,129.4925,18.73519084
2898,67.65097,136.1796,20.91795976
2899,69.95219,133.0623,19.1164709
2900,70.00937,129.9978,18.64571272
2901,67.61783,125.53,19.30102598
2902,69.31318,139.8597,20.465213
2903,68.22656,132.6316,20.03066578
2904,68.55723,118.8729,17.779996
2905,64.22112,122.1174,20.81503395
2906,66.05632,127.3063,20.51051051
2907,66.90354,113.6921,17.85613324
2908,66.84621,121.585,19.1285366
2909,69.4938,146.0665,21.26247558
2910,68.55353,113.6965,17.00758991
2911,65.61282,110.3262,18.0159255
2912,67.37674,124.0148,19.20475868
2913,68.09175,128.9185,19.54706589
2914,66.65804,117.0019,18.51156602
2915,69.54961,144.9385,21.06442892
2916,66.25728,123.9976,19.85644046
2917,67.98509,135.5365,20.61504266
2918,66.09544,126.996,20.43630479
2919,70.52477,134.6828,19.03636857
2920,67.19875,111.0968,17.29555432
2921,68.24137,121.9514,18.40969703
2922,70.97253,134.2293,18.73363595
2923,66.62434,128.3887,20.33369415
2924,65.60995,124.7491,20.37292247
2925,67.79978,111.9651,17.12306195
2926,67.56776,128.4301,19.77621171
2927,65.14281,113.4592,18.79585411
2928,65.46067,129.2624,21.20638531
2929,68.4843,131.5885,19.72382857
2930,68.24746,126.4105,19.07943408
2931,68.62227,137.2275,20.4864315
2932,67.23277,123.8138,19.25583556
2933,70.9315,124.931,17.45610129
2934,70.41644,145.2017,20.58632839
2935,67.76785,125.2728,19.17629467
2936,68.93413,128.9511,19.07707462
2937,66.63682,123.6178,19.57076526
2938,68.50584,123.3779,18.48151236
2939,66.74655,103.455,16.32484869
2940,68.34022,121.1823,18.24071135
2941,68.64082,104.9272,15.65591601
2942,67.7798,119.9736,18.35863763
2943,68.01308,132.8794,20.19426721
2944,64.20657,119.5831,20.39229911
2945,68.16944,128.8536,19.4927193
2946,67.55289,125.4723,19.32926397
2947,67.94972,120.232,18.30627801
2948,65.82888,110.4565,17.91899592
2949,67.43166,138.2801,21.37899609
2950,69.76313,124.4852,17.98130185
2951,66.74117,117.0476,18.47269274
2952,67.23078,127.707,19.86249167
2953,66.219,121.3801,19.45976449
2954,65.57556,126.3779,20.66057687
2955,66.46532,105.6146,16.80695679
2956,71.70666,150.0118,20.50981575
2957,68.32124,127.4253,19.19108415
2958,65.81092,123.0644,19.97523235
2959,68.90095,119.241,17.65755284
2960,66.25545,124.3161,19.9085434
2961,67.63532,119.8268,18.41459571
2962,69.60217,135.871,19.71680481
2963,69.19207,129.4251,19.00470739
2964,68.12331,116.5582,17.65658356
2965,67.47898,116.8066,18.03373523
2966,66.24642,113.4835,18.1787166
2967,68.50173,121.5935,18.21640215
2968,62.87696,102.6336,18.24995573
2969,65.24352,109.5423,18.09099329
2970,69.99091,136.7711,19.62756321
2971,68.75121,125.0167,18.59356489
2972,66.26559,132.9041,21.27735138
2973,67.33988,137.9208,21.38161062
2974,66.08783,128.0748,20.61465293
2975,69.10841,141.3046,20.79935286
2976,68.02947,136.2458,20.69589791
2977,71.4988,144.147,19.82272826
2978,66.42022,128.7172,20.5112104
2979,68.53037,127.7893,19.12862102
2980,69.54256,134.6098,19.56728886
2981,68.89587,149.2571,22.10568346
2982,65.34144,118.4045,19.49602759
2983,68.85953,147.4612,21.86275966
2984,67.9932,115.8792,17.6209716
2985,70.34681,132.0704,18.76169197
2986,65.40868,123.2475,20.25175543
2987,69.67377,134.0875,19.41802239
2988,70.37964,137.3754,19.4971087
2989,68.23626,128.6996,19.4313105
2990,67.40948,133.7103,20.68608164
2991,69.72564,131.2636,18.98080456
2992,66.96911,112.5541,17.64280321
2993,67.05246,118.0263,18.45460212
2994,68.0873,127.3013,19.30438358
2995,70.4947,125.7998,17.79599776
2996,68.59715,126.259,18.86277243
2997,66.45012,119.3414,19.00005745
2998,67.24533,122.5965,19.05939621
2999,69.22665,135.3375,19.85303202
3000,68.4148,137.2091,20.60810779
3001,70.51338,143.7382,20.32284297
3002,70.63103,145.4599,20.49781318
3003,69.83323,133.1488,19.19412514
3004,69.76098,132.4917,19.13898278
3005,68.11679,126.8125,19.21361314
3006,66.53431,120.2043,19.08903675
3007,71.0373,127.177,17.71703359
3008,65.66484,119.1195,19.42103657
3009,67.11404,131.011,20.44731661
3010,70.93121,151.9596,21.23287142
3011,68.25011,147.9148,22.32339502
3012,67.04474,120.1896,18.79718402
3013,69.40034,121.6422,17.75482495
3014,68.35952,131.7405,19.81876661
3015,65.7936,105.584,17.14692056
3016,65.16867,125.1514,20.71635391
3017,64.31223,132.5808,22.53454651
3018,70.65237,116.5383,16.4123411
3019,68.04397,141.8528,21.53842532
3020,67.60186,130.1925,20.02737367
3021,67.58242,120.4606,18.54098784
3022,68.50821,128.9264,19.31131911
3023,65.84079,119.5386,19.38534006
3024,69.13492,137.8896,20.28111873
3025,68.00897,122.4403,18.61004036
3026,67.56761,129.7133,19.97389298
3027,66.79775,127.9067,20.15231538
3028,70.41567,146.7498,20.8062691
3029,66.6532,111.2623,17.60602642
3030,68.94427,138.8701,20.53845251
3031,69.2921,119.7773,17.53728651
3032,71.21679,128.0274,17.74571334
3033,68.26773,106.61,16.08134407
3034,65.73369,113.3707,18.44506239
3035,63.63362,106.5873,18.50493337
3036,69.44197,125.085,18.2354503
3037,67.08087,125.2055,19.56056337
3038,66.03614,123.3208,19.88054561
3039,66.75256,109.923,17.34235396
3040,69.05655,129.0132,19.01865136
3041,66.02949,108.5156,17.49732326
3042,67.62446,138.1906,21.24350666
3043,66.54145,121.1649,19.23745569
3044,71.4012,133.5965,18.42211054
3045,68.54057,132.5515,19.83556375
3046,66.23601,123.6908,19.8200341
3047,71.74579,148.3826,20.26494632
3048,64.8262,124.0167,20.74599966
3049,69.13628,150.4434,22.12668989
3050,63.85309,113.5616,19.58046452
3051,65.88387,118.8276,19.24484632
3052,70.20793,152.1525,21.70011725
3053,69.83569,121.8741,17.56757797
3054,66.51127,127.3143,20.23214973
3055,71.09805,147.2711,20.481298
3056,64.60825,112.4456,18.93746467
3057,70.23276,137.7724,19.63532426
3058,64.68824,108.5133,18.23004016
3059,67.16361,124.8309,19.45402029
3060,69.32709,133.656,19.5495985
3061,68.45934,142.1525,21.32280873
3062,66.99209,125.4821,19.65576944
3063,68.44693,132.342,19.85843734
3064,67.41731,128.0697,19.8088324
3065,69.21256,120.7853,17.72554435
3066,65.23174,129.8998,21.46079871
3067,65.42771,117.499,19.29594512
3068,66.99225,121.0608,18.9631175
3069,69.66303,118.2405,17.12840259
3070,67.29207,117.7533,18.28102893
3071,64.37238,124.134,21.05944601
3072,68.90985,106.8616,15.82028811
3073,70.80439,124.5028,17.45878724
3074,68.7004,129.2788,19.25591259
3075,68.29255,113.5292,17.11260965
3076,65.50586,125.7542,20.60238594
3077,68.97897,121.0893,17.89071442
3078,69.65275,125.5083,18.18658835
3079,69.49526,133.7579,19.46993038
3080,66.61841,131.7656,20.87222957
3081,64.46226,117.407,19.86269899
3082,69.10304,131.1557,19.3084845
3083,67.86149,128.0879,19.55314624
3084,67.83106,107.8007,16.4709898
3085,67.66576,133.9987,20.5739643
3086,67.93384,123.2716,18.77785711
3087,71.95735,142.6244,19.36416762
3088,66.88443,115.1191,18.09058663
3089,71.25927,130.7929,18.10742755
3090,63.13444,111.3605,19.64055844
3091,70.25703,131.1771,18.68244778
3092,67.68872,109.8541,16.85539724
3093,63.45505,113.3017,19.78150681
3094,71.59334,117.9625,16.17908831
3095,68.69094,140.3001,20.90327753
3096,64.36556,122.4675,20.78112589
3097,68.84021,139.5953,20.70817128
3098,67.79238,130.4642,19.95652491
3099,65.97475,121.9744,19.70010355
3100,64.23339,106.8916,18.21282089
3101,65.46597,113.5834,18.63112053
3102,65.22202,94.61233,15.63560075
3103,67.90056,120.3075,18.34430722
3104,64.42244,131.5245,22.27858713
3105,68.23998,113.3743,17.11560133
3106,70.01671,128.8175,18.47254748
3107,67.25105,131.9522,20.51038543
3108,67.28007,117.6487,18.27130589
3109,69.48821,129.6283,18.87265068
3110,69.50486,136.9585,19.93030616
3111,68.0898,120.5675,18.28190567
3112,68.09624,127.7017,19.36001719
3113,64.59835,113.0571,19.04628664
3114,67.63863,117.784,18.09889327
3115,69.07559,145.8644,21.49094085
3116,65.43751,123.7503,20.31646081
3117,66.04755,116.2935,18.74119769
3118,67.38822,113.2922,17.53829478
3119,68.74094,121.8236,18.12407376
3120,66.68207,132.4644,20.94287765
3121,67.10251,116.5027,18.1892078
3122,68.72578,148.798,22.14690607
3123,69.95585,134.2309,19.28234067
3124,71.48969,151.6437,20.85897049
3125,66.69291,128.2832,20.27522933
3126,65.37967,110.6266,18.19405242
3127,67.59507,126.1888,19.41538877
3128,67.65455,113.8593,17.48758406
3129,68.68263,125.494,18.70184501
3130,69.58679,125.2317,18.18092581
3131,68.37402,123.4402,18.56221131
3132,67.93581,131.6798,20.0575077
3133,65.44645,133.7783,21.95678804
3134,68.37812,117.4608,17.66094619
3135,70.02962,134.5618,19.28917146
3136,66.48126,125.3948,19.9451069
3137,69.02608,114.1902,16.84836404
3138,69.55202,144.8532,21.05057307
3139,64.80997,132.2021,22.12636325
3140,65.70656,107.7373,17.54300354
3141,65.72803,140.2288,22.81872166
3142,68.21876,121.7152,18.38622202
3143,65.86034,125.5649,20.35052621
3144,65.16426,126.6267,20.96339793
3145,66.96428,135.9602,21.31477303
3146,63.75844,105.6245,18.26604933
3147,69.96035,146.4008,21.02784794
3148,69.29626,106.2849,15.55991791
3149,65.18388,117.985,19.52098404
3150,67.37365,107.4966,16.6483003
3151,69.76312,119.6316,17.2802271
3152,65.20697,116.4881,19.25967022
3153,66.31364,124.9947,19.9821028
3154,66.74365,118.0293,18.62624238
3155,65.57241,128.5441,21.01673177
3156,71.05515,134.7298,18.75978553
3157,69.28167,135.8658,19.89888674
3158,71.77797,136.3061,18.59894344
3159,63.53338,104.7024,18.23509544
3160,69.75851,120.3953,17.3928386
3161,66.7395,118.3091,18.67271971
3162,66.76099,122.1245,19.26249714
3163,72.16716,156.2465,21.09047656
3164,64.34648,117.265,19.91013223
3165,69.25366,128.9281,18.89806971
3166,68.20016,129.2408,19.5336848
3167,67.84238,131.1469,20.03139542
3168,70.54498,136.6229,19.29952389
3169,65.25826,110.8818,18.30394123
3170,67.78738,115.5424,17.6766113
3171,66.79884,132.1508,20.82031424
3172,68.13317,137.9186,20.88627413
3173,67.48449,123.0402,18.99303695
3174,70.4411,148.7687,21.07728338
3175,68.33621,123.88,18.64896545
3176,68.67946,138.1734,20.59330377
3177,67.95136,122.3842,18.63306812
3178,65.92021,120.5629,19.50436639
3179,68.14026,121.2805,18.36279268
3180,67.29912,133.4119,20.70766466
3181,67.43318,121.7736,18.82613589
3182,66.07076,122.2608,19.68901335
3183,69.32562,135.9047,19.87935442
3184,65.89875,134.5927,21.78825638
3185,67.23868,117.4154,18.25753026
3186,68.01261,129.311,19.65223337
3187,68.62709,122.403,18.27074345
3188,67.76031,143.2106,21.92702546
3189,67.54784,128.0734,19.73291895
3190,67.26315,107.2961,16.67189083
3191,71.53453,145.4266,19.97872272
3192,65.06551,123.2535,20.46693966
3193,67.43465,115.9394,17.92339013
3194,69.15557,131.1976,19.28532158
3195,67.10856,110.8966,17.31082302
3196,68.48481,132.9513,19.92780215
3197,68.05629,143.3736,21.76145725
3198,68.40527,142.3615,21.38793017
3199,71.97264,138.5403,18.80167678
3200,67.88635,145.0092,22.12004285
3201,68.93287,133.8419,19.80134529
3202,68.24127,106.3258,16.05091455
3203,66.01267,117.3092,18.92486544
3204,67.37485,134.7795,20.87293609
3205,68.21364,141.9627,21.44801605
3206,68.34543,131.9721,19.86179486
3207,68.65931,137.013,20.43234586
3208,68.84427,144.7351,21.46809914
3209,69.03818,143.485,21.16328884
3210,68.11385,127.8782,19.37675207
3211,67.3109,126.0281,19.55473428
3212,69.49562,126.4439,18.40510672
3213,69.39962,127.7448,18.6459438
3214,67.57502,126.2983,19.4437695
3215,66.43096,106.7579,17.00647443
3216,69.2189,122.9471,18.03948885
3217,66.19304,120.9485,19.40578241
3218,66.59157,107.8202,17.09294715
3219,66.81548,135.6921,21.36759794
3220,68.00225,124.7943,18.97158034
3221,69.09045,123.456,18.18157425
3222,68.6133,133.9338,19.99994959
3223,71.62355,157.659,21.60540476
3224,67.4363,133.6369,20.65828429
3225,65.12769,113.7514,18.85301124
3226,68.87788,139.7284,20.7052495
3227,65.8284,123.9196,20.10336367
3228,67.27468,117.2019,18.20483286
3229,68.36412,114.74,17.25892394
3230,67.98858,135.5863,20.62050007
3231,69.99934,130.2303,18.68441374
3232,66.73116,132.3482,20.89373179
3233,67.47372,116.7746,18.03160579
3234,65.0195,122.0863,20.30182155
3235,71.12723,147.136,20.44572329
3236,67.6698,133.6517,20.51823627
3237,68.77095,153.9969,22.8906042
3238,68.48264,135.3549,20.28935866
3239,66.8768,119.5152,18.78570504
3240,70.54119,134.2581,18.96750723
3241,67.04893,126.7798,19.82538748
3242,67.63647,118.7652,18.2508318
3243,67.57626,120.3951,18.53428482
3244,70.87537,148.4787,20.77919905
3245,66.23513,125.14,20.05278464
3246,67.01055,121.4965,19.02097292
3247,67.64118,129.0488,19.82836684
3248,67.9016,134.8018,20.55374672
3249,69.31483,136.4644,19.96743918
3250,68.22857,119.5528,18.05437834
3251,66.98456,135.7446,21.26808901
3252,67.00963,126.1537,19.75062657
3253,69.95272,144.3773,20.74173249
3254,65.80355,99.51504,16.15642985
3255,68.92933,134.0114,19.82845861
3256,67.70136,136.4446,20.92747788
3257,67.91607,133.3008,20.31622371
3258,66.84068,131.6362,20.71328319
3259,69.99456,135.2158,19.4023436
3260,66.4718,118.2191,18.80910346
3261,64.18564,111.0182,18.94409028
3262,66.246,128.8387,20.63870001
3263,68.80963,130.791,19.41935228
3264,67.65907,128.573,19.74481435
3265,66.77115,130.2165,20.53258507
3266,65.37953,131.9436,21.7000166
3267,66.7844,120.2342,18.95105037
3268,71.27461,137.3123,19.00181421
3269,66.61529,120.9979,19.16837567
3270,65.83005,123.3074,20.00304425
3271,69.57158,130.6931,18.98209976
3272,68.00656,139.9829,21.27789673
3273,68.69628,111.38,16.59189912
3274,66.42314,124.9978,19.91676918
3275,66.99259,122.1147,19.12800758
3276,67.96518,129.2041,19.66340288
3277,68.66471,116.8008,17.41542038
3278,66.61581,110.2205,17.4607573
3279,67.63645,131.1351,20.15174537
3280,70.31626,139.0315,19.76773939
3281,69.75296,124.5872,18.0012833
3282,67.08745,124.9637,19.51895808
3283,68.16256,127.0057,19.21705139
3284,68.10701,134.1875,20.33685339
3285,69.7191,155.7074,22.51961874
3286,66.6639,109.6815,17.35031131
3287,69.21432,142.3644,20.89126866
3288,64.6701,125.2237,21.04916109
3289,67.6419,116.4677,17.89489803
3290,70.95584,129.5297,18.08624432
3291,67.68754,129.9618,19.94130525
3292,68.39041,131.11,19.70610206
3293,70.94659,149.2299,20.84241891
3294,69.3929,138.8501,20.27082605
3295,64.29056,128.0364,21.77681503
3296,70.36687,136.6274,19.3979869
3297,67.04642,127.3941,19.92294121
3298,66.03627,130.0724,20.96888846
3299,67.23901,132.3301,20.57649243
3300,68.4523,115.3808,17.31062629
3301,68.00298,121.4437,18.46181633
3302,68.19927,133.5988,20.19288771
3303,69.15154,135.7115,19.95116513
3304,72.36766,138.8835,18.643048
3305,70.17575,138.5825,19.78288339
3306,66.89187,130.3881,20.48550185
3307,67.86089,130.8938,19.98183179
3308,69.3241,126.4663,18.49957101
3309,68.85085,125.6815,18.63837597
3310,63.59867,108.3695,18.83503048
3311,67.68177,146.0547,22.41441696
3312,65.92195,128.9527,20.86054612
3313,66.04233,138.9407,22.39443107
3314,68.07077,136.7048,20.7404303
3315,68.53269,136.9208,20.49411625
3316,66.41329,121.4656,19.35970052
3317,67.6551,139.0278,21.35285224
3318,69.39574,124.2868,18.1432343
3319,70.72068,135.4026,19.03222104
3320,69.39895,127.7865,18.65239058
3321,68.70993,134.9467,20.09456372
3322,69.38351,130.8867,19.11341592
3323,69.01409,133.5517,19.71193298
3324,68.84671,121.2891,17.98915301
3325,66.67972,130.3173,20.60486927
3326,64.14012,136.6169,23.34534064
3327,65.45315,120.6706,19.80139069
3328,67.16684,132.1766,20.596815
3329,67.52493,124.0382,19.12416557
3330,67.17756,133.8366,20.84883389
3331,66.73401,131.714,20.79183499
3332,70.0236,117.9912,16.9167166
3333,67.17283,116.4658,18.1453959
3334,65.18918,138.7007,22.94472947
3335,68.32763,127.9768,19.27053879
3336,72.55002,139.9074,18.68619764
3337,70.71251,148.0151,20.80984482
3338,70.88049,140.65,19.68074975
3339,66.96285,130.6093,20.47677547
3340,69.82684,143.0451,20.62450498
3341,65.16431,128.951,21.34815942
3342,68.23622,140.5259,21.21689265
3343,66.73023,142.5733,22.50858964
3344,72.29547,138.9453,18.68861059
3345,69.16314,127.5533,18.74552552
3346,67.56202,115.1545,17.73499161
3347,65.7718,119.6649,19.44655392
3348,67.4295,100.7527,15.57801579
3349,67.235,122.7841,19.09442733
3350,69.86435,146.7835,21.14079517
3351,71.88676,144.7958,19.69760706
3352,68.87227,138.991,20.59933544
3353,70.04608,137.0023,19.62978358
3354,68.73409,137.8343,20.51012256
3355,69.03486,138.8044,20.47489396
3356,69.26447,128.3303,18.80457419
3357,70.09459,124.8418,17.86266886
3358,70.12595,131.6374,18.81815778
3359,66.54739,120.0134,19.05122958
3360,66.3726,117.0774,18.68317722
3361,65.72273,113.9648,18.54790521
3362,67.65602,126.6406,19.44981132
3363,64.69649,108.3562,18.19900534
3364,66.41005,127.2142,20.27791516
3365,69.27872,134.603,19.71561616
3366,68.63208,121.5365,18.13876559
3367,68.60374,145.1284,21.67764739
3368,70.38104,135.204,19.1881677
3369,69.28461,127.5704,18.68235795
3370,71.64455,153.6515,21.04387972
3371,70.37091,155.869,22.12731609
3372,65.45196,121.4609,19.93179938
3373,69.65595,133.8526,19.39392434
3374,67.69863,108.9521,16.71210557
3375,70.04255,130.5425,18.70610436
3376,67.69758,124.0931,19.03516609
3377,66.856,132.5109,20.84136456
3378,69.87691,154.5701,22.2542739
3379,68.5184,124.004,18.56849023
3380,67.68314,127.6985,19.59657273
3381,67.61985,114.26,17.56714309
3382,69.25373,142.7731,20.92740483
3383,68.98349,115.897,17.12131804
3384,66.98194,125.1081,19.60312503
3385,63.41013,119.8153,20.94837393
3386,68.3495,127.3052,19.15714493
3387,70.14263,130.255,18.61168257
3388,67.67369,125.3486,19.24133042
3389,67.83046,118.0148,18.03193259
3390,71.15629,129.468,17.97592185
3391,70.04469,138.4503,19.83804134
3392,69.45013,138.6964,20.21502988
3393,67.78201,134.9735,20.65261021
3394,65.27229,119.6325,19.73998435
3395,69.44983,132.0852,19.25161239
3396,67.90892,132.1945,20.15185661
3397,68.1636,146.9576,22.23526641
3398,66.37934,112.0144,17.87159533
3399,68.73896,129.7229,19.30038888
3400,69.75201,128.9392,18.63060004
3401,69.44655,125.5484,18.30059274
3402,64.92283,102.8549,17.1547908
3403,64.80108,119.4034,19.98975772
3404,65.84217,143.8547,23.32765637
3405,68.34828,129.9632,19.55782435
3406,68.13534,125.1662,18.95385429
3407,66.32414,126.9552,20.2890898
3408,70.74868,112.1237,15.74766121
3409,67.48997,115.0831,17.76185854
3410,65.8077,120.0188,19.4827914
3411,67.41008,122.7409,18.98868733
3412,68.39969,133.5177,20.06253931
3413,72.19938,144.1058,19.43434238
3414,71.65513,146.9261,20.11683711
3415,70.19523,134.0839,19.13007866
3416,65.92306,112.9231,18.26683899
3417,73.35034,142.4875,18.61777722
3418,64.21849,121.3899,20.69272564
3419,65.70466,122.7506,19.98879454
3420,68.90463,136.1054,20.1527293
3421,68.06195,127.8162,19.39690557
3422,66.85163,139.0505,21.87277463
3423,69.58698,124.5701,18.08477709
3424,69.42478,126.8527,18.50231268
3425,68.02716,145.8616,22.15805405
3426,71.71699,136.8975,18.71141947
3427,66.95183,133.4618,20.9308757
3428,69.74699,122.1901,17.65795499
3429,68.80049,115.6403,17.17439598
3430,67.89371,125.377,19.12115478
3431,68.57659,129.2547,19.32190299
3432,68.72581,129.1874,19.22807239
3433,69.63584,133.0704,19.29172888
3434,68.9713,138.0269,20.39774863
3435,66.8827,118.8532,18.67835436
3436,69.21469,142.7606,20.94918507
3437,67.98056,126.2747,19.20888669
3438,68.56045,119.1386,17.81806334
3439,67.92182,117.0603,17.83800695
3440,69.15108,120.454,17.7083712
3441,69.09773,132.1603,19.45937021
3442,66.92076,108.7441,17.07022711
3443,67.43796,106.5115,16.46428886
3444,67.67848,130.2144,19.98541388
3445,70.02323,140.4403,20.13551741
3446,67.78297,124.5214,19.0527703
3447,72.83169,139.3706,18.47080059
3448,68.05868,129.4378,19.64488109
3449,67.44814,129.0994,19.9498481
3450,65.57065,118.2219,19.33010807
3451,67.59465,117.6786,18.10623575
3452,67.82155,140.8622,21.52852968
3453,68.47258,122.6694,18.39323764
3454,63.58771,104.467,18.16302072
3455,67.95929,129.0106,19.63735784
3456,65.22442,124.3217,20.54384896
3457,66.44894,101.9139,16.22604333
3458,67.33704,139.416,21.61523192
3459,65.69507,132.7342,21.62084196
3460,70.72749,132.8116,18.66443475
3461,67.41511,124.3421,19.23353127
3462,69.76325,126.7586,18.3096208
3463,65.37021,119.848,19.71634259
3464,70.00296,111.9376,16.05826084
3465,66.22804,117.26,18.79409466
3466,71.01952,131.8577,18.37830081
3467,66.66825,122.6517,19.39951116
3468,65.766,117.0445,19.02407194
3469,69.19585,117.8609,17.30473612
3470,66.01043,130.8876,21.11682913
3471,65.81063,124.3575,20.18530013
3472,69.63647,131.0505,18.99855243
3473,67.20188,142.083,22.11742676
3474,67.84033,100.3696,15.33139294
3475,63.55149,127.0979,22.12290861
3476,68.31141,124.2054,18.71153015
3477,65.48001,116.5552,19.11038801
3478,69.58827,123.5653,17.93823765
3479,66.1176,111.8548,17.98770635
3480,71.49457,150.1752,20.65415477
3481,70.91224,128.172,17.91868264
3482,65.08904,120.4457,19.98623054
3483,66.85324,110.6689,17.40748375
3484,67.33053,135.7821,21.05589858
3485,70.41812,145.8887,20.68274259
3486,70.74812,144.6908,20.32199945
3487,69.897,128.3047,18.46208807
3488,68.29767,137.1886,20.67576434
3489,67.83703,127.2593,19.4406689
3490,65.24423,122.1945,20.18007443
3491,67.84894,139.6043,21.31905678
3492,70.42564,129.817,18.40031631
3493,70.55525,152.9847,21.60452161
3494,67.88636,123.5425,18.84545662
3495,69.7096,137.7755,19.93159892
3496,67.07269,116.3106,18.1753663
3497,71.88822,125.4909,17.0707302
3498,71.28254,134.9234,18.66707484
3499,66.61757,116.9673,18.52858338
3500,69.33248,131.029,19.16237264
3501,69.17119,138.2493,20.31270548
3502,68.93099,117.0109,17.31221404
3503,65.39211,117.1889,19.26597981
3504,66.40145,133.3265,21.25771975
3505,65.97157,121.4286,19.61384205
3506,65.61777,122.2767,19.96439255
3507,67.1943,129.2964,20.13153498
3508,65.74682,106.9673,17.39629865
3509,64.34058,118.7342,20.16328145
3510,65.27557,112.0218,18.48232174
3511,71.37011,133.4833,18.42254083
3512,68.13757,127.5429,19.31249259
3513,72.05393,131.366,17.78782936
3514,65.7047,114.9957,18.72595834
3515,67.07598,125.5866,19.62296254
3516,63.96935,84.86345,14.5791476
3517,65.26358,129.4427,21.36441975
3518,65.97301,126.9647,20.50716934
3519,68.28892,139.8538,21.08283974
3520,65.81249,120.6804,19.58733815
3521,64.11914,127.4184,21.78773553
3522,67.02094,120.0865,18.79440074
3523,69.03252,132.7904,19.58910298
3524,68.99289,123.4864,18.23751997
3525,64.41882,114.4503,19.38861245
3526,67.15633,112.938,17.60441138
3527,68.76733,116.9251,17.38196015
3528,69.01892,133.9261,19.76442703
3529,66.76233,128.2645,20.23013716
3530,68.18232,107.0685,16.19099334
3531,67.28745,128.2196,19.90864041
3532,68.65317,126.5592,18.87677744
3533,71.06665,125.8611,17.5192359
3534,70.31177,134.6115,19.14174062
3535,72.4691,152.1181,20.36247114
3536,68.8736,135.5056,20.08200175
3537,64.68847,115.9514,19.47948913
3538,68.1288,127.6565,19.33467067
3539,67.36526,141.0621,21.85212566
3540,65.60339,109.572,17.89791125
3541,68.0437,122.3788,18.5817098
3542,69.28083,134.2059,19.65625465
3543,68.87006,134.8058,19.98034488
3544,68.5515,108.4165,16.21872774
3545,70.402,121.5254,17.23663124
3546,70.89245,131.4848,18.3920824
3547,63.57508,112.824,19.6237945
3548,69.96784,129.2959,18.56706017
3549,69.86404,144.6551,20.83443288
3550,67.43349,123.2584,19.05551001
3551,65.953,130.0755,21.0223721
3552,66.51685,97.84025,15.54567306
3553,66.59374,133.7803,21.2070704
3554,64.82036,106.5226,17.82272909
3555,68.76391,139.4665,20.73500291
3556,67.24653,116.868,18.16816974
3557,67.62134,133.7579,20.56398231
3558,66.16322,118.9108,19.09604194
3559,67.42497,122.3291,18.91662183
3560,68.65199,127.3678,18.99803622
3561,67.41315,114.0066,17.63583705
3562,68.24549,137.0083,20.68017883
3563,66.02486,110.0077,17.74040098
3564,65.25809,132.9911,21.95377385
3565,69.91392,132.3932,19.04117296
3566,65.79089,117.5234,19.08746042
3567,67.71449,130.4334,19.99773995
3568,68.29458,117.7587,17.74908015
3569,65.61141,117.7477,19.2286598
3570,67.78179,129.0761,19.75036348
3571,64.30338,105.6364,17.95979249
3572,67.30706,131.7766,20.44901443
3573,68.96485,131.8757,19.49236392
3574,64.97931,125.9879,20.97654564
3575,69.07887,123.8861,18.25103328
3576,67.39433,133.0366,20.59110921
3577,67.27351,131.1858,20.37764433
3578,67.64179,126.7371,19.47282257
3579,70.45489,151.614,21.47199258
3580,69.09422,147.1926,21.67493805
3581,66.0667,134.7624,21.70495215
3582,67.70438,133.445,20.46558203
3583,66.985,111.2501,17.43012941
3584,65.46653,117.0386,19.19754963
3585,68.69845,129.8079,19.33581901
3586,66.04072,99.27518,16.00193159
3587,66.09431,128.5692,20.69017293
3588,69.80498,151.548,21.86415615
3589,67.73859,139.3895,21.35566406
3590,66.68205,120.0516,18.98040136
3591,68.9189,124.0676,18.36272084
3592,67.06468,137.5999,21.50729192
3593,65.256,129.4912,21.37739008
3594,68.3313,139.801,21.04874644
3595,68.39086,148.5226,22.32295781
3596,67.84685,120.6246,18.42179025
3597,66.37815,138.6642,22.12429227
3598,63.32113,92.37513,16.1961979
3599,66.57084,136.5421,21.65976942
3600,67.88983,118.2089,18.03001378
3601,70.94094,138.6145,19.36288697
3602,69.91224,135.6715,19.51360534
3603,64.89822,104.5861,17.45676329
3604,69.46685,128.2748,18.68708061
3605,68.56738,125.4858,18.76354091
3606,66.53162,143.8794,22.85060728
3607,68.6378,125.3511,18.70495917
3608,70.90025,126.3358,17.66795265
3609,71.26396,139.7274,19.34180497
3610,67.13527,116.2366,18.12995572
3611,64.80236,97.79781,16.37204048
3612,70.67036,136.8521,19.26336634
3613,66.13501,112.7896,18.12848595
3614,64.77081,112.5529,18.86050678
3615,68.35648,120.7636,18.16904056
3616,68.24493,119.3536,18.01565526
3617,67.7318,135.4753,20.76013684
3618,67.04488,140.4543,21.96641221
3619,69.94917,142.0555,20.41024636
3620,64.50981,126.8512,21.42882605
3621,67.87716,123.1267,18.78712127
3622,68.61556,118.3477,17.6713579
3623,68.08104,134.5331,20.40478917
3624,66.35068,116.8814,18.66422553
3625,66.71224,108.9156,17.20419541
3626,71.16146,134.9529,18.73474762
3627,64.76054,109.5924,18.37024041
3628,66.75144,106.5216,16.80628516
3629,66.73685,119.4936,18.86116709
3630,69.68151,137.7906,19.94985804
3631,70.72413,151.0354,21.2274999
3632,68.34441,121.4853,18.2840777
3633,67.6858,146.7791,22.5229054
3634,66.98729,140.0306,21.93781943
3635,69.43833,116.5077,16.98679396
3636,70.35311,140.7913,19.99698603
3637,68.29063,140.0969,21.1184292
3638,69.81605,131.6661,18.9897282
3639,68.07763,144.0462,21.84984068
3640,69.63007,136.5389,19.79785145
3641,67.94658,124.5183,18.96065359
3642,66.66861,123.3439,19.508784
3643,72.54964,140.3326,18.74318419
3644,65.96495,125.1353,20.21662656
3645,68.73999,142.2247,21.15979336
3646,73.25271,156.3537,20.48406266
3647,63.8433,113.8671,19.63916101
3648,66.96921,120.7632,18.92951931
3649,67.68747,120.6478,18.51220577
3650,66.81228,139.8202,22.01976395
3651,66.72332,119.0638,18.80094889
3652,68.9021,141.0105,20.88054647
3653,69.92563,143.4254,20.62094762
3654,69.85536,133.5108,19.23411698
3655,69.32382,137.0878,20.05345279
3656,66.59092,121.7154,19.29615707
3657,68.85426,127.9174,18.96807762
3658,66.54029,113.4724,18.01673899
3659,65.65814,128.0828,20.8866595
3660,69.30998,131.776,19.28413213
3661,70.17204,138.2634,19.73941841
3662,67.97014,125.758,19.13615227
3663,66.85274,120.3874,18.93642258
3664,67.93626,129.0463,19.65611176
3665,72.43693,136.391,18.27346757
3666,67.58597,130.0804,20.01953964
3667,68.61381,118.5302,17.69951113
3668,70.42389,129.8475,18.4055541
3669,66.40833,119.5325,19.05444089
3670,70.57091,138.3516,19.5293629
3671,69.79777,128.9593,18.60907976
3672,67.34701,116.8005,18.10353511
3673,66.40224,123.1326,19.63192629
3674,64.68881,116.9304,19.64375172
3675,69.53955,126.5974,18.40417522
3676,69.43648,141.1934,20.58705989
3677,69.36832,131.6094,19.22736988
3678,67.02639,109.3029,17.10390798
3679,68.60035,116.408,17.38943573
3680,64.90605,101.3305,16.90928136
3681,73.6704,147.9165,19.15957588
3682,68.37014,141.2402,21.24128131
3683,68.3104,138.8869,20.92391527
3684,64.51584,148.5007,25.08136183
3685,66.12992,101.0513,16.24430875
3686,65.38495,125.7223,20.6734068
3687,65.11549,106.3269,17.62908822
3688,67.05783,126.3894,19.75909213
3689,66.99532,134.2725,21.03068741
3690,67.08079,125.6528,19.63049083
3691,65.28833,113.2531,18.67816913
3692,68.09544,119.5911,18.13084832
3693,66.6868,116.2576,18.37794393
3694,68.33953,143.6987,21.63038198
3695,66.84266,112.5571,17.71009014
3696,68.83968,131.1388,19.453997
3697,61.8934,95.74545,17.57052704
3698,65.73799,113.6203,18.48325328
3699,68.72588,141.3191,21.03369485
3700,67.8244,116.9133,17.86682251
3701,67.01202,124.2022,19.44371267
3702,65.5611,117.5665,19.22854624
3703,67.55321,119.2307,18.36755874
3704,67.1303,114.5048,17.86248354
3705,67.64061,130.0058,19.97574669
3706,66.83182,140.4851,22.11154115
3707,68.27516,144.0058,21.71750129
3708,69.44828,131.2024,19.1237966
3709,69.58545,126.2305,18.32663571
3710,66.7071,104.6225,16.52860866
3711,68.19325,121.5126,18.36935304
3712,69.13191,135.9547,19.99827053
3713,66.59378,136.2738,21.60231812
3714,66.48656,131.7593,20.9540935
3715,66.37289,118.7403,18.94837673
3716,70.71575,139.42,19.59964024
3717,67.15897,129.0818,20.11927302
3718,67.76901,114.4204,17.51445001
3719,65.18164,113.1913,18.72913871
3720,67.83932,112.5536,17.19300317
3721,68.0491,157.6543,23.93405993
3722,68.58692,121.5904,18.17071476
3723,65.95317,119.206,19.26558014
3724,71.02002,136.1093,18.97062088
3725,69.2108,116.8245,17.14515902
3726,67.16712,133.9377,20.87106968
3727,64.82773,119.5375,19.99575765
3728,71.89734,125.1534,17.02050069
3729,66.29137,119.6552,19.14136538
3730,69.63011,136.2859,19.76114428
3731,66.65205,112.4741,17.79839451
3732,70.56251,132.5837,18.71963679
3733,67.79995,131.5466,20.1176017
3734,68.74825,128.4833,19.11079318
3735,66.84629,137.0769,21.56577063
3736,67.47997,112.9767,17.44192635
3737,67.13893,124.5135,19.41882442
3738,68.40021,138.2798,20.77778259
3739,68.86099,136.6706,20.26207421
3740,66.17409,119.2702,19.14746644
3741,68.84978,131.2561,19.46568572
3742,68.67678,129.8508,19.35441752
3743,69.82135,156.1101,22.5117804
3744,64.2599,108.0741,18.39911195
3745,69.71651,136.2846,19.71200644
3746,70.94085,136.9681,19.13295195
3747,70.06779,139.4128,19.96278528
3748,70.88342,135.7171,18.98893332
3749,65.49529,118.6689,19.44787269
3750,68.4804,138.799,20.80698171
3751,68.51303,138.9157,20.80464489
3752,68.16142,118.2547,17.89354858
3753,71.95866,135.3357,18.37390911
3754,64.75487,129.262,21.67111838
3755,70.30789,135.1908,19.22623888
3756,67.4222,115.1791,17.81242983
3757,68.24432,112.2308,16.94081743
3758,68.24598,122.3013,18.46002349
3759,68.67772,128.2031,19.10830278
3760,69.45147,157.3486,22.93270706
3761,67.00023,128.2287,20.08112212
3762,68.53583,115.0374,17.21706144
3763,68.09648,149.9119,22.72699975
3764,66.8815,118.7213,18.65829516
3765,64.35721,111.8923,18.99158053
3766,64.95432,119.5408,19.91844367
3767,68.10575,121.9841,18.48804509
3768,66.80947,111.1912,17.51256214
3769,63.88864,112.1842,19.32145081
3770,67.38665,106.1061,16.4266099
3771,68.92239,132.2605,19.57333492
3772,68.34907,118.027,17.76116603
3773,65.8834,131.8548,21.3549846
3774,65.81926,122.7493,19.91903793
3775,67.6519,126.4083,19.41649876
3776,69.91178,135.567,19.49883172
3777,69.43847,144.6145,21.08467345
3778,68.6245,133.9108,19.98998845
3779,68.5874,139.0597,20.78107133
3780,69.96201,143.3765,20.59248428
3781,68.48251,133.9215,20.07457182
3782,70.14044,132.9707,19.00090594
3783,67.69318,151.5436,23.24893656
3784,69.74263,140.4279,20.29607622
3785,64.14704,115.8887,19.79899628
3786,71.15494,146.3078,20.31480657
3787,70.42127,135.2438,19.17189244
3788,69.4086,130.0152,18.97242673
3789,67.23391,113.361,17.62959179
3790,69.52859,109.7608,15.96157505
3791,69.78153,155.0882,22.38994907
3792,65.86011,116.5987,18.89749025
3793,68.53242,115.8963,17.34733481
3794,69.43053,123.8453,18.06067151
3795,70.51721,132.1602,18.6838241
3796,72.46195,150.0174,20.08523536
3797,70.57152,123.4049,17.41922329
3798,64.81039,113.7813,19.04306925
3799,69.14193,124.9768,18.37814735
3800,72.59694,140.1938,18.70025385
3801,67.29902,125.6349,19.50060759
3802,69.3501,124.6512,18.22038735
3803,69.0374,115.7152,17.0677739
3804,71.50733,147.7946,20.31948829
3805,68.58383,123.7158,18.49000482
3806,68.9172,137.4837,20.34938496
3807,69.94709,119.3727,17.15224768
3808,68.63514,111.791,16.68280672
3809,68.30987,140.6815,21.19460844
3810,68.95399,142.1807,21.02215191
3811,65.52576,130.6623,21.39348269
3812,66.58753,131.0557,20.77903758
3813,69.43486,118.7635,17.31741978
3814,70.6428,147.6001,20.79247402
3815,68.57866,140.395,20.98596655
3816,68.1007,129.3231,19.60325907
3817,70.56771,125.4514,17.71000928
3818,64.97452,107.0565,17.8271618
3819,67.85384,128.0846,19.55705155
3820,71.17071,131.245,18.21526507
3821,67.67057,112.3113,17.24166132
3822,66.04283,106.7968,17.21322379
3823,68.89472,125.9164,18.64943782
3824,66.42827,138.7008,22.09675023
3825,69.42646,137.7593,20.09214064
3826,62.6568,110.266,19.74515393
3827,65.79319,128.2726,20.83182579
3828,71.35208,150.3381,20.75922359
3829,68.54117,120.4207,18.01994434
3830,66.64205,118.7461,18.79654305
3831,67.1013,132.3003,20.65638339
3832,68.09912,122.8586,18.62421118
3833,67.44749,116.2164,17.95937251
3834,68.5689,105.9279,15.83840057
3835,66.74451,111.2084,17.54938167
3836,67.91191,115.9255,17.67023856
3837,67.61468,132.6425,20.39651785
3838,66.79956,128.7716,20.28748507
3839,66.08205,105.5009,16.98417575
3840,69.43398,130.8951,19.08686467
3841,70.06177,159.8542,22.89376216
3842,67.34245,113.1131,17.53437962
3843,65.68008,104.7032,17.06270703
3844,67.65289,130.0791,19.97975422
3845,72.35481,146.3133,19.64736511
3846,64.56198,117.9061,19.8855642
3847,66.56321,125.872,19.9717418
3848,71.88064,138.7186,18.87409565
3849,69.05855,119.1382,17.56189792
3850,68.84729,130.1311,19.30024073
3851,68.33558,127.2486,19.15642961
3852,67.20373,120.0823,18.6916468
3853,66.94024,116.7898,18.32254131
3854,65.6925,112.1004,18.26126706
3855,70.55858,137.4236,19.40514903
3856,66.3239,112.1502,17.92318823
3857,66.31961,141.3789,22.59727111
3858,68.77019,121.7461,18.09713952
3859,68.93596,130.3465,19.28248683
3860,70.19784,129.2123,18.43366472
3861,69.15846,141.6059,20.81354449
3862,66.52917,107.7722,17.1174025
3863,69.76951,141.4952,20.43457862
3864,68.33707,112.1581,16.88391901
3865,66.71052,116.3208,18.37486062
3866,64.93669,128.5199,21.42621254
3867,65.06581,102.9057,17.08791499
3868,67.19588,114.4447,17.8182775
3869,65.6155,114.5452,18.70334715
3870,68.21154,115.0009,17.3756418
3871,71.8127,151.5781,20.6628048
3872,65.23439,118.7079,19.61018703
3873,67.84537,132.6379,20.25734533
3874,66.17647,115.3378,18.51483277
3875,69.61315,133.5897,19.37964099
3876,66.18245,132.5006,21.26608226
3877,67.84508,134.514,20.54405148
3878,69.0936,126.1625,18.57847098
3879,66.12316,131.3628,21.12129399
3880,65.15822,116.0727,19.21971699
3881,69.79407,141.3766,20.40308358
3882,67.00234,127.3607,19.9439337
3883,69.13726,140.2001,20.61955653
3884,65.81826,126.6507,20.55275881
3885,68.20344,121.9858,18.43537788
3886,66.89907,134.2045,21.0805648
3887,65.04452,102.086,16.96289939
3888,66.1717,117.7314,18.90179502
3889,62.93166,114.6211,20.34611626
3890,64.48357,117.4963,19.86467066
3891,66.64624,111.7542,17.68755786
3892,72.41441,151.933,20.36842485
3893,71.79969,122.983,16.77085753
3894,65.66078,123.3884,20.11951849
3895,66.93932,107.7347,16.9023986
3896,70.22759,138.8617,19.7934853
3897,68.20998,130.7491,19.7559623
3898,67.03876,108.817,17.02159011
3899,70.72651,119.7924,16.83527188
3900,67.43797,132.67,20.50780015
3901,69.02832,144.247,21.28175833
3902,71.08333,130.1898,18.1132656
3903,66.59033,119.8506,19.00085761
3904,62.84458,112.1475,19.96223967
3905,65.01513,112.6016,18.72712098
3906,68.89573,126.6749,18.76122893
3907,67.52318,120.368,18.5592574
3908,71.56209,136.2017,18.69699542
3909,69.91081,114.942,16.53276173
3910,65.74474,116.1331,18.8881455
3911,67.86476,131.3966,20.05630002
3912,69.34915,126.219,18.45005968
3913,66.56305,126.8313,20.12404787
3914,64.98952,106.6708,17.75473598
3915,66.28774,136.3548,21.81520662
3916,68.22623,144.8283,21.872882
3917,68.71834,121.2425,18.04948805
3918,67.34642,113.9096,17.65576838
3919,69.45129,133.1979,19.41297384
3920,68.58821,118.7312,17.74276271
3921,67.13792,139.5328,21.76185287
3922,66.17703,122.4766,19.66047029
3923,65.11882,136.7334,22.66819258
3924,68.98184,162.1526,23.95574562
3925,69.70654,116.1377,16.80279362
3926,65.9028,116.3873,18.8387978
3927,66.40799,122.7559,19.56847712
3928,69.68697,125.8107,18.21250736
3929,71.32231,127.1985,17.57869024
3930,69.39616,126.21,18.42375766
3931,67.10007,127.4093,19.89346839
3932,64.84823,121.4686,20.30593995
3933,65.97406,120.1281,19.4023132
3934,69.40242,130.8887,19.10329362
3935,70.24875,148.6699,21.17879139
3936,66.76364,108.979,17.18771446
3937,68.54135,132.1438,19.77410374
3938,72.31585,145.2904,19.5310348
3939,66.13369,124.1218,19.95068812
3940,65.52533,106.0457,17.36320747
3941,66.8421,140.4934,22.10604634
3942,68.54828,122.1607,18.27652874
3943,67.23496,135.7089,21.10441672
3944,67.89102,137.9068,21.03373214
3945,67.07543,123.7723,19.33979451
3946,68.87056,131.1289,19.43508813
3947,65.48833,127.832,20.95400664
3948,66.94598,131.0884,20.56224743
3949,67.94876,116.698,17.76870048
3950,65.11113,139.1882,23.08060977
3951,69.22852,144.2813,21.16387937
3952,68.87917,117.3348,17.38626729
3953,69.73424,127.2578,18.39702472
3954,70.79565,138.2181,19.38684315
3955,68.12213,143.3238,21.71186859
3956,67.55313,122.4926,18.87010102
3957,66.07053,137.4736,22.13905348
3958,66.64782,113.759,18.00400785
3959,67.54927,135.4559,20.86949457
3960,67.41612,111.8086,17.29430153
3961,64.1913,123.1259,21.00643724
3962,67.52166,133.1484,20.53076139
3963,65.95635,107.8398,17.4269414
3964,67.61855,125.8836,19.35498202
3965,65.95909,129.0219,20.84824238
3966,69.49194,113.9079,16.58212934
3967,67.69417,134.568,20.64403503
3968,64.78748,127.7878,21.40240327
3969,71.3001,139.1262,19.23906537
3970,66.61133,112.8285,17.87631214
3971,66.40129,121.8472,19.42754151
3972,70.76906,124.1304,17.42395039
3973,68.70195,118.0629,17.58452509
3974,69.27545,135.7574,19.88658111
3975,67.14179,109.264,17.03909757
3976,69.40629,144.7036,21.11723242
3977,69.69594,142.5173,20.6256646
3978,67.20823,137.1694,21.34851388
3979,67.59632,113.3993,17.44695305
3980,70.77557,144.7135,20.30942468
3981,66.95587,128.8462,20.20457059
3982,67.91794,117.0118,17.83265367
3983,65.76874,116.0326,18.85802927
3984,69.03038,132.8327,19.596558
3985,67.53969,134.5132,20.73013372
3986,64.10668,124.705,21.33205132
3987,68.20174,128.7712,19.46180686
3988,68.42812,135.5603,20.3525406
3989,70.21228,146.5841,20.903357
3990,68.22553,123.0704,18.58724832
3991,67.75587,132.6394,20.31112699
3992,70.5536,139.4887,19.6995359
3993,67.1115,130.7106,20.40197644
3994,66.50872,102.3817,16.27123368
3995,67.80339,121.6264,18.59860459
3996,66.82898,114.8121,18.07229555
3997,66.51285,117.0249,18.59612639
3998,68.00268,116.0381,17.64021511
3999,67.30483,116.7343,18.11595967
4000,67.32611,119.0783,18.46804424
4001,69.00102,126.7983,18.72223683
4002,67.75162,131.9365,20.20602639
4003,67.085,135.9003,21.22877296
4004,69.0139,151.5006,22.3612737
4005,66.13638,143.9136,23.13003672
4006,66.74555,131.5241,20.75467951
4007,66.32903,130.233,20.80985612
4008,65.30345,123.9503,20.4329304
4009,69.79829,126.6311,18.27284367
4010,67.5243,115.4643,17.80257691
4011,71.02928,148.2436,20.65648649
4012,69.46091,129.9518,18.93462407
4013,69.36777,135.4124,19.78327983
4014,68.57098,141.1859,21.10891635
4015,62.44964,109.5643,19.74988245
4016,68.97793,124.3412,18.37173045
4017,65.21731,118.4281,19.57421362
4018,67.07967,126.0679,19.69599878
4019,68.77673,132.1985,19.64711584
4020,68.66629,132.1617,19.7048791
4021,65.65796,121.8407,19.86885958
4022,67.81659,147.0148,22.47214277
4023,68.49369,135.6229,20.32297224
4024,67.72209,131.8871,20.21607959
4025,67.18182,149.6975,23.31666014
4026,68.74487,132.2867,19.67845136
4027,70.54344,145.1882,20.51036449
4028,67.49034,113.6369,17.53846057
4029,70.04011,121.888,17.46717362
4030,66.14103,131.9355,21.20191479
4031,63.03853,116.7342,20.65100928
4032,65.8375,113.1662,18.35377466
4033,70.09381,132.9761,19.02696777
4034,65.46276,101.8479,16.70778123
4035,66.72609,119.4606,18.86204006
4036,67.15508,126.3196,19.69102507
4037,67.89972,116.5061,17.76511499
4038,66.83955,124.3345,19.56500407
4039,66.33542,137.2975,21.93446207
4040,69.98947,157.9877,22.67321948
4041,69.19394,136.793,20.08551991
4042,71.8433,144.8892,19.73416677
4043,67.96111,116.363,17.71125384
4044,67.8762,125.536,19.15528289
4045,64.85023,109.135,18.24300329
4046,71.00028,128.7879,17.96016259
4047,68.9177,148.7167,22.01169642
4048,68.11801,108.4191,16.42620426
4049,68.45508,120.7972,18.12177893
4050,66.1659,119.9403,19.25981039
4051,68.09431,141.8006,21.49867757
4052,67.04148,116.4363,18.2119536
4053,67.9941,136.4958,20.75545001
4054,70.03532,162.0645,23.22784846
4055,69.71898,137.99,19.95725885
4056,66.11294,127.9705,20.58222166
4057,66.512,124.0973,19.72048735
4058,72.14119,147.0929,19.8692023
4059,66.26162,136.034,21.7810441
4060,68.6341,134.9883,20.14519923
4061,67.01999,108.4088,16.96723773
4062,68.50946,115.87,17.35502499
4063,66.65107,132.7811,21.01248108
4064,69.13504,150.0321,22.06698888
4065,66.3268,124.4084,19.88048339
4066,69.03467,125.2378,18.47380047
4067,68.41501,131.125,19.69418606
4068,68.81498,120.474,17.88474198
4069,69.71434,126.7877,18.33953028
4070,69.71611,119.4332,17.27484267
4071,68.46316,121.7583,18.26165019
4072,66.76387,127.8974,20.17130681
4073,65.40254,113.6724,18.6819035
4074,70.56984,123.8685,17.48549527
4075,65.94172,123.6931,19.99770959
4076,68.02141,122.0341,18.54151716
4077,67.1732,114.7014,17.87030514
4078,65.497,117.2034,19.2066985
4079,67.67185,121.3213,18.62414232
4080,65.52488,125.4382,20.53868669
4081,71.02076,138.2195,19.26433455
4082,66.22083,130.9358,20.99058254
4083,68.98001,115.4355,17.05486191
4084,66.95762,137.2853,21.52679353
4085,67.11276,127.0824,19.8349237
4086,68.4405,129.3152,19.40790034
4087,67.69709,131.4005,20.15637091
4088,63.22395,116.1956,20.43533478
4089,65.22711,127.0613,20.9948292
4090,68.43,131.3423,19.71818161
4091,66.57506,121.9677,19.34536936
4092,63.5966,113.2103,19.67766081
4093,67.20354,123.3458,19.19974188
4094,66.03224,99.66224,16.06844716
4095,67.24122,124.0545,19.28842109
4096,66.79748,130.086,20.49584026
4097,68.48589,137.1664,20.55894656
4098,69.29654,141.1792,20.66821356
4099,66.60912,101.7777,16.1265165
4100,66.26464,128.8128,20.62294387
4101,69.37333,129.9046,18.97556744
4102,67.3275,127.3943,19.75697019
4103,63.91658,113.9444,19.60745617
4104,67.23806,103.9784,16.16843952
4105,65.93291,117.1245,18.94081171
4106,70.35586,135.3823,19.22722732
4107,68.57141,131.0931,19.59968082
4108,66.82713,130.6498,20.56640833
4109,64.43271,119.4229,20.22228107
4110,71.08973,127.4216,17.72493493
4111,72.07911,124.3172,16.82161597
4112,68.90533,114.8714,17.00832732
4113,68.44145,121.075,18.17068915
4114,68.46055,115.3401,17.30034966
4115,65.13343,106.3017,17.61520235
4116,71.17466,131.6919,18.27526092
4117,69.39047,139.886,20.42348819
4118,66.81513,118.6787,18.68867321
4119,68.62714,121.1908,18.08977549
4120,68.09304,134.8095,20.43950509
4121,68.22911,128.3543,19.3832383
4122,67.79469,135.8259,20.77526432
4123,67.60704,127.516,19.61264477
4124,70.47713,135.5209,19.1807322
4125,68.89196,119.3961,17.68513521
4126,67.18902,141.7312,22.07111004
4127,69.52776,138.0107,20.07019574
4128,64.00428,106.2963,18.24128546
4129,67.23705,129.0392,20.06594814
4130,66.57904,110.0436,17.45199408
4131,73.08886,143.597,18.89723726
4132,70.23666,135.6427,19.32965259
4133,65.9154,120.8619,19.55559158
4134,70.20771,129.7829,18.50986213
4135,65.25899,110.1349,18.18023911
4136,67.70538,122.3278,18.760056
4137,66.65382,125.1019,19.79562153
4138,66.90522,121.2072,19.03547584
4139,69.73584,135.8864,19.64351691
4140,68.71515,120.8681,17.99542146
4141,65.97593,125.6805,20.29795023
4142,66.04025,129.139,20.81590642
4143,69.22349,147.1694,21.5906572
4144,68.01411,124.9845,18.99386921
4145,70.44079,141.5704,20.05761765
4146,66.62715,138.6126,21.95106328
4147,68.47642,126.7582,19.00418697
4148,68.20132,134.1926,20.28141875
4149,69.18686,148.1132,21.75213291
4150,66.55515,122.4609,19.435219
4151,67.24936,125.9051,19.57141996
4152,68.23976,134.1521,20.25246167
4153,68.93236,140.8846,20.84359151
4154,69.16831,127.3274,18.70952952
4155,68.15988,127.5146,19.29556961
4156,70.47785,135.4777,19.17422618
4157,71.46159,134.7474,18.54942148
4158,69.56493,139.1714,20.217368
4159,72.04678,147.9343,20.03526333
4160,68.11706,122.1187,18.50229952
4161,67.11974,136.1107,21.2396356
4162,65.25882,112.8949,18.6359362
4163,67.9316,127.1332,19.36736851
4164,68.62153,134.6362,20.10001477
4165,68.96662,110.1335,16.277844
4166,67.70641,137.8451,21.13912877
4167,64.82138,132.6417,22.19212343
4168,69.74734,130.7984,18.90176929
4169,67.83743,126.8633,19.37994572
4170,66.47424,119.564,19.02168561
4171,70.29564,136.1613,19.37100868
4172,67.99529,136.5186,20.75819036
4173,71.46156,132.6211,18.25672886
4174,66.73734,114.2795,18.03789569
4175,66.34826,116.7421,18.64334132
4176,69.25165,137.7726,20.19565432
4177,67.54427,130.0454,20.03887311
4178,70.67379,135.7083,19.10051037
4179,67.30702,135.6941,21.05695478
4180,64.62951,101.3328,17.05468261
4181,66.57405,130.5342,20.70473523
4182,69.29679,137.3539,20.10805596
4183,69.27554,121.0292,17.72905748
4184,69.50607,120.3639,17.51483738
4185,68.26403,141.0864,21.28416564
4186,69.86553,139.0365,20.02434115
4187,70.7672,136.4844,19.15906518
4188,69.24893,142.8621,20.94335336
4189,67.01021,104.1735,16.30912355
4190,69.1245,145.5379,21.41250233
4191,71.27947,120.9881,16.74052439
4192,74.03777,139.5953,17.90273827
4193,67.16426,120.8184,18.82833586
4194,69.16282,125.9266,18.5066332
4195,68.09796,126.298,19.14624422
4196,67.77952,133.2805,20.39505874
4197,71.11526,123.3401,17.14486291
4198,64.98837,105.6441,17.58447003
4199,70.31512,142.3548,20.24090824
4200,69.06438,130.4546,19.22677693
4201,65.46827,110.4915,18.12268179
4202,65.9316,114.9535,18.59046674
4203,68.42739,133.4786,20.04042916
4204,70.30053,139.3092,19.81608812
4205,67.09535,129.4262,20.211227
4206,68.43342,121.8407,18.28989537
4207,65.83898,136.3506,22.11292487
4208,67.54012,143.6547,22.13866908
4209,68.48012,126.9991,19.03824638
4210,71.57695,139.6645,19.16438906
4211,69.72167,139.1423,20.12236123
4212,66.29363,126.9897,20.31328782
4213,68.937,142.7584,21.11797333
4214,71.41489,149.8921,20.66124683
4215,69.62838,143.7861,20.84969218
4216,71.18773,152.4615,21.14974932
4217,68.30221,143.546,21.63101548
4218,67.75946,152.9883,23.42468024
4219,68.11064,133.9839,20.30383231
4220,69.47284,135.5993,19.75070793
4221,70.16644,134.6592,19.22792724
4222,67.64262,124.1779,19.07913999
4223,66.81134,118.271,18.6265846
4224,64.94018,121.7107,20.28883495
4225,65.36721,121.3633,19.96745913
4226,68.54428,133.1727,19.9263655
4227,67.97819,114.8234,17.46813477
4228,68.34252,137.7084,20.72687271
4229,68.31923,122.5531,18.45838501
4230,66.1507,105.4808,16.94571319
4231,67.80629,119.5263,18.27590262
4232,70.13434,135.1981,19.32255199
4233,65.63247,122.1851,19.94050148
4234,65.52678,114.9083,18.81347715
4235,68.04573,136.5998,20.73975555
4236,68.17956,143.4398,21.69284972
4237,66.65253,103.9121,16.44326927
4238,68.05725,133.6935,20.29162487
4239,67.34998,119.11,18.45986869
4240,70.00498,129.4393,18.56793508
4241,66.55749,127.0247,20.15810169
4242,66.82552,144.7401,22.78554913
4243,70.07322,123.0627,17.61885231
4244,65.9202,126.0649,20.39447246
4245,69.54043,147.8452,21.49254331
4246,63.89592,117.0034,20.1468685
4247,69.03457,131.5836,19.40992427
4248,67.22877,125.3671,19.49972891
4249,66.12426,128.6776,20.68886318
4250,67.87785,132.3484,20.19379136
4251,66.8531,115.879,18.22707426
4252,69.05041,117.2786,17.29185459
4253,70.87198,140.1922,19.62140237
4254,67.4692,135.8756,20.98387442
4255,70.22874,132.974,18.95362591
4256,66.93905,117.9845,18.51062967
4257,69.928,127.9273,18.39146582
4258,67.46962,122.3518,18.89509848
4259,65.00765,109.2661,18.17656583
4260,68.97698,134.6605,19.89698149
4261,67.28864,129.1099,20.04616812
4262,69.65152,129.9016,18.82385759
4263,67.41038,135.7013,20.99354511
4264,67.80162,140.9551,21.5553946
4265,66.75484,101.615,16.03052065
4266,67.9469,127.0723,19.34937409
4267,65.43768,127.1338,20.87183178
4268,68.54153,125.4375,18.77046907
4269,66.7501,120.7329,19.04921643
4270,66.75808,124.1194,19.57885623
4271,67.14647,118.2882,18.44379881
4272,64.69559,116.7241,19.6049845
4273,69.18516,113.5275,16.67364306
4274,66.84281,128.2428,20.17803723
4275,66.4464,130.5346,20.78442696
4276,69.49077,106.2307,15.46504259
4277,68.32951,119.3464,17.96999829
4278,68.38974,120.9379,18.17757071
4279,69.42584,120.7725,17.61493704
4280,64.39313,123.2547,20.89679791
4281,66.61651,118.437,18.76199303
4282,65.86548,115.3497,18.6920129
4283,68.17805,123.2437,18.63935595
4284,67.39926,116.7036,18.06048137
4285,66.31407,116.4127,18.60991204
4286,70.68802,132.3031,18.61374291
4287,67.26683,123.296,19.1558924
4288,67.1325,117.0996,18.26606907
4289,67.61674,132.7665,20.41434147
4290,66.91216,122.0016,19.15626129
4291,70.58226,146.1837,20.62828651
4292,66.47926,132.2434,21.03570048
4293,69.5459,146.3853,21.27696742
4294,66.60835,119.6048,18.95163062
4295,67.34376,137.8448,21.36736611
4296,64.77135,124.6944,20.8947114
4297,66.46439,128.8286,20.50168544
4298,66.64913,119.3743,18.89196766
4299,70.56844,123.43,17.42428717
4300,65.31528,106.8598,17.60921906
4301,72.48479,134.4771,17.99326143
4302,67.86837,129.8224,19.81390703
4303,68.52634,109.2449,16.35465635
4304,68.61738,123.566,18.44956157
4305,66.50536,125.5915,19.96191836
4306,70.46311,126.8938,17.96685707
4307,64.63883,137.3284,23.10620975
4308,64.12338,108.9028,18.61922321
4309,69.28959,135.4082,19.82733329
4310,66.52926,131.7847,20.93123876
4311,69.30883,122.2514,17.89089353
4312,68.54471,134.4462,20.11666437
4313,67.25904,108.6926,16.89094602
4314,67.96864,124.3293,18.91958706
4315,65.3382,131.6971,21.68688642
4316,68.51678,129.4089,19.37874202
4317,68.1636,127.5867,19.30437259
4318,64.67487,128.3635,21.5737552
4319,66.13689,130.3095,20.94323981
4320,68.58303,132.5038,19.80388162
4321,68.34844,145.901,21.95615967
4322,64.6569,126.4447,21.26308125
4323,68.68484,136.1093,20.28249342
4324,67.75816,121.0123,18.52941176
4325,68.48014,132.472,19.85866909
4326,67.7747,126.7129,19.39281916
4327,64.7249,115.7365,19.42150556
4328,66.6102,118.9776,18.85120229
4329,72.2969,145.854,19.61707794
4330,70.30878,148.238,21.08122035
4331,66.77503,122.7048,19.34588908
4332,66.70433,120.42,19.02593003
4333,69.39368,126.5408,18.47336719
4334,67.37433,131.6976,20.39596541
4335,67.20466,123.5504,19.23094848
4336,67.9947,119.9449,18.23841056
4337,67.08886,123.5117,19.29134909
4338,68.81947,123.5561,18.33989603
4339,71.07494,134.0842,18.65949676
4340,68.98151,136.7907,20.20907815
4341,69.80853,121.3415,17.50441892
4342,70.21339,132.8196,18.93989684
4343,67.33679,112.8553,17.49735752
4344,73.52131,168.881,21.9639094
4345,67.45857,131.4655,20.30920209
4346,68.65576,121.3053,18.09177355
4347,68.77267,126.5212,18.80558536
4348,67.03704,125.3926,19.61541825
4349,66.86733,114.7951,18.04889886
4350,67.01919,134.5043,21.05198949
4351,68.52514,133.6321,20.00627597
4352,67.69771,121.778,18.67997136
4353,68.43487,126.847,19.04060011
4354,67.71514,128.0152,19.62661045
4355,70.39987,113.918,16.15860863
4356,68.44396,134.0367,20.11447929
4357,66.80834,131.6397,20.73389272
4358,67.35984,126.8163,19.6484506
4359,67.79903,131.89,20.17066573
4360,64.83853,115.6714,19.3426065
4361,69.57892,126.2769,18.33681359
4362,64.85426,102.1079,17.0662323
4363,69.318,139.4982,20.40947726
4364,69.58868,151.474,21.98954392
4365,66.52781,122.1092,19.39533371
4366,67.93528,125.7438,19.1536332
4367,66.39941,123.1702,19.63959514
4368,68.28614,136.4907,20.57753068
4369,68.17646,116.4352,17.61046097
4370,65.36868,117.4086,19.31593805
4371,67.96446,112.4388,17.11227637
4372,69.02437,139.9596,20.65157195
4373,68.08001,121.2457,18.39003046
4374,67.68973,128.3855,19.69816352
4375,67.05199,120.0329,18.76861737
4376,65.62946,109.3694,17.85062772
4377,64.31704,129.4821,22.0045738
4378,69.08279,152.901,22.52298322
4379,66.7653,136.5692,21.53805496
4380,72.77662,133.6427,17.73849635
4381,66.97685,137.0715,21.48092871
4382,70.10322,124.931,17.871031
4383,68.92731,131.7141,19.48969013
4384,65.24486,119.642,19.75815473
4385,68.7959,131.2416,19.49403441
4386,69.0613,119.2979,17.58403848
4387,67.39122,115.0093,17.80252679
4388,63.14333,122.7882,21.64995484
4389,68.43035,124.8597,18.74476886
4390,65.72614,98.39409,16.01209225
4391,66.71343,124.0144,19.58848739
4392,68.2317,124.296,18.76895504
4393,67.07728,124.0139,19.37647638
4394,68.10745,132.0081,20.00629484
4395,67.23206,134.8625,20.97460035
4396,69.76432,136.0319,19.64849805
4397,66.65442,127.9094,20.23950466
4398,67.20022,136.8048,21.29684504
4399,71.20749,138.9045,19.25840366
4400,71.64258,154.3787,21.14463876
4401,68.09536,139.4726,21.14507265
4402,68.11601,138.099,20.92413232
4403,69.57164,133.752,19.42634636
4404,67.897,123.706,18.86448347
4405,68.92362,133.4767,19.75261628
4406,68.85579,129.4416,19.1932388
4407,66.93016,145.6689,22.8601165
4408,71.03782,126.1809,17.5780095
4409,66.94058,121.4461,19.05285034
4410,69.32304,142.2131,20.80365915
4411,67.21622,119.7238,18.62891866
4412,64.26905,106.7157,18.16267792
4413,67.43203,130.1147,20.11635178
4414,68.98981,138.5589,20.46538194
4415,67.38395,120.821,18.70616756
4416,67.72313,112.5397,17.24991797
4417,67.79721,127.7983,19.54594884
4418,67.98674,133.9054,20.36596449
4419,66.87883,99.56439,15.64883562
4420,69.75841,122.1663,17.6487357
4421,67.87888,131.3067,20.03424018
4422,69.23586,143.7584,21.08270701
4423,68.7266,151.6764,22.57478478
4424,67.19957,115.6396,18.00233826
4425,66.58109,107.1456,16.99134917
4426,68.82634,150.2899,22.30364117
4427,67.67068,118.7544,18.23072557
4428,64.81833,108.9651,18.23253566
4429,68.88452,136.5556,20.23119643
4430,65.39146,124.8106,20.51940333
4431,69.91503,119.8377,17.23485736
4432,63.54206,99.76986,17.37129147
4433,70.13123,148.4142,21.21328217
4434,67.05703,133.3179,20.84275677
4435,69.45941,135.9285,19.80631443
4436,66.94935,128.028,20.08017792
4437,67.81851,122.8946,18.78415389
4438,63.65292,127.5172,22.12521149
4439,67.11763,127.4499,19.88939619
4440,68.64794,136.7766,20.40384943
4441,69.3026,132.8961,19.45219009
4442,68.60861,122.4088,18.28145358
4443,66.80109,113.3951,17.86415653
4444,70.87196,115.3527,16.14485698
4445,67.90794,136.4296,20.7980596
4446,64.88167,131.3802,21.94023143
4447,70.78203,151.4922,21.2568824
4448,70.35834,112.2811,15.94523099
4449,66.99549,129.9559,20.35448838
4450,68.83182,116.898,17.34538324
4451,67.33693,124.2691,19.26690045
4452,68.98465,127.9153,18.89613088
4453,67.60913,139.9747,21.52752863
4454,65.38645,117.6032,19.33743853
4455,68.16769,133.1749,20.14747148
4456,68.17351,119.293,18.04425583
4457,69.88287,122.8937,17.69063735
4458,67.58588,123.5244,19.0106135
4459,68.5846,131.1773,19.60472671
4460,67.00383,95.88791,15.01481279
4461,69.99553,158.3578,22.72239849
4462,72.53259,133.576,17.84914379
4463,65.08427,135.3471,22.46219555
4464,66.11127,128.7408,20.70715949
4465,69.9046,129.0113,18.55972626
4466,67.97472,118.2064,17.98462809
4467,66.82932,136.9731,21.56038569
4468,69.3533,134.4424,19.64976317
4469,71.39534,124.8929,17.22476648
4470,66.59922,136.3075,21.6041305
4471,69.40189,120.8579,17.63956104
4472,70.27495,135.9954,19.3588009
4473,67.31858,124.6169,19.33135852
4474,71.45173,131.5614,18.11583325
4475,68.83931,157.078,23.30223999
4476,68.99723,124.6289,18.40393859
4477,67.73454,132.1244,20.24500935
4478,64.8353,118.2692,19.77898198
4479,70.74426,139.9319,19.65575091
4480,72.26598,149.2389,20.08952051
4481,64.72663,126.0976,21.15904946
4482,67.5752,119.6545,18.42085067
4483,69.51645,140.2187,20.39792965
4484,70.48831,111.7304,15.8085662
4485,69.32666,128.4377,18.78656113
4486,68.52587,109.5741,16.40416471
4487,73.16001,135.1826,17.75532425
4488,64.28542,119.4849,20.32560017
4489,66.65608,135.1861,21.38985425
4490,64.71064,111.5654,18.72981388
4491,62.99042,115.6669,20.49346588
4492,68.70787,123.0031,18.31717149
4493,68.12126,126.6086,19.18020245
4494,66.77899,122.0006,19.23258228
4495,68.23149,119.6607,18.0691263
4496,68.42894,122.0538,18.32428362
4497,64.0197,127.9519,21.94698137
4498,71.09565,117.1362,16.29147468
4499,69.87248,147.2908,21.20892371
4500,66.51831,125.4061,19.92469001
4501,68.57445,123.3187,18.43569849
4502,67.46212,139.4874,21.54618253
4503,69.61527,137.9174,20.00623485
4504,66.86386,119.266,18.75379179
4505,66.18998,115.9555,18.6063925
4506,69.7905,130.5095,18.83670044
4507,70.21174,131.2829,18.72164538
4508,71.14846,130.8226,18.1679988
4509,74.28376,147.7877,18.82807237
4510,64.48835,102.7518,17.36929667
4511,65.97201,124.009,20.03037583
4512,66.51754,134.4456,21.36139249
4513,67.83224,125.095,19.1127403
4514,68.7614,138.5499,20.60023244
4515,70.18641,134.395,19.17928349
4516,65.12676,118.875,19.70275283
4517,71.25743,136.5501,18.90545081
4518,67.75602,127.7343,19.55992036
4519,67.80062,120.5416,18.43422764
4520,66.71286,137.1043,21.65645075
4521,65.9331,119.1788,19.27291216
4522,70.75201,124.9258,17.54405175
4523,64.36337,100.9973,17.13908128
4524,66.51439,111.0706,17.64912658
4525,69.03382,143.6707,21.1933554
4526,65.454,124.8217,20.4820317
4527,68.82248,136.6368,20.27973945
4528,69.35365,136.1504,19.8991993
4529,68.4663,126.8492,19.02345258
4530,69.50765,133.1992,19.3816939
4531,67.68823,138.961,21.32170549
4532,69.41031,136.4148,19.90530551
4533,69.67469,118.0784,17.09919616
4534,68.04007,149.4074,22.68808966
4535,65.16827,124.2854,20.57325719
4536,66.15991,131.0075,21.04077211
4537,65.87678,122.0955,19.77835905
4538,66.73303,125.1468,19.7557438
4539,66.77722,107.7781,16.99140056
4540,67.93868,131.2999,19.99795152
4541,67.48863,128.1304,19.77635651
4542,70.19163,111.1449,15.85894193
4543,66.40732,111.0917,17.70944823
4544,68.05629,115.4242,17.51925594
4545,65.52001,132.1594,21.64240268
4546,65.64331,121.3271,19.79393768
4547,65.63637,136.2254,22.22922429
4548,67.70932,115.7406,17.74778463
4549,67.49917,133.5066,20.59971424
4550,66.29127,127.8453,20.4516058
4551,69.74138,142.3054,20.568169
4552,63.45437,106.2611,18.55267595
4553,69.46406,134.3778,19.57773859
4554,68.05326,120.6881,18.31984971
4555,67.07399,139.5754,21.81001291
4556,65.59536,124.4232,20.32873955
4557,70.01907,122.7936,17.60752772
4558,67.13432,122.1132,19.04709503
4559,69.95471,139.8142,20.08503931
4560,68.31764,130.2584,19.61983512
4561,67.93284,111.6216,17.00372319
4562,68.37831,109.8238,16.51258499
4563,69.38169,138.2864,20.19505533
4564,67.83912,121.4831,18.55712868
4565,66.76314,120.3041,18.97414631
4566,69.13398,124.0916,18.25217357
4567,65.58554,119.738,19.56911239
4568,67.12002,132.4267,20.66458688
4569,68.20826,126.163,19.06397197
4570,69.83352,124.5901,17.96019272
4571,68.52243,129.9774,19.46066419
4572,66.61883,114.8356,18.19021644
4573,67.03413,123.505,19.3218146
4574,68.58395,124.7217,18.64027686
4575,68.48187,126.5771,18.97401522
4576,68.22285,143.9747,21.74612055
4577,70.11615,127.6471,18.25282772
4578,64.31068,119.6461,20.33703652
4579,68.91069,103.7011,15.35201871
4580,68.01192,140.6438,21.37498636
4581,68.44067,130.1721,19.53640867
4582,69.5139,132.2547,19.24080021
4583,69.20247,118.3357,17.37112389
4584,66.04611,107.3271,17.29697799
4585,66.015,134.3205,21.66767783
4586,69.00199,128.0736,18.91000791
4587,69.61754,143.0774,20.75338862
4588,69.41293,127.4879,18.60131035
4589,68.42341,117.5081,17.64467652
4590,68.59122,132.3095,19.77011967
4591,70.47426,126.1309,17.8531877
4592,70.13001,138.7704,19.83555532
4593,69.01521,128.4133,18.95290144
4594,70.97422,129.5877,18.08497239
4595,69.42301,116.2255,16.95312909
4596,66.84684,111.121,17.48194309
4597,68.37668,118.7218,17.85129708
4598,67.80923,131.6974,20.13515145
4599,66.4699,141.4318,22.50361778
4600,70.23437,138.4311,19.72829769
4601,70.16075,139.4051,19.90882099
4602,66.23907,109.824,17.59641232
4603,68.76154,125.4809,18.65699781
4604,64.64843,122.8828,20.66952321
4605,69.51686,150.847,21.94379351
4606,67.7263,128.1654,19.64316308
4607,68.53926,121.0356,18.11296843
4608,68.16448,137.2303,20.76295132
4609,70.16738,131.504,18.77689453
4610,66.92499,127.9481,20.08225772
4611,67.18215,127.5982,19.87431077
4612,65.35392,125.9641,20.73284156
4613,67.71159,128.942,19.77077543
4614,69.35197,123.6344,18.07078615
4615,67.54023,132.426,20.40814427
4616,68.43556,122.0015,18.31288822
4617,66.50187,130.4876,20.74229723
4618,68.9358,127.2358,18.8224005
4619,65.99168,119.7409,19.32944898
4620,69.45486,140.6464,20.49645082
4621,66.9045,137.6207,21.61366564
4622,67.63969,118.1787,18.1589744
4623,66.1437,128.4443,20.63921575
4624,67.59159,134.3476,20.67282899
4625,71.78019,166.3016,22.69042056
4626,69.44107,123.4122,17.99204841
4627,71.98935,142.7132,19.359002
4628,70.15393,123.8781,17.69480783
4629,70.10971,126.9465,18.15598082
4630,66.68738,117.3343,18.54782549
4631,70.49701,137.1545,19.40099444
4632,65.43499,105.8885,17.38537411
4633,69.52902,123.5902,17.9724442
4634,66.08382,128.3405,20.65992653
4635,67.53462,122.189,18.83365083
4636,66.70738,119.1554,18.82440624
4637,67.68437,127.9357,19.63225982
4638,64.9133,117.8536,19.66214083
4639,66.99054,114.2598,17.89871395
4640,66.90392,124.3436,19.52880339
4641,68.30928,121.873,18.36129936
4642,67.78254,107.1698,16.39804475
4643,66.67402,105.6942,16.71449266
4644,68.02345,105.9209,16.09235772
4645,66.26386,110.0377,17.61746298
4646,68.65872,126.4691,18.86028919
4647,68.8758,133.5623,19.79273918
4648,70.66494,110.5288,15.56047288
4649,67.46764,142.8422,22.06077766
4650,66.86561,131.3179,20.64779274
4651,68.07938,142.0148,21.54059759
4652,66.97214,105.1855,16.48628669
4653,67.09087,119.0616,18.59517168
4654,66.25477,131.6159,21.07799909
4655,68.48544,123.1869,18.46389623
4656,67.56328,114.1342,17.57719917
4657,67.94652,127.8594,19.46944404
4658,67.63842,123.8136,19.02553018
4659,69.49172,139.1029,20.25001676
4660,69.35023,117.3644,17.15520438
4661,68.48414,155.8502,23.36052916
4662,67.34242,133.4692,20.68992633
4663,63.7973,128.2173,22.14610497
4664,66.47145,128.9056,20.50958178
4665,68.39396,145.1997,21.82154741
4666,67.86356,117.7852,17.97929972
4667,69.62777,129.2314,18.73951739
4668,65.50648,110.3151,18.07264682
4669,72.72292,145.1721,19.29726972
4670,70.14217,132.9902,19.002755
4671,68.78695,121.1068,17.99333838
4672,68.67806,137.4109,20.48049606
4673,71.31953,141.1587,19.5094951
4674,67.84642,137.6199,21.01757907
4675,68.40321,111.129,16.69666625
4676,65.63922,129.8425,21.18582451
4677,70.43045,130.4964,18.49408841
4678,68.00444,124.4823,18.92293039
4679,67.39155,138.9571,21.5092455
4680,68.0015,136.2141,20.70810722
4681,69.24153,131.2422,19.24400741
4682,68.36251,106.3978,16.00486345
4683,68.48326,124.4191,18.64977209
4684,63.36476,110.7614,19.3931418
4685,64.47663,125.7709,21.26820479
4686,65.29852,114.0163,18.79817085
4687,66.60327,135.8777,21.53339008
4688,71.58316,133.3415,18.29358948
4689,69.32199,138.8873,20.3177596
4690,69.28785,132.6007,19.41721641
4691,65.72065,123.9237,20.17000457
4692,70.17847,127.4536,18.19280399
4693,67.75328,148.2412,22.70197273
4694,68.02834,122.158,18.55656091
4695,67.12107,119.7528,18.68629753
4696,69.66713,117.5732,17.02973242
4697,69.00275,125.9822,18.60080392
4698,65.31244,137.7114,22.69516794
4699,67.28896,108.2831,16.8123481
4700,68.80003,133.9222,19.88981048
4701,68.98651,128.5798,18.9932691
4702,67.06068,136.4265,21.32642977
4703,68.05695,128.2201,19.46105912
4704,66.84523,112.124,17.64058828
4705,68.59912,135.1695,20.19281857
4706,67.74997,127.2095,19.48303704
4707,67.38104,119.7502,18.5419819
4708,69.44609,119.5742,17.42999294
4709,66.16242,137.4896,22.08016984
4710,68.41685,129.0061,19.37489786
4711,71.03861,147.6293,20.56548592
4712,66.91687,126.9994,19.9381912
4713,68.77967,110.6833,16.44815722
4714,69.49877,137.0191,19.9426193
4715,65.22814,125.0944,20.66917794
4716,66.60077,142.9751,22.65986058
4717,69.16164,129.2245,18.99195268
4718,67.09027,142.6689,22.28258431
4719,67.51801,133.2004,20.5410002
4720,63.13165,135.8015,23.95331423
4721,73.45251,155.9981,20.32644138
4722,63.47897,110.1628,19.21898944
4723,67.17019,137.8439,21.47779652
4724,66.73316,121.0711,19.11227706
4725,67.93199,115.9738,17.66715171
4726,70.64087,129.3937,18.22872856
4727,65.33506,111.071,18.29209375
4728,66.92901,111.5159,17.50101821
4729,71.16317,144.9723,20.12471704
4730,68.19393,123.3543,18.64739538
4731,68.17463,127.3197,19.25774148
4732,65.15114,111.6275,18.48768296
4733,66.95485,123.4444,19.35809582
4734,68.71217,116.1338,17.292056
4735,66.21228,106.3145,17.04789415
4736,68.06876,129.3926,19.63220527
4737,70.20125,145.3962,20.74047463
4738,67.33368,130.253,20.19660438
4739,67.63632,144.0878,22.14229309
4740,66.23692,122.5351,19.63430691
4741,67.59318,133.0454,20.47148893
4742,67.82746,107.4374,16.41722336
4743,71.17149,149.076,20.68954502
4744,64.72317,116.8801,19.61445925
4745,63.55844,103.049,17.93298761
4746,69.71436,117.5245,16.99962134
4747,68.3598,130.8889,19.69049237
4748,68.51115,143.0422,21.42382396
4749,66.59144,105.2595,16.68705952
4750,68.90018,120.1055,17.78596804
4751,68.62103,143.016,21.35135725
4752,67.84607,126.8695,19.37595696
4753,68.54416,138.9043,20.78404615
4754,66.54197,121.5207,19.29364482
4755,70.09349,131.7383,18.8500285
4756,68.07186,120.9546,18.35027089
4757,69.12659,138.612,20.39228478
4758,70.69432,147.3622,20.72871492
4759,68.92726,130.0261,19.23994526
4760,67.10353,124.1674,19.38528447
4761,68.07727,143.489,21.76555125
4762,65.82037,123.8217,20.09238303
4763,68.89326,130.7247,19.36241424
4764,66.85902,123.2355,19.38077517
4765,69.44484,114.1544,16.64056307
4766,68.71047,153.0572,22.79099315
4767,69.65196,126.5914,18.34394941
4768,66.28558,120.8002,19.32790832
4769,69.30112,129.099,18.89721031
4770,70.5502,145.7179,20.58124916
4771,67.09825,121.1429,18.91606963
4772,66.43672,119.0362,18.95911292
4773,68.01988,134.8026,20.48244847
4774,65.04188,132.806,22.06921318
4775,69.12072,127.696,18.78953844
4776,66.70731,131.1142,20.71372464
4777,71.77408,129.1887,17.62968628
4778,68.2889,114.3058,17.23151087
4779,64.9734,114.0111,18.9859037
4780,71.4599,141.1522,19.43202982
4781,65.03556,113.4672,18.85922729
4782,69.05564,136.4157,20.11043069
4783,70.76986,134.7036,18.90766307
4784,67.74608,129.3842,19.81838352
4785,65.393,97.8247,16.08204697
4786,68.01276,130.7321,19.86811953
4787,70.21576,146.9626,20.95525499
4788,69.68073,139.0045,20.12606177
4789,67.54382,126.4992,19.49269404
4790,70.15526,138.6155,19.79915447
4791,68.40203,123.6083,18.57226951
4792,65.77722,132.5113,21.53065344
4793,66.97553,125.2087,19.62264349
4794,69.02762,116.7207,17.22096203
4795,68.43486,140.1941,21.04409704
4796,68.55513,115.1087,17.21803383
4797,69.0732,129.883,19.13764453
4798,68.09033,124.4072,18.86383385
4799,69.05185,127.8751,18.85344309
4800,66.95318,118.9592,18.65567391
4801,69.27087,136.2203,19.9570283
4802,64.46096,114.2431,19.32821581
4803,64.9549,111.1484,18.51973224
4804,66.87663,134.4741,21.13709069
4805,68.23273,125.8111,18.99716474
4806,69.044,137.9178,20.33872659
4807,69.87691,109.3782,15.74775731
4808,66.17919,115.505,18.54014878
4809,65.71652,120.607,19.63264099
4810,65.66691,130.3822,21.25594748
4811,70.42201,130.8399,18.54721453
4812,68.53986,141.4287,21.16442376
4813,67.62274,113.1045,17.388002
4814,69.96111,120.7486,17.3429929
4815,65.83646,111.1042,18.01992004
4816,68.88975,136.915,20.28136301
4817,66.11515,125.3766,20.16368193
4818,68.70642,132.7497,19.76943391
4819,65.79474,118.1206,19.18220903
4820,68.52388,129.7188,19.42112376
4821,70.82503,138.2801,19.37945126
4822,69.38767,127.8541,18.66832598
4823,64.99997,106.3608,17.69744649
4824,67.55168,118.5889,18.26951663
4825,67.1831,117.5862,18.31435389
4826,68.17915,133.4329,20.17971763
4827,69.20783,120.0598,17.62148385
4828,69.94376,124.5943,17.90422591
4829,64.18266,118.6707,20.25178951
4830,68.05417,135.4153,20.55481527
4831,66.24238,121.9611,19.5391111
4832,69.33374,133.7451,19.55887854
4833,67.55372,118.1307,18.19782832
4834,67.24855,128.5772,19.98726819
4835,66.37183,124.8378,19.92204181
4836,66.21681,135.8262,21.77721637
4837,68.48138,115.2564,17.27727988
4838,65.99503,146.0235,23.56978481
4839,68.20817,143.0554,21.6165701
4840,64.83886,120.4189,20.13627992
4841,69.47052,136.1018,19.82522362
4842,70.66531,135.2724,19.04372859
4843,65.31799,113.9184,18.77083438
4844,73.62592,144.2733,18.71025995
4845,65.64183,139.218,22.71377688
4846,66.1763,137.8042,22.12141056
4847,68.20944,123.0101,18.58690711
4848,67.33013,126.067,19.54959826
4849,70.70642,148.5372,20.88684581
4850,69.27187,110.7831,16.22986904
4851,66.49201,120.029,19.08545815
4852,63.73844,122.7468,21.2403977
4853,68.73929,128.6261,19.13702141
4854,65.95611,120.8344,19.52701445
4855,68.2791,125.4675,18.91955833
4856,66.29813,127.7337,20.42952455
4857,67.26906,132.8131,20.6331493
4858,70.01685,141.7715,20.33008165
4859,66.99124,121.3387,19.00722122
4860,63.33461,116.4184,20.40303385
4861,66.48133,114.4604,18.20585946
4862,66.96424,126.3607,19.80986243
4863,67.76229,129.6594,19.85103631
4864,68.64237,128.845,19.22376085
4865,70.16208,141.6777,20.23261008
4866,70.96379,140.0763,19.554485
4867,69.50635,126.771,18.44702241
4868,63.75673,104.9152,18.14436061
4869,67.97424,152.1104,23.14331211
4870,66.1089,119.3998,19.20609455
4871,63.30114,102.7788,18.03166395
4872,68.76435,104.4743,15.53238371
4873,67.68224,122.9173,18.8633529
4874,71.11972,130.0384,18.07369154
4875,68.865,121.9668,18.08005931
4876,70.02623,131.5675,18.86177048
4877,65.6918,107.2827,17.47683137
4878,63.3557,117.6886,20.61191459
4879,66.86873,143.4791,22.55785594
4880,63.65356,102.6027,17.80199681
4881,65.50331,116.8988,19.1530916
4882,68.61979,123.9844,18.51073231
4883,71.06865,136.2899,18.96980499
4884,67.90434,123.2082,18.78451009
4885,69.04428,144.3998,21.29445388
4886,68.23808,145.3389,21.94237316
4887,67.60055,119.9359,18.45032687
4888,68.72349,131.6298,19.59291859
4889,69.72755,133.7225,19.33530383
4890,67.39229,146.2703,22.64076251
4891,67.19624,119.8227,18.65539639
4892,65.56913,107.9515,17.65164415
4893,65.93896,109.1714,17.65143503
4894,68.3392,134.1385,20.19151889
4895,66.37854,130.6212,20.84076241
4896,68.06195,116.0239,17.60735049
4897,72.14804,134.4365,18.15613685
4898,66.3,134.8203,21.56172772
4899,70.52384,116.5449,16.47315162
4900,65.956,126.3619,20.42033459
4901,69.77937,127.6585,18.43108805
4902,68.01271,125.5257,19.07690062
4903,71.04627,134.624,18.74974007
4904,70.30748,129.3855,18.40084934
4905,69.8685,127.9899,18.43181852
4906,68.55351,119.5254,17.87953167
4907,68.04279,111.4427,16.92165065
4908,68.32377,143.6406,21.63161235
4909,68.43992,124.9,18.74557545
4910,69.70106,125.39,18.14426841
4911,69.86274,126.7733,18.25962657
4912,65.28588,120.2017,19.82564887
4913,68.23316,120.3497,18.17227782
4914,67.56772,130.5236,20.09860152
4915,67.92319,137.9222,21.01615934
4916,65.9763,118.559,19.14758208
4917,66.72703,126.2936,19.94036383
4918,67.16036,135.8841,21.17863358
4919,67.7804,122.1423,18.69016622
4920,64.55365,106.3292,17.9376797
4921,67.47804,131.5261,20.30684009
4922,67.29005,122.7303,19.05484493
4923,66.84522,114.8025,18.06200494
4924,63.83743,120.2347,20.74122295
4925,64.04876,122.1794,20.93783923
4926,69.05705,145.6834,21.47579993
4927,66.07726,117.709,18.95225727
4928,69.83849,131.9638,19.02043549
4929,70.33978,128.3473,18.23643952
4930,67.88517,132.8351,20.26368157
4931,66.30635,120.4227,19.25543977
4932,70.70419,127.4847,17.9276386
4933,64.63844,111.2536,18.7192164
4934,67.37468,118.4249,18.34023604
4935,67.32338,132.2462,20.51193838
4936,68.79557,137.0621,20.3587805
4937,69.49827,130.716,19.02550034
4938,69.18297,133.2681,19.57415967
4939,68.05335,120.2172,18.24832118
4940,65.60027,124.9529,20.41222803
4941,69.84728,135.0017,19.45340218
4942,71.20265,155.3163,21.53674403
4943,66.1002,114.3986,18.40646916
4944,68.91567,143.1158,21.18394997
4945,65.88189,111.2503,18.01873991
4946,67.45521,121.8782,18.8300017
4947,67.21505,122.1602,19.00868212
4948,65.97609,124.7486,20.14734659
4949,67.96746,130.7902,19.90345395
4950,66.85926,128.0209,20.13321216
4951,67.62991,120.2907,18.48884401
4952,67.1994,125.7923,19.58297151
4953,65.68971,131.2235,21.37825499
4954,68.65173,131.3886,19.59792262
4955,68.37333,126.8527,19.075748
4956,66.48906,112.4772,17.88625571
4957,66.03608,126.3124,20.36285844
4958,67.01056,118.5625,18.56163288
4959,67.52148,141.824,21.86860847
4960,68.94504,135.164,19.98988542
4961,65.95216,138.0343,22.3092153
4962,68.70893,111.9057,16.66407312
4963,64.0908,109.4352,18.7292754
4964,66.00548,106.1651,17.13077894
4965,70.50014,138.7377,19.62320119
4966,69.06617,138.8835,20.46799165
4967,67.20849,131.6754,20.49329045
4968,68.71365,133.501,19.8771359
4969,70.4988,123.6003,17.48281655
4970,70.09293,120.5015,17.24246483
4971,67.10959,127.9008,19.96454491
4972,67.94613,108.2182,16.47882264
4973,69.9019,132.8392,19.11188905
4974,68.45258,112.1406,16.82436019
4975,69.5192,131.5346,19.13312029
4976,65.52153,124.897,20.45216424
4977,67.62906,115.9246,17.81821639
4978,69.24378,138.2668,20.27270501
4979,68.39542,131.5288,19.76615248
4980,64.77157,110.1024,18.44944315
4981,70.23436,137.102,19.53888859
4982,65.18062,109.788,18.16658203
4983,66.20453,112.9286,18.1127276
4984,70.60819,148.2754,20.90808571
4985,65.64079,119.3393,19.47113252
4986,69.72804,141.9129,20.51928788
4987,67.49767,139.6238,21.5445395
4988,69.18779,119.7962,17.59298167
4989,66.83553,115.7201,18.21165157
4990,67.17618,121.334,18.90197709
4991,68.75179,159.3608,23.70111659
4992,66.51066,133.2151,21.17026358
4993,67.34769,141.3034,21.90092856
4994,71.80087,129.831,17.70411876
4995,67.69782,120.7103,18.51613279
4996,69.0048,141.5982,20.90520616
4997,69.06523,125.8677,18.5502897
4998,65.88747,112.3178,18.1885572
4999,65.84895,118.9697,19.28830136
5000,67.18311,112.7574,17.56225061
5001,63.79598,111.7201,19.297454
5002,67.47173,110.5494,17.07135617
5003,67.15867,103.8433,16.18563089
5004,70.38311,159.9758,22.70244905
5005,66.68444,130.2472,20.59087034
5006,66.66715,123.7624,19.57583377
5007,66.82297,125.297,19.7262462
5008,66.6039,122.711,19.44641278
5009,70.88882,160.0364,22.38817041
5010,70.28146,131.6777,18.74070859
5011,68.61527,124.199,18.54521493
5012,68.94252,122.5949,18.13232193
5013,70.00817,143.777,20.62278394
5014,63.92219,106.1497,18.26294473
5015,68.18982,135.6658,20.51098973
5016,66.93297,112.8116,17.70226718
5017,67.12819,118.7819,18.53086611
5018,67.29436,119.1211,18.49211927
5019,70.49073,121.0715,17.12904822
5020,66.8532,113.7029,17.88473322
5021,68.51902,116.3811,17.42671373
5022,68.68968,128.0095,19.07280374
5023,67.64082,116.0115,17.82537354
5024,68.69251,133.2729,19.85538908
5025,67.6248,127.7888,19.64428063
5026,68.8846,123.8782,18.35295203
5027,69.76061,139.5499,20.15878327
5028,67.56118,126.6252,19.50208374
5029,69.78513,141.3982,20.41142954
5030,70.21612,151.0506,21.53793811
5031,66.27644,126.0282,20.16994498
5032,67.40846,148.4483,22.96686632
5033,68.20932,129.2407,19.52842359
5034,65.79974,132.286,21.47933614
5035,64.49618,106.4894,17.9967349
5036,65.69093,125.0984,20.37962834
5037,68.48055,130.2433,19.52433439
5038,66.17897,123.5842,19.83710392
5039,63.55273,101.2994,17.63168328
5040,67.68025,118.3701,18.16659068
5041,65.4426,109.8414,18.03018962
5042,67.53819,131.1827,20.21776086
5043,67.20388,125.2316,19.49308421
5044,65.10901,131.8946,21.87258719
5045,67.71775,116.0773,17.79498324
5046,66.27965,98.28455,15.72824139
5047,71.03656,127.6602,17.78471873
5048,69.39922,134.0168,19.56164577
5049,67.60067,123.7417,19.03572414
5050,69.41439,125.4915,18.30925243
5051,67.06842,135.2419,21.1363717
5052,68.06961,122.0361,18.51557145
5053,63.88211,117.4632,20.23478752
5054,65.9194,120.1212,19.43338683
5055,70.23642,124.4872,17.74006838
5056,63.84676,116.313,20.05884193
5057,68.9074,121.8405,18.0391168
5058,64.0135,126.9209,21.77435611
5059,67.36541,111.5266,17.27666343
5060,69.06481,132.1843,19.48146254
5061,67.06091,131.9966,20.63379849
5062,68.71498,118.7562,17.68107916
5063,70.10334,138.9367,19.87443927
5064,70.90589,132.6605,18.54950521
5065,66.77943,117.0903,18.45826294
5066,69.55338,121.8668,17.70941654
5067,68.45538,128.6212,19.29535223
5068,68.10538,130.0686,19.71355504
5069,64.46289,109.0084,18.44147892
5070,67.78582,110.3563,16.88397685
5071,65.82491,126.3494,20.4997215
5072,66.22711,130.879,20.97749786
5073,65.4258,130.8643,21.49207899
5074,69.33268,123.4765,18.05775099
5075,65.30644,111.1681,18.32413522
5076,70.66767,151.1334,21.27522849
5077,67.86539,127.2278,19.41961628
5078,65.68213,114.755,18.6996073
5079,66.27532,131.1304,20.98722625
5080,64.15129,117.3512,20.04620061
5081,68.93691,126.7825,18.75473839
5082,66.77623,130.4524,20.56665229
5083,68.66098,110.209,16.43434467
5084,66.03851,120.0319,19.34895319
5085,71.34562,131.9006,18.21660592
5086,66.26107,118.9925,19.05276561
5087,70.96703,136.5441,19.05965363
5088,65.92505,114.2363,18.47815125
5089,66.47783,119.0131,18.93199685
5090,68.65041,144.86,21.60814748
5091,68.22052,130.8069,19.758589
5092,69.53697,144.8661,21.06156156
5093,71.31389,130.7968,18.08023997
5094,68.65623,138.8268,20.70469007
5095,63.90685,130.0556,22.38667318
5096,69.54723,124.231,18.05616987
5097,63.83536,119.8695,20.67956481
5098,69.43228,110.2776,16.08124903
5099,68.8923,127.6997,18.9148906
5100,65.97989,142.5486,23.0194587
5101,73.25816,157.0989,20.57862989
5102,65.69314,138.5876,22.5756185
5103,69.95721,128.1607,18.40963738
5104,69.93565,130.3446,18.73488956
5105,67.55601,119.1028,18.34633477
5106,67.47638,115.6698,17.85960128
5107,69.05674,128.3985,18.92793039
5108,68.54497,136.1737,20.37498893
5109,70.44462,116.6906,16.53086337
5110,67.11656,131.4909,20.52067513
5111,67.60673,115.494,17.76375959
5112,67.76797,116.0487,17.76424081
5113,64.22799,116.596,19.86965445
5114,67.64933,138.6958,21.30549533
5115,66.94828,126.0413,19.76921166
5116,68.83697,145.686,21.61372657
5117,69.03861,128.7906,18.99570488
5118,67.88536,142.1595,21.68597543
5119,69.15298,138.9115,20.42075178
5120,65.76655,122.0769,19.84169169
5121,66.41848,119.0393,18.97002156
5122,69.98636,136.7085,19.62113069
5123,69.33663,124.8379,18.2547681
5124,68.14856,129.218,19.55982536
5125,69.61056,124.5365,18.06765237
5126,70.24424,132.7187,18.9088888
5127,64.66037,110.1455,18.52020173
5128,67.14089,132.4193,20.65058814
5129,66.55536,120.6308,19.14465124
5130,67.02821,134.6226,21.06483471
5131,66.61015,131.3866,20.81735632
5132,67.87365,134.9717,20.59660469
5133,68.48489,121.162,18.16068533
5134,71.46727,146.1977,20.12247887
5135,67.52509,130.7501,20.15890839
5136,69.14416,123.9601,18.22746332
5137,66.34347,105.9251,16.91834364
5138,68.8517,147.2738,21.83994208
5139,66.59398,128.4305,20.35886468
5140,68.79421,116.2545,17.26876669
5141,65.60404,128.8795,21.05125529
5142,69.60759,124.4609,18.05822529
5143,71.79002,131.1114,17.8841223
5144,65.39644,133.017,21.86524054
5145,68.186,123.0559,18.60661356
5146,70.64194,128.8506,18.15166782
5147,69.27806,146.6325,21.47801439
5148,65.41192,125.2607,20.58052103
5149,69.74131,135.9477,19.64929568
5150,69.68791,149.0918,21.58212499
5151,67.61616,129.9896,19.98770478
5152,65.33279,115.5896,19.03757714
5153,68.09827,122.5938,18.58453392
5154,67.78589,130.5478,19.97313684
5155,66.37325,110.4683,17.6281537
5156,70.70383,147.9488,20.80563101
5157,67.77536,135.435,20.72729225
5158,70.16781,132.2276,18.87998289
5159,65.08294,124.8522,20.72130953
5160,68.09864,139.5397,21.15320765
5161,69.72378,127.9841,18.50757406
5162,66.10587,129.5105,20.83436434
5163,68.81614,128.4016,19.06097637
5164,66.34879,136.5927,21.81307038
5165,68.85181,131.0471,19.43354438
5166,67.88949,135.8495,20.72088388
5167,67.3565,124.7415,19.3289055
5168,67.87392,123.9916,18.92089714
5169,67.82355,120.0348,18.34431346
5170,68.93013,119.6138,17.69776474
5171,66.72655,104.4695,16.49481692
5172,69.96413,141.4657,20.31681386
5173,70.92472,133.859,18.70715055
5174,68.15966,130.2032,19.70253702
5175,65.71158,120.7602,19.66053489
5176,66.88241,116.1838,18.2590036
5177,67.87445,129.3543,19.73892733
5178,69.77941,140.2507,20.24910239
5179,65.39579,114.7891,18.86932631
5180,70.51058,117.7705,16.65264676
5181,66.56644,121.7629,19.31788807
5182,68.74163,146.386,21.77786078
5183,68.50865,142.5118,21.34594231
5184,67.86683,136.538,20.83980898
5185,65.68959,108.1989,17.62727046
5186,68.1756,126.6541,19.15652103
5187,67.27204,128.769,20.00310675
5188,65.3007,130.2829,21.47865432
5189,68.37952,126.2574,18.98279121
5190,70.39798,119.4655,16.94639928
5191,65.3603,112.0012,18.43104362
5192,68.8706,129.9499,19.26032191
5193,66.21022,116.362,18.66020628
5194,68.94788,142.8095,21.11886575
5195,68.04951,123.9961,18.82406206
5196,66.09906,118.4749,19.06299391
5197,65.89673,138.4134,22.4081361
5198,67.19993,111.4001,17.34216302
5199,69.40899,105.0894,15.33496495
5200,69.07487,129.1519,19.02900026
5201,67.65384,120.3397,18.48329289
5202,68.48956,120.7475,18.09608887
5203,68.34723,124.124,18.67967224
5204,69.67407,140.3264,20.32134026
5205,65.19464,119.1674,19.71010809
5206,69.81691,139.3101,20.09169986
5207,64.26605,115.7719,19.70585445
5208,68.77984,128.1583,19.04494578
5209,64.94194,119.9868,20.00038151
5210,69.40853,136.2726,19.88557594
5211,66.60982,120.7165,19.12693756
5212,68.74031,143.4148,21.33665445
5213,72.8443,146.7131,19.43717166
5214,65.56742,114.1088,18.65942571
5215,67.30672,119.2437,18.50435341
5216,67.87438,129.1951,19.71467474
5217,67.37272,110.0987,17.05176558
5218,68.52976,132.8156,19.88135554
5219,67.2006,120.7292,18.79409192
5220,71.326,133.6295,18.46553649
5221,66.99797,113.5302,17.78047832
5222,70.15071,144.6167,20.65901592
5223,67.56198,111.4511,17.16464979
5224,67.84632,131.1354,20.02731264
5225,67.99597,124.7397,18.96678289
5226,71.45949,136.4103,18.77944116
5227,65.98938,133.9456,21.62398249
5228,70.30094,148.0703,21.06206832
5229,69.63548,118.8671,17.2327999
5230,68.12716,130.0225,19.69396978
5231,67.19533,117.8517,18.34902508
5232,69.96297,131.029,18.81855517
5233,70.75433,139.7372,19.6228153
5234,64.90027,99.29265,16.57217152
5235,67.53863,122.6701,18.9055602
5236,66.93918,112.5864,17.66365126
5237,66.74599,114.6931,18.0984865
5238,67.53267,124.3523,19.16819886
5239,67.03579,113.4992,17.75557176
5240,66.19745,119.4549,19.16358572
5241,66.16514,116.2537,18.66825126
5242,70.4784,141.2563,19.99176228
5243,66.71437,112.926,17.83653505
5244,67.52916,120.8297,18.62714637
5245,70.87923,144.9908,20.28886672
5246,70.87713,120.3404,16.84048243
5247,62.52373,101.0402,18.17020237
5248,67.78636,136.2587,20.84658586
5249,67.1394,121.6793,18.97654375
5250,67.39241,124.8535,19.3256483
5251,65.87821,127.8471,20.70916678
5252,66.55073,137.5442,21.83192141
5253,65.77153,103.9089,16.88620988
5254,67.98557,141.2212,21.47937975
5255,66.84341,115.4613,18.16663847
5256,69.21199,128.5016,18.85824126
5257,66.35945,122.8733,19.61585721
5258,69.23369,130.3051,19.11092819
5259,68.82616,133.9048,19.87212868
5260,69.36336,139.0361,20.31527274
5261,70.20959,134.7929,19.22336748
5262,68.15011,136.8965,20.72118306
5263,68.06755,112.9757,17.1419462
5264,66.61783,113.0753,17.91191872
5265,66.84021,131.2762,20.6569268
5266,70.60805,145.9398,20.57882796
5267,70.98349,143.2473,19.98605478
5268,68.09578,136.2662,20.65870397
5269,68.63828,134.4078,20.05612435
5270,69.50947,135.2759,19.68284184
5271,67.27908,118.9625,18.47588792
5272,67.62248,106.5357,16.37828034
5273,65.98498,124.1788,20.04991819
5274,70.60025,143.1552,20.19063488
5275,65.18921,118.4354,19.59229991
5276,66.32422,120.6698,19.28455472
5277,67.62091,136.1237,20.92796731
5278,69.19727,113.7928,16.70675821
5279,66.1129,124.6016,20.04040661
5280,68.12418,133.7479,20.26001307
5281,69.48945,143.7332,20.92544348
5282,67.16699,122.6097,19.10593879
5283,66.45846,127.9224,20.36110657
5284,68.57463,119.9155,17.92683832
5285,70.02842,158.2521,22.6859072
5286,65.46377,101.8393,16.70585493
5287,66.48352,125.5619,19.97032778
5288,65.78847,112.7934,18.32058935
5289,69.14324,113.9947,16.76256721
5290,66.10192,120.5016,19.38741872
5291,68.5156,110.4182,16.53548957
5292,64.2164,129.756,22.12029241
5293,69.15358,129.065,18.97293308
5294,66.83911,126.2087,19.86018554
5295,64.05746,109.798,18.81093255
5296,67.80361,134.8236,20.61653188
5297,67.78006,146.6249,22.43670904
5298,66.0792,121.5591,19.57101041
5299,67.54866,119.1681,18.36038839
5300,67.18499,111.7433,17.40332795
5301,66.36282,123.4684,19.7088589
5302,66.21209,120.9058,19.38777034
5303,69.61635,123.0992,17.85615951
5304,66.83693,123.2452,19.3951147
5305,71.80311,132.7094,18.09549636
5306,67.0625,126.7332,19.81008082
5307,72.96339,135.2564,17.86089187
5308,70.34828,151.3674,21.50209168
5309,70.09653,150.9294,21.59415088
5310,69.20104,140.2394,20.5873348
5311,70.35624,132.7655,18.8553812
5312,69.78453,144.8798,20.9143729
5313,71.39937,129.2934,17.82965426
5314,67.0059,116.8217,18.29164471
5315,66.79299,124.906,19.6823457
5316,67.86676,125.3757,19.13614545
5317,67.25419,103.8437,16.13974935
5318,68.56236,122.4352,18.31007418
5319,66.43275,136.132,21.6845837
5320,68.91151,125.792,18.62193535
5321,67.50477,126.8799,19.573984
5322,69.08511,145.0689,21.36784556
5323,68.7803,148.623,22.08580416
5324,66.66053,135.6636,21.462541
5325,68.66602,114.7145,17.1036929
5326,68.47595,114.8512,17.21926976
5327,67.53608,128.0852,19.74161042
5328,66.23142,121.6196,19.49084927
5329,69.17542,124.7148,18.32186633
5330,67.34508,120.9551,18.74855338
5331,67.77776,117.0167,17.90724387
5332,66.91716,115.5379,18.13864298
5333,68.65138,130.497,19.46513004
5334,66.97762,136.012,21.31440087
5335,69.11727,140.2511,20.63899041
5336,65.2278,132.8841,21.95648839
5337,66.3529,126.9573,20.27184072
5338,67.90441,122.0685,18.61071132
5339,67.14182,107.8829,16.82370786
5340,69.26936,139.1728,20.39047485
5341,67.55353,123.1504,18.97121107
5342,69.1191,127.1047,18.70340964
5343,66.5787,130.5048,20.69718056
5344,68.34422,126.8956,19.09845808
5345,70.87732,142.4991,19.94127263
5346,66.25515,109.9755,17.61213424
5347,70.20374,142.2116,20.28475886
5348,65.37244,119.6729,19.68619352
5349,69.21393,139.5979,20.48552938
5350,66.65743,125.0117,19.77920609
5351,70.90598,144.8867,20.25900531
5352,67.63273,116.9137,17.96829602
5353,67.44579,133.6929,20.66112556
5354,69.61543,149.4255,21.67549493
5355,70.72786,134.2975,18.87305551
5356,67.81233,134.3642,20.54099903
5357,68.88371,130.2664,19.29988303
5358,67.59685,128.0565,19.70171516
5359,66.18908,129.8912,20.84310253
5360,67.0619,122.516,19.15121918
5361,71.40566,142.8255,19.69227095
5362,69.94381,144.2052,20.72228655
5363,68.12088,129.3957,19.60264478
5364,70.07833,132.5733,18.9777143
5365,69.21921,138.4788,20.31820509
5366,65.07625,120.4977,20.00271949
5367,66.64317,86.982,13.76808126
5368,69.09678,136.2561,20.06299019
5369,67.29797,128.014,19.87050317
5370,70.07962,138.1994,19.78235568
5371,68.17719,128.9954,19.50973426
5372,70.62613,147.3147,20.76206717
5373,72.75675,155.6063,20.66502423
5374,65.50945,114.2107,18.70915668
5375,69.80503,118.0632,17.03320758
5376,68.48037,122.2135,18.32071043
5377,69.39191,132.1548,19.2939249
5378,69.89743,132.8384,19.11421846
5379,71.03366,120.7296,16.82056975
5380,64.18042,105.3415,17.97834514
5381,67.25981,115.6019,17.96424729
5382,69.88668,133.1821,19.1695697
5383,68.77416,143.2226,21.28708965
5384,70.75119,132.8196,18.65305605
5385,69.77175,140.4321,20.2797447
5386,66.47653,135.1056,21.49275025
5387,68.16365,127.6326,19.31128911
5388,66.4353,134.5752,21.43495411
5389,70.13482,122.9368,17.56992291
5390,71.70658,136.632,18.68055312
5391,66.92527,123.4431,19.37500756
5392,67.12563,123.5752,19.28012732
5393,69.16564,125.887,18.49930485
5394,68.8406,125.7733,18.65754455
5395,70.75604,166.2812,23.34916948
5396,71.42444,131.7763,18.15929343
5397,69.45553,134.4084,19.58700693
5398,67.59746,131.5971,20.24607722
5399,69.20977,129.3553,18.98474379
5400,68.55325,132.7205,19.85350715
5401,68.57877,120.9452,18.07859097
5402,66.26275,100.455,16.08377435
5403,65.96056,113.3895,18.32143546
5404,69.5447,134.9309,19.61275784
5405,69.03723,121.8168,17.96783689
5406,70.25581,149.6514,21.31432672
5407,65.24262,118.8877,19.63493483
5408,66.61174,123.9036,19.63078621
5409,65.44916,129.4155,21.23897069
5410,68.46313,115.2733,17.28902692
5411,70.08288,130.4398,18.66988179
5412,68.28223,134.7568,20.31845223
5413,67.00556,125.5138,19.65283106
5414,66.02293,109.5969,17.67518661
5415,69.16478,135.6481,19.93421052
5416,67.21577,131.9731,20.535174
5417,69.00086,135.9877,20.07917876
5418,70.75525,135.7754,19.06597751
5419,69.25232,127.8223,18.73670843
5420,67.57183,119.3432,18.37475859
5421,67.67452,132.6705,20.36476124
5422,67.40515,124.2707,19.22816812
5423,64.86031,100.9173,16.86408986
5424,69.39033,112.2069,16.38237954
5425,65.9698,129.9153,20.98578845
5426,67.55171,123.0908,18.96305152
5427,68.46426,116.498,17.47213424
5428,66.23821,104.1053,16.68057394
5429,70.6257,119.2626,16.80869773
5430,66.61423,116.9318,18.52481739
5431,70.66932,148.9742,20.97029607
5432,67.57132,119.5476,18.40650703
5433,69.45353,117.3488,17.1019381
5434,66.26159,125.5437,20.10141099
5435,68.73293,124.2368,18.4874012
5436,68.82534,133.8431,19.8634454
5437,70.13099,131.2805,18.76443999
5438,71.82375,146.9215,20.02186487
5439,65.90074,103.4218,16.74120963
5440,63.727,120.0775,20.7859565
5441,66.99543,121.7611,19.07100281
5442,67.3499,132.3056,20.50499375
5443,67.16004,112.2736,17.49891337
5444,70.5283,128.9156,18.21939568
5445,68.45206,121.7201,18.26184199
5446,66.09346,105.8554,17.03536201
5447,64.7808,125.8367,21.0799721
5448,68.29845,132.8929,20.02789973
5449,66.31173,125.5959,20.07936946
5450,64.36944,122.6652,20.81216376
5451,69.23895,132.3741,19.41142414
5452,70.56453,122.723,17.32640181
5453,63.44115,93.29146,16.29502838
5454,67.49847,113.1057,17.45227146
5455,69.85577,118.0316,17.00391992
5456,69.07982,130.5538,19.232797
5457,69.56211,137.4123,19.96344282
5458,68.17484,142.9581,21.6229945
5459,70.23972,137.4064,19.57928117
5460,70.6554,143.3564,20.18746062
5461,66.4574,122.5937,19.51357243
5462,64.31855,119.3805,20.28692522
5463,65.49751,110.3743,18.08729857
5464,69.47428,139.4867,20.31608473
5465,67.88158,125.4501,19.13914145
5466,69.53913,124.3466,18.07718215
5467,63.83987,92.65767,15.98279438
5468,69.07601,123.9516,18.26219496
5469,69.47709,126.9161,18.48369541
5470,67.08504,121.9957,19.05673445
5471,70.95488,139.7854,19.51877684
5472,68.64084,123.2444,18.38896731
5473,65.86462,113.0349,18.31738604
5474,67.72662,119.5902,18.32871901
5475,65.32212,102.5086,16.88865581
5476,69.00392,128.9232,19.03438615
5477,69.63523,132.2697,19.17598427
5478,66.71665,128.5803,20.3077261
5479,69.5893,127.2246,18.46891928
5480,68.66987,120.1516,17.91234449
5481,67.85418,113.5575,17.33875599
5482,68.78852,120.1342,17.84802043
5483,68.2002,134.9707,20.39968817
5484,63.0824,109.7702,19.39203403
5485,67.2833,122.8477,19.0768993
5486,71.21834,131.494,18.22542097
5487,71.01583,138.9013,19.36204838
5488,69.88229,143.1039,20.60025226
5489,67.19375,121.1828,18.86855098
5490,68.76347,130.2964,19.37189797
5491,66.83011,120.5375,18.97287532
5492,70.56089,132.0461,18.64458855
5493,69.67899,140.8938,20.40062692
5494,66.96319,122.3291,19.1784205
5495,68.67573,115.6268,17.23484026
5496,66.39372,121.1097,19.31435672
5497,69.81996,125.3109,18.07111638
5498,68.00995,124.8272,18.97228513
5499,66.95032,118.4744,18.58123298
5500,70.96239,144.0736,20.11329693
5501,66.27024,126.7344,20.2867628
5502,68.21726,115.0624,17.38201859
5503,66.56206,112.4637,17.84490269
5504,69.03964,137.6269,20.29839112
5505,68.68271,131.7407,19.63271881
5506,68.91258,115.3276,17.07228138
5507,68.02805,123.1233,18.70335545
5508,68.64452,111.4743,16.63099886
5509,67.98404,120.7929,18.37311505
5510,65.72168,123.0248,20.02307065
5511,68.50899,125.2258,18.75659539
5512,68.74484,118.5521,17.63536145
5513,65.70055,121.1912,19.73732991
5514,68.13231,126.9522,19.2260173
5515,69.1712,102.8732,15.11495833
5516,70.67886,122.3412,17.21666341
5517,68.837,118.7874,17.62308077
5518,69.60496,130.4536,18.92914583
5519,67.41523,126.8208,19.61687264
5520,71.4,154.97,21.37009902
5521,69.57502,130.0883,18.89238919
5522,69.04149,116.7796,17.22273017
5523,68.5837,143.8448,21.49847577
5524,66.89024,126.5347,19.88105636
5525,67.12473,111.1866,17.34773069
5526,67.83542,111.946,17.1021562
5527,70.46759,138.7422,19.64197094
5528,67.7864,142.7435,21.83868712
5529,69.58276,143.2414,20.7979524
5530,67.16684,125.1273,19.49833669
5531,67.13791,108.6479,16.94497867
5532,68.79915,132.8302,19.72813387
5533,67.64203,127.7226,19.6241028
5534,64.70508,111.3172,18.6913574
5535,68.08348,133.8261,20.29610284
5536,67.56671,124.2366,19.13107338
5537,64.28754,102.4825,17.43216874
5538,64.85395,111.9585,18.71283255
5539,73.24733,138.1346,18.09981777
5540,64.89302,114.3071,19.08238088
5541,67.43272,133.0682,20.57255591
5542,65.7765,118.0115,19.17512193
5543,70.7064,145.9957,20.52947948
5544,67.52445,125.9386,19.41744462
5545,67.01528,116.8078,18.28434876
5546,68.16565,113.8239,17.22097064
5547,67.99779,149.3131,22.70197502
5548,68.52996,110.5189,16.54363433
5549,67.53327,120.1058,18.5132961
5550,67.30047,123.1704,19.11725277
5551,67.63847,134.5804,20.679955
5552,68.52047,138.8459,20.78967588
5553,68.03264,127.8527,19.4191663
5554,67.28722,118.5444,18.40649922
5555,68.42927,127.9474,19.20892125
5556,69.7329,125.5398,18.14935954
5557,69.72725,127.1998,18.39232697
5558,69.73079,152.3984,22.03365584
5559,69.97947,137.3347,19.71488782
5560,68.9122,119.5773,17.7015721
5561,66.70355,122.2617,19.31736382
5562,68.64652,136.3536,20.34158932
5563,67.56584,136.2134,20.97590935
5564,67.35146,123.6386,19.16087664
5565,66.98205,107.619,16.86271139
5566,65.44633,135.5837,22.25318665
5567,68.81325,129.6697,19.25084032
5568,67.16659,107.8736,16.80985229
5569,70.28813,150.9046,21.47305444
5570,66.62449,139.4685,22.08836956
5571,64.39542,115.1983,19.52951396
5572,67.23695,112.4262,17.48263326
5573,69.67397,156.7309,22.69701988
5574,68.43681,127.8894,19.19598311
5575,68.00999,131.2092,19.94225157
5576,70.8081,135.2499,18.96384494
5577,70.50871,122.7718,17.36074708
5578,70.00808,117.6198,16.87094569
5579,66.06797,101.461,16.34077077
5580,67.87768,116.3499,17.75282039
5581,69.36261,126.9441,18.54885015
5582,69.29301,139.7644,20.46317581
5583,67.3539,133.1416,20.63210794
5584,66.1525,110.9469,17.82288374
5585,67.47153,115.3734,17.81639774
5586,68.56556,121.8413,18.21955621
5587,72.40237,157.4235,21.11151129
5588,67.28205,128.5724,19.96662425
5589,65.7493,122.6496,19.94523668
5590,65.90868,132.421,21.43023634
5591,67.32651,133.7645,20.74550401
5592,67.04617,112.1093,17.53270874
5593,67.21086,122.6801,19.09196113
5594,66.49245,109.2367,17.36917641
5595,69.2678,122.5007,17.94862181
5596,70.07489,149.6391,21.42276694
5597,69.74977,141.1522,20.39658299
5598,66.75226,139.719,22.04341341
5599,65.50834,114.5278,18.76173746
5600,73.13491,127.8612,16.80523688
5601,65.37072,125.7601,20.68862665
5602,72.07311,142.2552,19.25204865
5603,67.65702,120.8003,18.55229356
5604,71.13971,149.4626,20.7617366
5605,69.56951,138.5706,20.12743967
5606,68.47465,116.2406,17.42823976
5607,68.65104,135.3612,20.19088147
5608,69.29567,146.4768,21.44430484
5609,65.94966,131.8327,21.30852311
5610,67.88775,137.3897,20.95688209
5611,66.01091,107.5225,17.34695449
5612,64.69531,124.1449,20.85156286
5613,68.76234,111.5343,16.58297615
5614,70.14278,129.6087,18.51925581
5615,65.29027,126.534,20.86726989
5616,67.02973,130.5432,20.42559137
5617,72.18645,153.9204,20.76539226
5618,68.32435,130.9603,19.72168277
5619,65.37779,114.4,18.81572157
5620,70.98789,126.8208,17.69201415
5621,69.32981,125.881,18.41091993
5622,68.08517,125.3363,19.00759381
5623,67.72864,117.6713,18.03354743
5624,69.41996,126.183,18.40718831
5625,65.86211,112.0669,18.16190517
5626,69.96526,151.6467,21.77827033
5627,67.91088,124.1618,18.92625158
5628,68.78786,130.6754,19.41447119
5629,65.74585,119.2501,19.39444641
5630,72.368,132.7354,17.81758942
5631,68.18716,129.4416,19.57149462
5632,69.84822,130.4897,18.80272834
5633,68.77683,132.0897,19.63088908
5634,69.84154,117.5002,16.93426365
5635,68.21258,108.6233,16.41154113
5636,66.95108,127.1378,19.93952659
5637,66.85975,122.3951,19.24818835
5638,66.15618,118.9815,19.11146258
5639,67.45204,125.2554,19.35359308
5640,67.60013,121.8996,18.75264548
5641,66.75233,120.7738,19.05439646
5642,60.8634,106.1939,20.15312861
5643,66.19796,107.8874,17.30759961
5644,65.67776,122.0686,19.89402338
5645,68.99828,117.3948,17.33515207
5646,68.02827,140.866,21.39846665
5647,70.31743,149.3078,21.22813507
5648,64.89375,125.5845,20.96455378
5649,65.54201,131.28,21.48396228
5650,68.67927,120.8432,18.01051791
5651,66.50307,123.0181,19.55424047
5652,67.06639,143.1561,22.37460223
5653,68.34809,122.9334,18.50003086
5654,67.7237,118.4002,18.14790121
5655,71.2729,133.799,18.51651846
5656,66.02325,115.9951,18.70687185
5657,67.64412,117.6164,18.07020605
5658,70.5122,133.0952,18.81868133
5659,65.81299,111.2517,18.05671474
5660,67.72994,134.9223,20.67653111
5661,70.37065,142.7071,20.25898956
5662,67.12868,128.8292,20.09802676
5663,67.7056,126.9298,19.46568712
5664,67.17205,115.2964,17.96362031
5665,68.10555,136.4014,20.67326844
5666,70.02968,139.6796,20.02276379
5667,67.74365,132.6488,20.31989528
5668,64.0239,131.5816,22.56660551
5669,65.72062,109.6616,17.84870039
5670,72.30502,138.1492,18.57662431
5671,68.49538,132.5811,19.86618083
5672,68.88875,126.3917,18.72307907
5673,66.99923,133.9106,20.97155617
5674,68.12136,137.1759,20.78100389
5675,69.35409,135.8339,19.85268902
5676,65.94423,130.5612,21.10648216
5677,69.1535,134.0018,19.69870272
5678,68.9858,133.0763,19.65787786
5679,66.5432,109.9605,17.45760518
5680,67.00921,132.5041,20.74510541
5681,71.09758,126.9142,17.65045496
5682,68.07213,124.4069,18.87387669
5683,69.49666,146.5182,21.32647283
5684,70.21782,140.9199,20.09245328
5685,67.58857,133.1095,20.48414593
5686,67.57075,138.0985,21.26311106
5687,69.42517,137.6923,20.08311503
5688,68.28537,136.6422,20.60083562
5689,69.72848,149.467,21.61126787
5690,69.92365,138.0429,19.84820417
5691,68.79953,113.512,16.85878057
5692,69.09202,130.8401,19.26816747
5693,68.82166,125.858,18.68038676
5694,68.79217,113.7784,16.90196231
5695,68.20921,118.9215,17.96923814
5696,64.85301,114.4354,19.12737805
5697,68.43265,123.9837,18.61200676
5698,68.41712,135.6646,20.37474989
5699,68.48985,97.85054,14.66446156
5700,67.77927,130.3916,19.95313612
5701,66.72234,138.3614,21.84880733
5702,66.17694,125.4018,20.13009072
5703,68.07653,118.6076,17.991734
5704,68.39248,109.8622,16.51151458
5705,66.36527,120.0788,19.16637288
5706,62.87732,86.669,15.41100869
5707,68.7832,142.6252,21.19272673
5708,70.32779,135.5365,19.26449598
5709,65.23714,130.1058,21.49127374
5710,70.09673,141.5957,20.25862066
5711,72.58203,125.2756,16.7172022
5712,68.95451,131.6178,19.460079
5713,70.08286,129.0769,18.47482011
5714,66.60565,108.4805,17.19035563
5715,70.12381,139.1288,19.89030101
5716,68.9783,145.3523,21.47594385
5717,65.41373,125.9004,20.68447998
5718,70.84046,126.4751,17.71730295
5719,65.25996,119.209,19.67753816
5720,67.59199,123.0037,18.92705459
5721,69.34865,129.4727,18.92594212
5722,69.39296,141.9344,20.7210694
5723,63.75403,108.9765,18.84833081
5724,67.96208,118.2419,17.99672169
5725,70.15448,141.4635,20.20639806
5726,70.04724,136.5986,19.57129294
5727,66.06389,105.223,16.9487518
5728,71.07997,127.8639,17.79134577
5729,66.6113,134.331,21.28314255
5730,66.86237,140.5931,22.1083229
5731,70.25969,127.8158,18.20234783
5732,65.89945,110.9553,17.96138397
5733,68.29227,112.17,16.90787185
5734,64.95871,117.7368,19.6152013
5735,67.1086,133.5058,20.84006652
5736,67.39014,119.9727,18.57141695
5737,64.25871,115.9128,19.73434499
5738,69.27316,131.0059,19.19182089
5739,67.87387,121.2352,18.50030267
5740,65.53554,121.5301,19.89231903
5741,71.08776,130.4852,18.15210192
5742,67.36554,127.386,19.73337799
5743,65.41184,115.7506,19.01804385
5744,68.03292,127.3987,19.35005031
5745,66.72356,134.9064,21.30244529
5746,68.02466,131.4015,19.96286585
5747,67.36662,117.1467,18.14662515
5748,68.93518,116.5689,17.24472192
5749,68.578,127.307,19.02996452
5750,64.74187,115.184,19.31866015
5751,66.2743,114.0988,18.26190601
5752,69.71458,131.5924,19.03438732
5753,68.54427,137.3566,20.55240011
5754,71.35055,135.1059,18.65670693
5755,67.21472,137.3314,21.3695996
5756,65.09449,113.229,18.78557701
5757,67.50111,111.4446,17.19461776
5758,70.80356,138.282,19.39147248
5759,66.74779,126.8547,20.01649838
5760,67.30525,135.6227,21.0469819
5761,69.16712,128.8532,18.93438258
5762,69.35292,139.9225,20.45094491
5763,64.91373,101.2648,16.89431956
5764,67.68617,132.6457,20.3539461
5765,69.23168,133.9763,19.65049812
5766,67.53083,138.6939,21.38003985
5767,73.47519,156.5556,20.38649178
5768,68.0664,128.1673,19.44764406
5769,65.82069,125.261,20.3257387
5770,69.01169,132.9188,19.61988291
5771,69.72285,134.5923,19.46369442
5772,70.52947,114.1222,16.12813758
5773,67.2635,114.8907,17.85176976
5774,69.0027,132.8863,19.62019707
5775,67.91407,133.1336,20.29193604
5776,66.94962,137.487,21.56357323
5777,68.04101,118.2847,17.96149139
5778,71.93262,133.1505,18.09032499
5779,68.266,127.4658,19.22826453
5780,67.22047,133.3136,20.74085675
5781,70.82076,151.6654,21.25791538
5782,67.97316,131.4318,19.99773736
5783,67.86163,116.9394,17.85120808
5784,66.75865,130.2682,20.54843002
5785,68.68619,122.1336,18.19917201
5786,68.55174,118.5602,17.73606546
5787,70.64074,136.0448,19.16579292
5788,64.54667,101.3587,17.10285735
5789,70.20971,139.6653,19.91817232
5790,65.24926,122.592,20.2425991
5791,70.56077,142.8022,20.16339232
5792,70.2161,119.6591,17.0619101
5793,69.26794,130.0904,19.06057641
5794,68.71495,142.531,21.22082127
5795,69.83226,150.4973,21.69560866
5796,67.95044,125.4476,19.09998981
5797,66.69106,132.6528,20.96701017
5798,66.69388,109.0486,17.23468903
5799,68.85787,108.4688,16.08247895
5800,66.75904,113.7091,17.93619767
5801,69.47691,125.2285,18.2380127
5802,69.16535,135.7451,19.94813639
5803,66.17003,125.3914,20.13262542
5804,65.52416,120.5974,19.74650982
5805,65.51245,124.223,20.34743434
5806,67.09453,131.6406,20.55753073
5807,70.25624,130.8484,18.63605291
5808,66.23165,123.4666,19.78671346
5809,68.47727,125.3201,18.7881138
5810,69.71255,135.4164,19.58865652
5811,67.91161,135.2628,20.61795774
5812,66.40266,127.9538,20.40034722
5813,67.8244,117.6057,17.97263586
5814,66.18945,120.9807,19.41305448
5815,67.43176,122.2844,18.90590154
5816,69.20081,120.9584,17.75697579
5817,66.10694,124.0101,19.94886876
5818,65.78863,113.8094,18.48552433
5819,70.78459,145.5794,20.42574042
5820,68.58712,124.2324,18.5654323
5821,68.57242,106.2736,15.88845852
5822,66.9078,114.6637,18.00643661
5823,68.24046,116.8464,17.63952028
5824,70.33099,137.315,19.51550729
5825,66.34712,121.422,19.39137279
5826,69.51991,139.1533,20.24092859
5827,68.24002,138.3138,20.88057949
5828,68.81582,128.7253,19.10920675
5829,67.46373,140.8966,21.76281849
5830,68.39019,144.1242,21.6623024
5831,66.67797,128.4131,20.30485613
5832,68.80968,126.858,18.83536796
5833,69.4337,131.1752,19.12786257
5834,66.65083,125.386,19.84235653
5835,66.85582,122.8987,19.32965819
5836,68.77332,146.0516,21.70809251
5837,64.63102,113.7093,19.13679881
5838,68.71508,143.0982,21.3051886
5839,68.75348,133.4762,19.85042405
5840,66.51489,113.0104,17.95709097
5841,68.37401,106.2333,15.97474356
5842,62.34907,92.08858,16.65333205
5843,68.92916,129.1092,19.1032185
5844,71.68363,129.1334,17.66663888
5845,66.322,110.1751,17.60854817
5846,69.50661,131.645,19.15611691
5847,67.40328,139.6598,21.61049323
5848,67.19077,112.4249,17.5064706
5849,67.19175,135.4273,21.08772067
5850,69.88968,135.0597,19.43815325
5851,67.71483,131.9399,20.22850982
5852,69.1943,123.0009,18.0602174
5853,68.43015,126.813,19.03812254
5854,71.52141,135.1442,18.57293767
5855,66.03545,124.7625,20.11338238
5856,66.75322,110.7626,17.47447059
5857,67.97544,132.68,20.18630045
5858,70.43693,148.038,20.97624255
5859,66.97159,129.2555,20.25923944
5860,64.39987,122.562,20.7750072
5861,67.69987,128.6123,19.72705069
5862,68.06251,125.5895,19.05867633
5863,69.63558,124.3082,18.02157354
5864,67.44679,116.4591,17.99725145
5865,65.89161,115.974,18.77827622
5866,69.51355,124.6651,18.13682566
5867,63.64185,117.6007,20.4117218
5868,66.78862,117.3315,18.49119624
5869,67.36831,144.5431,22.38934478
5870,64.77625,146.0965,24.4773012
5871,69.18543,122.701,18.02080296
5872,66.26194,118.7813,19.0184494
5873,68.65178,121.752,18.16050098
5874,69.14357,161.7266,23.78116812
5875,68.66398,123.2472,18.3769926
5876,70.5741,132.7715,18.73999583
5877,67.54965,126.7619,19.52980284
5878,68.71849,130.7257,19.46117623
5879,67.01063,120.9484,18.93511951
5880,67.36634,127.3686,19.73021394
5881,68.16669,147.874,22.37189298
5882,69.81134,141.3724,20.39238433
5883,66.73085,115.7089,18.26706509
5884,65.96768,114.223,18.45212831
5885,66.26164,125.0622,20.02428547
5886,70.12583,124.0039,17.72697532
5887,66.31984,120.267,19.22272103
5888,68.89732,124.8329,18.48756556
5889,69.22677,128.9729,18.91932566
5890,71.16343,143.5928,19.9330724
5891,64.12514,134.7727,23.04096167
5892,71.17117,152.651,21.18589268
5893,66.91345,120.0058,18.84216128
5894,66.64158,118.8403,18.81171949
5895,66.52425,123.8263,19.67017606
5896,70.46871,145.1333,20.54611679
5897,65.93944,122.5218,19.80971304
5898,66.70213,133.2482,21.05412859
5899,64.60008,113.2583,19.07916008
5900,67.22989,124.304,19.33372904
5901,67.76131,140.08,21.44706516
5902,65.63379,111.9369,18.26726941
5903,69.74489,135.7224,19.61471799
5904,69.74892,125.5452,18.14180369
5905,66.1265,121.3924,19.516222
5906,69.56993,134.1461,19.48454386
5907,69.4781,129.5945,18.87322114
5908,69.251,135.8543,19.91483057
5909,65.88081,116.0534,18.79729396
5910,65.85276,117.3475,19.02309617
5911,69.53098,138.892,20.19648799
5912,67.702,119.1475,18.27415324
5913,66.31858,132.1847,21.12837408
5914,65.68324,111.7099,18.20278558
5915,66.8561,142.4656,22.40697652
5916,69.0744,120.1102,17.69705386
5917,66.66269,110.537,17.48627603
5918,66.5834,127.299,20.18591224
5919,67.70926,132.0492,20.2485983
5920,68.19135,116.3223,17.58570279
5921,66.85165,117.069,18.41505296
5922,68.99365,124.2528,18.35030414
5923,68.96601,130.3402,19.26475572
5924,70.93465,137.3957,19.19603821
5925,69.53833,133.2753,19.37565891
5926,66.13819,107.2152,17.23086478
5927,66.02829,110.0063,17.73833214
5928,70.24533,149.8284,21.34590403
5929,67.86194,117.9091,17.99907173
5930,67.23322,126.0349,19.60100427
5931,67.50164,113.9574,17.58203775
5932,71.23342,140.2096,19.42519932
5933,69.88821,151.7165,21.83636302
5934,67.85973,117.4995,17.93771373
5935,69.22897,129.2885,18.96441636
5936,65.35526,120.6695,19.86057165
5937,65.52588,112.762,18.46257918
5938,70.8509,130.0362,18.21079276
5939,65.17021,111.9882,18.53656884
5940,65.35895,107.5214,17.69457363
5941,64.77466,127.5588,21.3725069
5942,65.07433,119.1591,19.78167802
5943,66.32264,109.9997,17.58017587
5944,70.25829,129.6662,18.46660067
5945,68.46057,135.197,20.27875827
5946,67.32406,133.8561,20.7612212
5947,69.53655,132.6168,19.28091277
5948,66.72552,111.4197,17.5927356
5949,69.04313,109.6263,16.16698884
5950,67.63395,123.3522,18.95713577
5951,67.68225,130.9284,20.09276062
5952,67.20527,132.5174,20.62631144
5953,68.57727,113.3802,16.94853479
5954,69.81593,124.0074,17.88520292
5955,67.27727,111.7334,17.35408095
5956,70.77213,140.6956,19.74746295
5957,64.39879,112.6936,19.10289387
5958,67.32911,119.5627,18.54151819
5959,68.56564,137.7463,20.5978646
5960,70.12937,128.2247,18.32850919
5961,70.50405,111.7906,15.81002228
5962,67.69242,135.8347,20.83943654
5963,66.15337,123.5173,19.84171324
5964,67.04967,121.4366,18.98941715
5965,67.14891,132.7812,20.70207986
5966,68.06454,131.8433,20.00652044
5967,66.40213,141.9992,22.64004061
5968,68.74408,123.0744,18.30848649
5969,68.28835,129.5032,19.52282163
5970,68.49705,148.1317,22.19522726
5971,69.61735,131.6342,19.09365574
5972,65.46622,118.5369,19.44349618
5973,68.4357,102.342,15.3618598
5974,66.21604,118.1429,18.94246716
5975,71.1547,137.0264,19.02621452
5976,65.50148,106.2971,17.41704666
5977,70.46899,140.2618,19.85631432
5978,67.60018,123,18.92189951
5979,69.30591,123.2186,18.03395803
5980,65.67069,122.2368,19.92572528
5981,67.36778,117.442,18.19174214
5982,68.47589,137.8969,20.67447342
5983,69.72743,134.3279,19.42290713
5984,68.84393,117.6781,17.4549924
5985,69.19121,129.7261,19.04937959
5986,68.51219,133.2155,19.95144633
5987,66.30328,113.0214,18.07365471
5988,72.1518,124.9451,16.87253019
5989,68.31371,128.7378,19.39302979
5990,66.21908,99.78213,15.99712027
5991,64.60633,120.786,20.3433177
5992,70.23266,127.1388,18.11987505
5993,68.73753,144.4456,21.49175088
5994,69.49503,132.1904,19.24189092
5995,67.25261,137.7559,21.41150756
5996,71.46246,141.305,19.45167166
5997,67.7491,139.5633,21.3756581
5998,68.80025,128.2314,19.04450443
5999,66.8725,119.1075,18.72402944
6000,68.4765,120.8274,18.11497114
6001,64.86316,116.4621,19.46004034
6002,67.91753,139.5891,21.27370172
6003,67.84233,138.0376,21.08391296
6004,69.38148,124.8913,18.23897348
6005,66.94613,127.2921,19.96667842
6006,67.45924,117.4689,18.14660303
6007,69.99586,132.8246,19.05851832
6008,67.45856,123.6045,19.09481586
6009,64.09151,138.3749,23.68163252
6010,66.37835,122.9717,19.62038823
6011,70.12316,122.3759,17.49557685
6012,67.34219,121.3154,18.80601543
6013,70.14728,136.3431,19.47900719
6014,69.0379,123.907,18.27578423
6015,67.0297,107.5287,16.82461632
6016,64.85652,130.1924,21.75873655
6017,65.94007,109.5656,17.71457505
6018,64.69116,115.9239,19.47324963
6019,62.53019,109.5766,19.70124397
6020,67.78541,124.236,19.00773334
6021,68.27657,133.3359,20.10754415
6022,65.93553,118.4802,19.15852635
6023,67.48252,120.3425,18.5776925
6024,67.80949,131.0862,20.04155168
6025,70.04498,129.9862,18.62509693
6026,66.0988,121.7657,19.59264838
6027,67.87462,145.1821,22.15407271
6028,65.04519,134.0519,22.27398514
6029,64.96125,105.489,17.57331744
6030,64.82767,112.1873,18.76628016
6031,70.08844,137.1698,19.6300336
6032,70.70944,142.7307,20.0686392
6033,66.80032,123.4484,19.44839223
6034,67.14141,120.8645,18.84834272
6035,67.04259,135.9558,21.26431991
6036,68.48662,148.4587,22.25099889
6037,72.31757,144.881,19.47507374
6038,66.47968,139.3578,22.16709416
6039,66.82557,109.1264,17.17907635
6040,70.06934,135.3785,19.38424852
6041,67.217,113.8089,17.70815441
6042,67.12457,148.5183,23.17246641
6043,68.4131,144.8827,21.76172489
6044,66.02919,114.9248,18.53092687
6045,66.84654,114.9225,18.0801706
6046,68.94666,122.8046,18.16115626
6047,68.91853,133.5443,19.76553936
6048,65.5914,131.9386,21.55923742
6049,65.51261,120.6623,19.76410355
6050,69.27083,145.653,21.33899573
6051,69.57316,130.7801,18.99387307
6052,67.86325,118.8413,18.14067364
6053,72.33364,133.6214,17.95356515
6054,67.21175,104.1953,16.21485419
6055,68.83481,117.464,17.42785247
6056,68.46136,145.8766,21.88013076
6057,68.1713,135.6227,20.51561589
6058,69.69391,129.1389,18.69057866
6059,67.12571,149.7706,23.36706195
6060,70.36279,134.1039,19.04191534
6061,71.4732,143.9365,19.8079627
6062,68.51565,132.4801,19.83930289
6063,70.06817,149.4329,21.39735046
6064,68.04516,132.5979,20.13248999
6065,67.47227,133.6407,20.63685077
6066,70.56501,147.4583,20.81832255
6067,67.64197,100.025,15.36849677
6068,72.23026,140.2179,18.89384844
6069,67.45255,120.8849,18.67801137
6070,66.97768,109.3834,17.14141002
6071,67.28894,136.1833,21.14422663
6072,66.02667,115.1345,18.56615685
6073,64.15728,130.0889,22.21793437
6074,67.78574,131.8054,20.16563237
6075,71.05897,125.119,17.4197041
6076,68.55136,149.0059,22.29085052
6077,71.11228,129.2335,17.96557928
6078,65.22518,120.5247,19.91594011
6079,67.13777,123.2162,19.21716469
6080,67.98084,117.4022,17.85905633
6081,67.45039,106.9632,16.52801818
6082,67.58732,119.6435,18.41255183
6083,67.40106,134.1122,20.7534431
6084,69.75732,129.9282,18.77064398
6085,67.78374,130.1554,19.91436492
6086,65.01631,106.8729,17.77371795
6087,68.98708,126.6898,18.71377698
6088,67.84236,115.7457,17.67902446
6089,70.91418,130.1665,18.19652178
6090,68.44803,110.8115,16.62716675
6091,63.23903,119.8366,21.06562768
6092,66.75371,113.1127,17.84497233
6093,66.13148,118.4705,19.04360049
6094,66.57052,135.6863,21.52422019
6095,68.43743,111.4731,16.73162103
6096,68.12826,129.3106,19.58550876
6097,65.66194,116.9965,19.07659128
6098,68.64587,128.6098,19.18671218
6099,67.01908,137.8634,21.57781108
6100,66.3869,135.486,21.6115028
6101,67.43419,112.9047,17.45448565
6102,67.0218,143.1287,22.40009586
6103,70.98964,136.9279,19.10105368
6104,64.47574,113.9935,19.27714627
6105,66.48783,121.2945,19.28910672
6106,68.28864,130.4347,19.66307978
6107,66.11987,133.8865,21.52921186
6108,68.73539,153.3002,22.81062811
6109,67.61776,123.3522,18.96621482
6110,65.99257,105.2183,16.98464688
6111,71.79273,144.2173,19.67033468
6112,69.76151,155.9849,22.53233186
6113,67.65103,111.6875,17.15580371
6114,64.82727,125.8154,21.04619847
6115,68.38678,121.5078,18.26481055
6116,68.35981,129.6506,19.50420092
6117,67.56773,116.2672,17.90333266
6118,67.70372,125.3254,19.22070711
6119,70.42781,165.7172,23.48737836
6120,66.27416,133.3637,21.3454098
6121,68.61263,145.4779,21.72422114
6122,69.9746,135.8348,19.50228611
6123,69.38629,130.2342,19.01660728
6124,63.38805,114.0297,19.95071768
6125,68.40181,117.6173,17.6722295
6126,65.89607,123.5651,20.00470362
6127,66.25442,124.9826,20.01590205
6128,68.43563,131.054,19.67166259
6129,68.43069,152.1767,22.84555162
6130,67.44333,118.6275,18.33423072
6131,68.75899,112.2566,16.69199446
6132,65.87903,127.7575,20.69413785
6133,67.3794,120.4361,18.64909365
6134,67.20197,104.816,16.31619542
6135,71.72566,119.2446,16.29464637
6136,68.326,125.8377,18.94934067
6137,69.07214,131.3704,19.35739999
6138,70.39663,125.35,17.78180833
6139,68.46942,118.3351,17.74498388
6140,70.75069,129.7989,18.22908952
6141,68.25077,126.6471,19.11329064
6142,69.4218,129.0352,18.82226069
6143,67.75693,134.8437,20.64802632
6144,68.78237,150.5262,22.3672788
6145,68.93468,132.4508,19.59450889
6146,64.36411,131.0136,22.23228846
6147,69.45069,151.8922,22.13796354
6148,68.70335,122.5303,18.24916484
6149,69.17716,127.2585,18.69462112
6150,73.32701,147.9296,19.34115721
6151,69.01245,108.8242,16.06297255
6152,65.2012,127.7629,21.12753882
6153,67.65215,130.3,20.01412162
6154,68.59028,124.4653,18.59852333
6155,70.1527,159.2435,22.74721635
6156,70.35282,130.4261,18.52494012
6157,67.14863,144.1876,22.48065316
6158,72.11654,136.8595,18.49952213
6159,64.54112,105.9232,17.87612663
6160,68.94058,131.888,19.50790994
6161,68.18651,129.5985,19.5955914
6162,72.69199,121.7006,16.1910468
6163,68.2263,128.3129,19.37858251
6164,70.40403,130.5713,18.51859417
6165,65.32887,126.0176,20.75755689
6166,65.29057,109.782,18.10445865
6167,65.58939,109.7956,17.94209193
6168,65.28916,128.021,21.11321538
6169,69.91649,132.3785,19.03765911
6170,66.59848,127.7981,20.2558787
6171,69.24885,133.7892,19.61332617
6172,68.81944,124.2264,18.43940725
6173,68.79688,122.0913,18.13437353
6174,67.19139,127.5538,19.8619313
6175,68.40568,142.3945,21.39263154
6176,70.58364,135.3762,19.10247069
6177,68.401,143.1102,21.50309688
6178,70.95629,139.016,19.41057108
6179,69.85706,120.7675,17.3974178
6180,65.61593,129.3528,21.12090785
6181,65.39064,96.54815,15.87333221
6182,67.95175,128.2412,19.52457578
6183,70.05209,123.2307,17.65354978
6184,68.18199,134.9267,20.40393251
6185,68.79938,116.6928,17.33126795
6186,67.36607,118.689,18.38583555
6187,70.62204,125.7371,17.72304122
6188,71.7953,158.2326,21.58038857
6189,66.53015,117.0002,18.58253348
6190,65.09768,134.3973,22.29537835
6191,64.76077,128.8129,21.5918908
6192,69.03578,130.8927,19.30733265
6193,65.44403,109.9232,18.04282836
6194,66.15236,110.353,17.72755267
6195,69.55012,138.8793,20.18352777
6196,64.92792,116.1101,19.3625407
6197,67.75727,122.6048,18.77374865
6198,69.05062,143.6487,21.17980027
6199,64.93136,94.59876,15.77363438
6200,70.18691,130.8536,18.67363022
6201,67.72971,148.7955,22.80272186
6202,67.32869,130.6884,20.2671199
6203,69.70995,151.1615,21.86789477
6204,71.38761,144.922,19.99143454
6205,67.33116,132.6171,20.56471326
6206,68.52212,120.6801,18.06880389
6207,70.20145,117.236,16.72338362
6208,66.58931,117.0805,18.56226053
6209,69.02084,131.2609,19.37002681
6210,68.78726,123.945,18.41485552
6211,69.06258,120.0654,17.69650896
6212,70.13521,126.9799,18.14755421
6213,69.71943,136.3826,19.7245287
6214,69.37398,131.2544,19.17237763
6215,69.05735,132.3124,19.50455538
6216,70.05472,132.6614,19.00312819
6217,68.34561,133.09,20.02993325
6218,67.52209,121.4611,18.72840455
6219,70.0784,133.6073,19.12569199
6220,68.1606,142.0494,21.49452831
6221,66.76219,133.1326,20.99803183
6222,67.39828,119.6178,18.51200712
6223,69.23848,129.4479,18.98258197
6224,63.37741,121.7897,21.31556807
6225,68.52886,129.8267,19.43445332
6226,66.21498,131.2149,21.03904267
6227,66.87539,136.5157,21.45879199
6228,67.37879,113.5019,17.57567614
6229,66.66129,133.4427,21.11070409
6230,68.08244,133.4736,20.24326103
6231,65.97344,135.5212,21.88891849
6232,65.8609,122.3441,19.82818824
6233,67.68464,124.7005,19.13565239
6234,69.1243,126.6651,18.6359185
6235,71.24086,127.2719,17.62907582
6236,69.075,125.6317,18.51027088
6237,69.07254,128.9997,19.00785771
6238,65.76779,121.7671,19.79059225
6239,69.5003,142.9457,20.80429782
6240,69.21009,129.2261,18.96560646
6241,66.131,128.9078,20.72165037
6242,66.45404,109.0055,17.3524563
6243,65.43012,129.1382,21.205798
6244,68.37789,132.0082,19.84836985
6245,69.25871,126.1872,18.49361586
6246,68.55917,131.6865,19.69543048
6247,69.82956,152.9133,22.04560262
6248,68.56366,135.9443,20.32957701
6249,69.89716,135.4161,19.48527621
6250,67.22911,126.9908,19.7520811
6251,68.27784,151.4986,22.84569621
6252,67.70956,120.9284,18.54315586
6253,68.63497,143.909,21.47594999
6254,66.24494,148.3015,23.75721055
6255,65.9282,98.38391,15.91244686
6256,68.6507,134.6537,20.0855476
6257,67.66363,91.26068,14.01291345
6258,68.1538,129.1524,19.54688937
6259,63.79264,116.3877,20.10579546
6260,65.46251,128.8832,21.14298633
6261,70.75386,135.3328,19.00457301
6262,66.29608,119.843,19.16868397
6263,66.17127,132.3032,21.2415759
6264,70.22032,129.6479,18.48396779
6265,68.38254,135.7889,20.41404834
6266,68.72417,119.4445,17.77880125
6267,69.03554,131.3376,19.37309234
6268,69.23422,119.5137,17.52796145
6269,68.75012,142.7779,21.23583753
6270,68.70768,142.0977,21.16078647
6271,67.9005,125.3087,19.10691646
6272,69.60629,146.4574,21.25052539
6273,66.8099,129.1352,20.33847196
6274,65.01465,100.5445,16.72211424
6275,67.35337,131.1702,20.3269325
6276,63.03599,112.098,19.83243471
6277,68.79753,117.0905,17.39126982
6278,68.69337,132.2144,19.69719743
6279,66.37421,123.5625,19.71711101
6280,68.3918,123.9172,18.6242524
6281,66.86315,123.8108,19.46884507
6282,69.64423,130.3421,18.89164416
6283,68.98795,128.7153,19.01249087
6284,68.7025,131.4076,19.5717981
6285,67.0616,110.9624,17.34536107
6286,67.14099,120.8645,18.84857853
6287,66.31361,127.8163,20.43319243
6288,69.6794,140.4675,20.33866173
6289,66.24529,117.5554,18.83162934
6290,66.79284,138.8735,21.88340442
6291,69.9798,132.5518,19.02810594
6292,68.20436,144.968,21.90802341
6293,67.80794,141.1958,21.58817858
6294,71.49761,146.9498,20.20883487
6295,71.80853,136.9644,18.67286476
6296,67.83517,137.1286,20.94949371
6297,68.34113,129.0216,19.42018834
6298,69.08567,117.0247,17.23681077
6299,66.75809,141.0586,22.25087474
6300,65.40628,126.6997,20.82054115
6301,65.53954,119.8531,19.61542936
6302,69.0588,111.6993,16.46522696
6303,67.7959,117.9009,18.03290042
6304,71.39265,118.7488,16.37862914
6305,66.70088,131.8821,20.83905647
6306,69.67472,140.8053,20.39031162
6307,69.23373,138.6932,20.34112803
6308,70.9753,143.1101,19.97152078
6309,67.65321,129.5612,19.90001809
6310,65.60536,117.7563,19.2336111
6311,67.32889,135.7928,21.05858369
6312,69.521,128.0812,18.62982142
6313,67.66563,121.5679,18.66542918
6314,67.22662,130.5827,20.31226791
6315,67.13201,118.4574,18.47813859
6316,67.2819,119.473,18.55361753
6317,66.45431,116.4503,18.53743455
6318,68.42039,142.5478,21.40645505
6319,67.14612,122.8747,19.15913736
6320,62.98619,113.4143,20.09705698
6321,63.66845,131.0824,22.73270703
6322,65.28612,104.5026,17.23616738
6323,64.30048,106.3191,18.07749237
6324,66.10993,103.9913,16.72703393
6325,65.91527,125.8579,20.36403034
6326,67.82866,125.7767,19.21892298
6327,69.87356,131.063,18.87164195
6328,66.24116,112.8657,18.08262376
6329,66.05187,121.3259,19.54963312
6330,65.53557,119.5436,19.56714634
6331,67.6665,144.1403,22.13060668
6332,68.3058,119.0695,17.94075397
6333,70.74075,137.7395,19.34971209
6334,67.06837,122.4245,19.13322421
6335,69.88488,145.2255,20.90411365
6336,69.24424,141.3037,20.71770062
6337,68.25133,115.4675,17.42580502
6338,67.09232,138.4092,21.61596677
6339,69.06273,112.7855,16.62344806
6340,68.33125,131.4942,19.79808531
6341,68.94119,134.7967,19.93779077
6342,69.59518,115.4751,16.76043736
6343,71.28803,157.5443,21.79339012
6344,66.42491,127.2222,20.27011801
6345,68.63305,131.8311,19.67463131
6346,66.21553,111.216,17.83211585
6347,67.47736,116.7243,18.02189427
6348,64.51185,86.49925,14.61129383
6349,67.33792,126.9632,19.68401967
6350,67.41203,125.8066,19.46184188
6351,67.89703,126.1505,19.23723925
6352,65.08935,122.4771,20.32311855
6353,70.58024,139.0572,19.62377446
6354,70.26786,124.0146,17.65690934
6355,68.09574,138.602,21.01284876
6356,70.04702,133.2217,19.08758432
6357,67.1535,115.3322,17.97912682
6358,67.87558,127.5807,19.46763515
6359,72.24161,144.0286,19.40122855
6360,70.21055,131.3894,18.737468
6361,68.77272,134.0195,19.92007255
6362,68.96749,122.9673,18.17423424
6363,66.95136,111.7026,17.51861628
6364,69.70156,132.0676,19.11026081
6365,64.13956,93.09256,15.90810122
6366,71.56149,153.1117,21.01865658
6367,68.86042,153.6386,22.77803897
6368,66.79593,127.4353,20.0791382
6369,64.54504,113.8478,19.21118787
6370,70.00599,142.7425,20.47567467
6371,69.19904,145.2462,21.3235724
6372,69.09444,140.8653,20.74307545
6373,67.19525,105.4341,16.41569491
6374,67.96947,105.7521,16.09224212
6375,70.02533,139.9395,20.06251223
6376,66.87761,122.6013,19.27031933
6377,64.45014,131.0252,22.17493861
6378,68.24912,135.3378,20.42585881
6379,70.07101,152.8499,21.8848578
6380,66.9759,113.9803,17.86273701
6381,70.36787,140.2859,19.9168447
6382,68.6591,146.4581,21.84099946
6383,69.95361,141.0113,20.25764604
6384,68.48425,128.0158,19.18834382
6385,71.25946,164.5588,22.78197562
6386,67.80922,130.3115,19.92326774
6387,63.58671,117.3091,20.39643745
6388,67.40848,135.3097,20.93414305
6389,68.20701,128.4742,19.41391946
6390,68.89247,124.929,18.50440295
6391,66.05981,117.8305,18.98184423
6392,65.66067,123.4769,20.13401662
6393,69.39748,133.3201,19.46092841
6394,65.92174,108.8612,17.61047695
6395,64.78001,102.3802,17.1509933
6396,67.59062,117.6786,18.10839494
6397,71.00127,149.2434,20.81221125
6398,69.48254,121.6221,17.70991394
6399,68.48246,159.2052,23.86458402
6400,68.09616,133.6355,20.25964929
6401,69.48115,122.3265,17.81319733
6402,70.50577,141.2895,19.98093898
6403,69.5883,140.0531,20.33178914
6404,69.31491,124.1149,18.1604213
6405,68.39399,139.9906,21.03867181
6406,62.23548,94.80998,17.20811474
6407,69.8972,148.2548,21.33263638
6408,68.06989,146.5246,22.23083483
6409,69.12319,111.1013,16.34658063
6410,69.95192,126.322,18.14826196
6411,67.93156,137.8815,21.00478055
6412,69.32167,130.0449,19.02438459
6413,66.67312,141.5919,22.39196349
6414,67.96604,123.8124,18.84237026
6415,69.19829,130.9459,19.22456426
6416,68.15828,114.9747,17.39884285
6417,68.03235,116.2177,17.65211125
6418,68.43761,102.8575,15.43837623
6419,67.34517,103.4353,16.03286724
6420,68.64435,127.6291,19.04124924
6421,64.83459,112.7336,18.85363796
6422,64.11121,111.5238,19.07457792
6423,67.52032,101.0851,15.58739304
6424,66.72676,128.6718,20.31601974
6425,68.76169,132.1914,19.65465581
6426,68.50268,123.0143,18.42874665
6427,67.35174,122.898,19.04594388
6428,66.64565,123.7642,19.5887511
6429,67.11109,120.5121,18.81037243
6430,67.92539,140.0124,21.33327559
6431,65.7078,116.2137,18.92251248
6432,67.65793,138.142,21.21503007
6433,68.60162,134.1922,20.04535975
6434,69.30603,130.9022,19.15844366
6435,67.1095,137.4821,21.46018572
6436,65.59186,103.921,16.98082355
6437,67.66742,139.2905,21.38541025
6438,68.63966,112.1105,16.72828301
6439,64.7652,92.20107,15.45282421
6440,67.60131,120.6972,18.5670239
6441,67.31966,126.8577,19.67833413
6442,66.51157,122.8182,19.51747601
6443,69.93026,135.7746,19.51837111
6444,67.60868,131.5309,20.22917648
6445,65.7309,121.011,19.68978697
6446,67.29622,118.9762,18.46860434
6447,66.84201,120.7153,18.99409654
6448,67.91374,137.0166,20.88397748
6449,65.33921,109.9667,18.107928
6450,67.10739,127.3581,19.88113618
6451,66.39279,131.2489,20.93192446
6452,65.77143,118.5557,19.26651635
6453,66.08581,122.4064,19.70348355
6454,67.95467,136.8644,20.83565738
6455,63.31058,113.5932,19.92301559
6456,70.10242,123.0639,17.60434934
6457,69.72937,130.3103,18.84094088
6458,67.62461,118.9278,18.28222978
6459,69.23113,111.379,16.33637894
6460,67.38459,116.0054,17.96024888
6461,70.68647,146.7535,20.64767733
6462,71.42291,141.3565,19.48031732
6463,68.60167,112.7169,16.83739828
6464,65.01908,120.2538,19.99735212
6465,68.22216,137.5639,20.77824552
6466,66.18504,122.2857,19.62507511
6467,67.34507,122.5287,18.99247369
6468,69.8637,134.646,19.39302765
6469,68.63027,121.5066,18.13525968
6470,69.01165,130.7259,19.29621562
6471,68.57992,116.8032,17.45886946
6472,70.02954,135.12,19.36923259
6473,67.8609,130.8429,19.97405567
6474,67.071,128.6312,20.10166741
6475,67.25316,121.6315,18.90497021
6476,68.45752,138.1129,20.71797218
6477,66.08131,110.8231,17.84137541
6478,65.5926,104.7464,17.11530878
6479,68.56861,118.8964,17.77760853
6480,69.69795,143.2327,20.72800452
6481,66.67277,108.3892,17.14132299
6482,61.59011,99.81074,18.49739799
6483,65.40277,114.1857,18.76613166
6484,68.44756,127.5778,19.14319801
6485,66.73714,118.4245,18.69225523
6486,72.205,154.2642,20.80108227
6487,68.46802,121.7574,18.25892282
6488,70.10294,142.4799,20.381515
6489,66.48949,112.2608,17.85161263
6490,67.19112,121.4096,18.90534437
6491,65.22879,121.375,20.05422684
6492,67.00396,127.1951,19.91703859
6493,67.72317,107.6196,16.49575287
6494,70.09165,152.4262,21.81134165
6495,66.07538,128.1418,20.63321038
6496,66.91173,146.0408,22.93110648
6497,68.65328,117.6621,17.5496855
6498,67.75543,135.4845,20.74706781
6499,66.36233,131.4949,20.99041294
6500,67.6272,127.833,19.6496805
6501,68.21944,123.405,18.64111052
6502,67.57571,136.8255,21.06401397
6503,67.02379,137.789,21.56313534
6504,67.57237,141.6039,21.80179426
6505,65.6522,109.4063,17.84428242
6506,65.44991,102.5063,16.82239303
6507,70.32828,163.8992,23.29550699
6508,69.08622,118.9012,17.5129255
6509,68.33335,126.7698,19.08559508
6510,66.29224,134.6024,21.53191916
6511,68.16586,120.86,18.28538372
6512,66.04152,136.2559,21.96223433
6513,70.48553,147.5044,20.87182194
6514,66.67757,125.5265,19.84866111
6515,66.65461,115.3878,18.25806861
6516,69.63744,140.8728,20.42193442
6517,67.68649,108.0794,16.58418993
6518,66.58507,98.00565,15.54006092
6519,68.3482,119.2853,17.95097694
6520,68.92806,112.4171,16.63395767
6521,68.53403,146.0566,21.8606953
6522,71.3806,133.3801,18.40288768
6523,70.11959,152.4782,21.8013981
6524,66.25934,130.2875,20.86238062
6525,69.53489,155.4037,22.59493705
6526,67.46936,139.8139,21.59198123
6527,66.51039,119.1722,18.9387492
6528,69.92009,138.286,19.88518255
6529,67.79021,107.2949,16.41347152
6530,66.83271,108.3566,17.05424709
6531,70.99707,117.9595,16.45157175
6532,66.68384,130.0104,20.55380434
6533,65.32131,105.6657,17.409231
6534,67.3587,115.0555,17.82687895
6535,64.04389,103.6805,17.77039176
6536,67.25724,117.0895,18.1968072
6537,70.83582,129.5163,18.14570736
6538,69.2102,129.1965,18.96120201
6539,65.91382,119.2019,19.28792637
6540,68.89983,128.3612,19.00871647
6541,68.6346,133.2154,19.88032795
6542,65.36955,121.3485,19.96359481
6543,66.25718,109.8669,17.59366426
6544,69.18027,130.5783,19.18058416
6545,69.53816,118.921,17.28890499
6546,66.66547,122.2455,19.33687615
6547,69.35299,131.5557,19.22802225
6548,65.99078,103.7061,16.74145131
6549,67.55311,134.4433,20.71112994
6550,65.95292,130.1628,21.03653227
6551,69.74893,109.4178,15.81132276
6552,68.13165,120.4415,18.24037099
6553,64.53068,114.9703,19.40923894
6554,65.95702,132.643,21.43470988
6555,70.27411,120.3263,17.12873062
6556,68.30787,132.9732,20.03447465
6557,69.93158,136.795,19.66431704
6558,68.76325,128.7979,19.14923009
6559,68.68206,142.8603,21.29022531
6560,68.32988,133.13,20.0451791
6561,68.04129,143.2981,21.75958857
6562,67.9522,117.0683,17.82327849
6563,65.7157,118.3454,19.26497413
6564,72.12643,124.3554,16.80471303
6565,66.79918,118.7239,18.70472024
6566,67.49036,123.5892,19.0744646
6567,66.88022,126.7582,19.92214067
6568,68.25984,137.6865,20.77380991
6569,66.6257,130.5098,20.66878174
6570,64.15701,113.9842,19.46757018
6571,65.30643,110.9035,18.2805261
6572,71.83145,146.3799,19.94378137
6573,68.43502,128.2374,19.24922426
6574,64.79043,115.6001,19.3593963
6575,69.24446,129.4057,18.97311617
6576,70.28435,125.6591,17.88265526
6577,72.99453,126.8912,16.74195601
6578,70.41651,131.3277,18.61927087
6579,65.79611,132.5054,21.51733426
6580,69.49913,129.3703,18.8291699
6581,65.87009,110.5038,17.9042455
6582,65.0852,106.2354,17.63031594
6583,70.61194,129.5963,18.27223367
6584,71.39877,131.9176,18.1918391
6585,66.29704,122.9437,19.66406616
6586,65.64143,121.4597,19.8167058
6587,69.78249,138.3473,19.97253031
6588,68.32625,135.247,20.36609636
6589,69.02806,100.8881,14.88483183
6590,68.87437,122.2625,18.11896217
6591,66.7959,119.0778,18.762319
6592,68.62814,139.7986,20.86669606
6593,71.19139,136.2042,18.89256302
6594,65.4116,122.3825,20.10782519
6595,68.84184,134.2696,19.91719067
6596,68.8806,123.1216,18.24297793
6597,65.73631,127.6449,20.76577521
6598,69.30987,131.7523,19.28072507
6599,64.15534,114.2796,19.51903823
6600,72.89442,133.7642,17.69728529
6601,66.41814,142.6604,22.73449668
6602,65.886,119.2969,19.31960308
6603,69.06664,131.9619,19.44765438
6604,67.96217,125.9612,19.17156825
6605,68.68041,131.3237,19.57188599
6606,68.515,118.9934,17.81996615
6607,67.37231,127.9334,19.81419307
6608,63.67556,114.3381,19.82443186
6609,65.76516,123.8141,20.12489708
6610,68.71711,137.0437,20.40255832
6611,69.62402,119.3894,17.31421891
6612,66.8157,107.8753,16.98714118
6613,64.54403,123.3058,20.80782437
6614,68.37687,116.9408,17.58340389
6615,67.70961,120.4639,18.47190216
6616,69.79282,107.1216,15.4600496
6617,70.33109,134.1242,19.06196962
6618,71.11525,142.3554,19.78808598
6619,70.50683,131.8652,18.64760858
6620,67.3265,117.8718,18.28071443
6621,70.37423,134.2731,19.05974249
6622,68.93535,136.6499,20.21532246
6623,68.74748,139.4778,20.74659585
6624,66.31697,126.7884,20.26681466
6625,67.96141,137.7632,20.96832725
6626,68.02516,125.7112,19.09809957
6627,68.54611,134.6283,20.14308845
6628,73.72628,142.811,18.47023166
6629,66.30109,124.8609,19.96827042
6630,69.84513,134.2394,19.34474759
6631,66.34608,112.6472,17.99058105
6632,69.22406,120.5706,17.68815816
6633,65.20241,126.6356,20.94034539
6634,68.16207,122.2711,18.50093181
6635,66.17376,114.6814,18.41097071
6636,65.82561,137.7805,22.35389964
6637,70.49243,122.7935,17.37183677
6638,66.86335,129.0675,20.29532261
6639,69.00819,121.8091,17.98182581
6640,69.09268,139.8642,20.59670806
6641,68.4858,137.6952,20.63825907
6642,70.05821,124.648,17.85346703
6643,63.92011,136.3251,23.45611718
6644,69.10662,124.9316,18.3902792
6645,68.37383,124.5664,18.73166675
6646,67.81685,147.8495,22.59955867
6647,68.35014,121.062,18.21731435
6648,66.20868,134.3163,21.54042094
6649,69.82296,145.8658,21.03353611
6650,69.83591,128.6599,18.54560226
6651,70.09777,148.3039,21.21775805
6652,65.74923,118.5265,19.27478059
6653,67.2496,121.1303,18.82906293
6654,67.01302,106.3264,16.64477981
6655,67.86604,142.5205,21.753425
6656,69.51352,143.2796,20.84496278
6657,68.79671,119.9716,17.8196199
6658,71.3044,142.1026,19.64828683
6659,68.74348,130.4,19.39857772
6660,68.21948,129.4293,19.55109644
6661,72.8674,128.4835,17.01124645
6662,67.8235,113.0689,17.27977555
6663,65.2038,116.4099,19.24861242
6664,64.55504,115.4541,19.47620675
6665,68.46274,121.7866,18.26611882
6666,66.08879,114.1458,18.37213636
6667,66.53332,109.2672,17.35268763
6668,66.75524,102.657,16.19470981
6669,68.20629,130.9008,19.78102406
6670,69.60968,141.8457,20.5793771
6671,65.68272,138.0014,22.48726092
6672,66.5195,122.4759,19.45843967
6673,63.30338,120.175,21.08218681
6674,67.19227,115.3758,17.96517382
6675,64.59287,115.1326,19.39922919
6676,67.61165,134.6538,20.70765256
6677,69.54174,123.5377,17.95823832
6678,72.4977,133.2865,17.82760617
6679,68.60441,135.2291,20.19860681
6680,68.26375,118.0737,17.81263683
6681,66.51715,125.0585,19.87015588
6682,66.7498,134.2382,21.18027075
6683,68.57715,126.5512,18.91745581
6684,68.15554,118.1801,17.88534624
6685,67.67131,116.6818,17.91221435
6686,69.25188,149.0548,21.84933158
6687,67.63059,122.7405,18.86500223
6688,70.5553,128.8346,18.19401518
6689,66.51049,122.1635,19.41406579
6690,70.06291,134.2863,19.23139066
6691,68.95425,140.8941,20.83176434
6692,67.76337,115.7462,17.72034098
6693,66.16295,122.7829,19.71802851
6694,70.23017,148.6758,21.19083987
6695,66.85157,128.1767,20.16235184
6696,69.98998,135.2626,19.41159927
6697,69.57826,129.3778,18.78745526
6698,67.82307,113.7661,17.38654573
6699,66.16931,118.1876,18.97640877
6700,64.97487,119.7272,19.9368854
6701,66.75172,111.0794,17.52523817
6702,67.03147,122.6207,19.18499229
6703,70.78522,149.449,20.96829732
6704,69.08702,127.2521,18.74249323
6705,66.56877,140.5165,22.29161757
6706,65.65581,103.6644,16.90591325
6707,69.91828,129.1403,18.57101513
6708,68.10072,143.8415,21.80399738
6709,65.21574,115.4829,19.08833961
6710,65.92987,131.1892,21.21724396
6711,66.78368,134.2093,21.15423104
6712,66.63773,137.8539,21.82398192
6713,70.115,136.2478,19.48331924
6714,71.87742,145.386,19.78303654
6715,69.37969,143.8422,21.00762381
6716,67.09682,120.5931,18.8310228
6717,68.90441,122.8529,18.19058646
6718,67.59411,124.496,19.15547893
6719,69.73864,107.3653,15.51930682
6720,66.47251,136.4277,21.70569651
6721,68.96672,149.0714,22.03284157
6722,69.183,137.1885,20.14996294
6723,69.12592,137.31,20.20112907
6724,67.06716,139.6149,21.82062883
6725,66.43504,116.7063,18.58896561
6726,68.03354,133.7463,20.31379021
6727,70.66473,134.2961,18.90659486
6728,66.95512,118.338,18.55717933
6729,71.13236,144.4866,20.07467214
6730,64.10697,120.6126,20.63181825
6731,69.43162,145.1667,21.16936019
6732,67.23457,113.2283,17.60860894
6733,70.20178,112.7536,16.08383073
6734,65.73987,123.1815,20.03748136
6735,66.55121,121.9317,19.3535234
6736,67.72679,119.4187,18.30234257
6737,71.22324,132.9604,18.42613232
6738,64.72674,127.4027,21.37797126
6739,67.36195,122.3824,18.9602906
6740,68.42406,132.2244,19.85405636
6741,69.81064,124.3983,17.94430042
6742,70.14812,111.3963,15.91453738
6743,66.31497,123.1817,19.69148021
6744,67.25945,103.6091,16.1007684
6745,66.24777,123.5493,19.7903323
6746,67.13633,142.1095,22.16477069
6747,68.44022,129.7913,19.47951383
6748,72.07034,136.4478,18.46752608
6749,68.48039,120.6969,18.09335027
6750,67.12369,122.3988,19.09768998
6751,67.94203,138.1901,21.04530473
6752,68.01522,119.8895,18.21898842
6753,67.83753,110.6977,16.91039956
6754,67.08281,131.6536,20.56674539
6755,66.13397,125.3077,20.14113292
6756,70.17398,138.519,19.77481618
6757,73.12686,139.2637,18.30793674
6758,66.29478,132.4121,21.17992076
6759,67.48723,128.3885,19.81701527
6760,63.84013,127.6618,22.02058048
6761,71.23226,137.9139,19.10776616
6762,68.93456,131.205,19.41027529
6763,65.31508,126.5417,20.85268887
6764,72.89094,144.8666,19.16798631
6765,66.85445,123.4989,19.42485447
6766,67.71429,129.7462,19.89249758
6767,66.99515,145.3356,22.76358216
6768,62.48643,115.2889,20.75732544
6769,68.4545,119.9549,17.99572354
6770,66.18029,112.1502,18.0010586
6771,68.29449,127.8367,19.26812893
6772,68.5935,137.6326,20.5641476
6773,68.13211,121.9201,18.46404957
6774,70.55532,131.9945,18.64024552
6775,71.26895,135.8511,18.80259378
6776,70.71689,133.3027,18.73906705
6777,68.27433,123.0711,18.56079241
6778,65.85545,125.7077,20.3766958
6779,67.19789,130.9707,20.39004577
6780,69.03473,143.7162,21.19950836
6781,70.96078,138.1647,19.28926423
6782,68.99354,146.7285,21.66970231
6783,66.75706,133.1515,21.0042406
6784,67.73694,123.5134,18.92423161
6785,68.31951,129.2444,19.46603832
6786,66.24969,121.9078,19.52626226
6787,68.70678,128.4009,19.12159881
6788,68.0356,140.9392,21.40497322
6789,68.96343,137.3493,20.30224517
6790,67.50309,129.5348,19.98455477
6791,65.02611,131.0273,21.78419762
6792,70.0671,146.3213,20.95243925
6793,65.36984,97.06459,15.96839642
6794,66.73719,119.8514,18.91745038
6795,68.25009,124.1159,18.73166098
6796,68.91447,144.9636,21.45820795
6797,69.42874,117.0746,17.07416367
6798,69.11436,126.7865,18.65914573
6799,67.99857,112.9692,17.1757543
6800,70.26098,141.588,20.16291717
6801,68.64432,124.0298,18.50427841
6802,66.17354,125.5482,20.15566258
6803,70.00471,122.1783,17.52648725
6804,66.31189,118.2902,18.91129541
6805,65.90206,116.5597,18.86712669
6806,68.25885,116.5077,17.57891311
6807,70.75448,147.473,20.70903934
6808,67.08351,131.7851,20.58685849
6809,67.02122,132.2825,20.70298945
6810,70.51041,134.3807,19.00140628
6811,67.60778,119.8518,18.43344617
6812,68.83486,136.1642,20.20232702
6813,64.254,114.5097,19.49832316
6814,71.91722,138.2213,18.7873063
6815,67.82529,133.2127,20.35718096
6816,66.34443,126.5382,20.21008048
6817,69.22459,129.8661,19.05155106
6818,65.53683,122.7073,20.08421508
6819,66.65738,111.8648,17.69914538
6820,69.74106,128.2887,18.54242971
6821,68.77304,120.5732,17.92130653
6822,67.66713,122.1059,18.74720205
6823,71.04389,145.6585,20.28792786
6824,67.97438,116.155,17.67269263
6825,69.01111,137.4236,20.28516855
6826,70.97446,137.894,19.24405107
6827,66.09937,114.8329,18.47681104
6828,68.2026,136.3654,20.60903485
6829,71.18778,148.7839,20.63955665
6830,70.10012,118.7125,16.98299388
6831,67.40562,118.3544,18.31249494
6832,71.0495,152.5436,21.24355838
6833,69.10354,128.9651,18.98571393
6834,66.99674,124.5497,19.50700832
6835,67.55177,118.077,18.19060609
6836,66.04561,100.3573,16.17396065
6837,69.97684,120.8445,17.34896459
6838,69.59421,136.3666,19.7932504
6839,69.50004,129.3228,18.82176363
6840,66.70728,129.9114,20.52372198
6841,67.74378,116.261,17.80945081
6842,69.52156,137.5933,20.01306447
6843,68.65583,106.9772,15.95481262
6844,66.58063,118.7891,18.83805743
6845,67.31123,127.0282,19.70971824
6846,69.21023,135.7681,19.92564921
6847,69.76802,127.8121,18.45926904
6848,71.36846,127.9637,17.66157634
6849,64.91466,121.4664,20.26403429
6850,65.91717,100.2395,16.21799303
6851,68.79172,115.6267,17.17675494
6852,66.86831,124.0965,19.51075896
6853,68.85311,124.2217,18.42068052
6854,64.99322,112.2167,18.67569231
6855,70.31634,132.5438,18.84526409
6856,65.07995,107.1524,17.78536599
6857,68.55692,119.8364,17.92427022
6858,65.03755,123.5259,20.5298136
6859,68.97846,134.4521,19.86533652
6860,68.1677,125.5112,18.98805692
6861,70.25241,133.5386,19.02127784
6862,68.35771,133.3158,20.05681356
6863,71.59998,144.3195,19.79039847
6864,67.62775,140.8419,21.64897421
6865,71.9168,147.5959,20.06175438
6866,64.91759,114.7572,19.14302166
6867,68.03944,117.7686,17.88394709
6868,68.83719,140.7958,20.88809132
6869,68.42447,134.2855,20.16329765
6870,67.19277,110.2144,17.16123647
6871,67.95936,107.3158,16.33504863
6872,69.13031,122.8845,18.07654485
6873,66.53698,118.2503,18.77722482
6874,69.3362,125.8938,18.40939834
6875,69.66919,127.4892,18.46491013
6876,69.32642,153.3295,22.42763588
6877,71.67815,124.592,17.04793995
6878,66.81763,106.8565,16.82573852
6879,67.96098,133.7046,20.35084322
6880,70.27599,124.6664,17.74560453
6881,70.83387,132.0587,18.5029256
6882,71.95684,138.0874,18.74844321
6883,65.53739,130.3727,21.33849086
6884,67.20098,118.1746,18.39620553
6885,66.84158,134.8257,21.21458763
6886,72.22081,123.7257,16.67594809
6887,68.23933,128.9637,19.46943289
6888,69.34904,151.0629,22.08168629
6889,67.54027,126.6496,19.5179213
6890,66.55953,114.8614,18.22673743
6891,69.42919,133.6709,19.49431593
6892,68.77479,137.1665,20.38660161
6893,67.11564,139.5681,21.78181272
6894,69.7283,127.7704,18.4742759
6895,69.71847,119.206,17.24081314
6896,67.00926,131.5259,20.59192574
6897,70.23583,124.1454,17.69165734
6898,68.05243,140.9604,21.39760536
6899,66.81973,111.675,17.58335941
6900,64.33826,131.6378,22.35616559
6901,69.21901,133.7032,19.61762188
6902,70.30269,133.0611,18.92616181
6903,67.7681,115.596,17.69487554
6904,68.28813,127.7475,19.25827103
6905,70.67229,136.774,19.25132143
6906,67.56648,135.1199,20.80712383
6907,68.2033,117.4256,17.74628027
6908,70.82652,128.3953,17.99337554
6909,68.76882,124.6462,18.52896766
6910,66.21644,140.4212,22.51419115
6911,69.94665,129.9599,18.67372052
6912,66.82673,116.1417,18.28281575
6913,70.62106,138.8435,19.57097284
6914,65.96267,131.9172,21.31377107
6915,68.32852,120.174,18.09513444
6916,68.14281,117.9655,17.85953967
6917,67.68342,132.2259,20.29117827
6918,62.29058,100.38,18.18686181
6919,66.56289,112.8575,17.90694135
6920,67.53601,127.3499,19.62832024
6921,69.9728,128.0357,18.38348731
6922,71.62721,148.2612,20.31546494
6923,68.87831,118.697,17.58855261
6924,68.90985,125.1128,18.52228061
6925,68.48804,126.9495,19.0264097
6926,64.492,116.0879,19.62142702
6927,68.05258,130.1563,19.75746994
6928,70.97223,128.6877,17.96037753
6929,67.73294,124.8016,19.12386303
6930,64.42714,122.3703,20.72495728
6931,66.89249,121.6673,19.11500741
6932,72.00652,126.211,17.1123198
6933,67.8034,127.3033,19.46668684
6934,70.31843,133.3873,18.96406675
6935,69.6285,136.3986,19.77840015
6936,68.90652,112.0078,16.58375823
6937,71.01122,146.1389,20.37357353
6938,69.03379,126.0906,18.60007101
6939,64.16792,100.7711,17.20502866
6940,67.46005,132.1034,20.40685144
6941,66.31981,142.7429,22.8151482
6942,61.4055,119.2652,22.23589025
6943,69.07292,123.567,18.20715948
6944,69.04136,129.2791,19.06623623
6945,65.63933,130.0454,21.21885969
6946,68.98367,146.821,21.68956848
6947,67.08789,102.0192,15.93488644
6948,66.9645,122.3346,19.17853239
6949,64.88959,113.4712,18.94483872
6950,70.18743,134.5754,19.20446988
6951,70.24701,136.6864,19.47264485
6952,68.65855,127.6595,19.03790737
6953,66.65856,112.9117,17.86415245
6954,70.81437,139.8524,19.6057047
6955,62.86676,100.8983,17.947213
6956,70.1981,134.0086,19.11777209
6957,67.74387,134.1832,20.55480987
6958,67.78774,124.2984,19.01597305
6959,66.8155,113.8397,17.92646354
6960,70.47312,126.8411,17.95429376
6961,67.28529,138.4671,21.50114879
6962,67.63923,135.8226,20.8703655
6963,69.54133,134.1394,19.49959986
6964,72.09163,147.1709,19.90708086
6965,69.40312,124.7091,18.2010097
6966,66.90419,128.6304,20.20190437
6967,64.77967,126.6038,21.20921544
6968,67.71305,117.6067,18.0319476
6969,67.98558,131.2976,19.97001995
6970,67.39091,130.2718,20.16522617
6971,66.59739,123.9308,19.64355829
6972,66.03491,111.1245,17.91504752
6973,71.32563,150.9399,20.85778326
6974,70.89299,138.5366,19.37819236
6975,69.29039,123.6542,18.10581946
6976,72.50612,135.4202,18.10879052
6977,66.39209,131.7184,21.00724454
6978,70.22429,148.9964,21.24009165
6979,70.61033,129.818,18.30432662
6980,67.43213,113.7404,17.58475493
6981,67.08964,142.8879,22.31720771
6982,69.52539,133.248,19.37890157
6983,64.80112,123.5309,20.68073198
6984,69.50292,131.3393,19.11366283
6985,68.89136,138.7052,20.54558688
6986,69.82676,121.5695,17.52815373
6987,66.19549,134.9518,21.65096231
6988,67.74861,107.9783,16.53830635
6989,66.53997,122.5054,19.45115328
6990,67.32858,140.5876,21.80235626
6991,65.01159,113.4278,18.86658333
6992,68.85847,115.1244,17.06899564
6993,67.21657,126.9035,19.74586807
6994,68.82472,122.0827,18.11842924
6995,68.38527,117.6941,17.69232405
6996,67.5943,112.418,17.29700973
6997,67.82269,110.7359,16.92363862
6998,67.83166,134.7077,20.58177638
6999,66.31882,124.513,19.90198715
7000,66.99476,100.1673,15.68915744
7001,66.87892,122.5671,19.26418912
7002,68.38919,139.537,20.97344573
7003,66.4759,123.509,19.64832254
7004,68.5542,137.4336,20.55796458
7005,67.83647,131.4485,20.08096035
7006,70.39431,148.3386,21.04429534
7007,67.58981,127.5607,19.62952396
7008,65.26024,107.7349,17.78338393
7009,66.7406,119.5494,18.86785424
7010,68.93702,135.9338,20.10841182
7011,66.45697,129.6703,20.64024118
7012,67.80572,138.3332,21.15188539
7013,65.5528,111.1973,18.19143981
7014,66.09202,109.7177,17.65769328
7015,67.50397,138.7697,21.40875166
7016,68.11816,117.8952,17.86181685
7017,67.24076,118.436,18.41508931
7018,66.5412,139.4789,22.14535167
7019,71.02195,140.13,19.5299559
7020,68.32773,106.9353,16.10209675
7021,69.9594,123.1594,17.6901183
7022,68.32581,130.2541,19.61449583
7023,69.1247,127.0935,18.69873151
7024,66.52031,141.2168,22.43536617
7025,66.54596,106.5251,16.91078961
7026,68.83517,135.2336,20.06407561
7027,69.46929,116.2368,16.93219455
7028,63.84823,107.2539,18.49569664
7029,67.369,125.2445,19.39964517
7030,66.46618,126.7497,20.16976445
7031,68.00188,124.7855,18.97044898
7032,66.55544,130.3081,20.68043262
7033,67.93518,129.0813,19.66206805
7034,71.09441,136.352,18.96469789
7035,71.90701,127.3129,17.30952996
7036,66.45996,115.5565,18.3920252
7037,66.28668,122.6641,19.62547904
7038,67.60595,121.1687,18.63699693
7039,66.90904,123.3812,19.37468799
7040,66.93917,138.1009,21.66662106
7041,68.73882,142.0686,21.13728877
7042,69.22875,140.783,20.65059458
7043,67.50325,118.1483,18.22776566
7044,68.374,116.9901,17.5922935
7045,65.04856,134.1878,22.29425601
7046,67.64236,128.8601,19.79868227
7047,66.68778,127.995,20.23279165
7048,68.92306,110.6146,16.36962297
7049,68.29892,147.2812,22.19601279
7050,69.50429,124.4182,18.10572903
7051,71.313,154.0956,21.3014001
7052,68.43807,138.7187,20.82067609
7053,67.13923,118.2185,18.43690667
7054,71.65034,129.9864,17.79986588
7055,65.08982,108.6521,18.02882024
7056,65.9342,121.5126,19.64966526
7057,69.09728,131.8032,19.40704335
7058,67.26581,122.3023,19.0020824
7059,64.38799,117.6848,19.95565388
7060,66.66263,123.165,19.48398331
7061,69.12113,128.1987,18.86328331
7062,68.00116,120.519,18.32222458
7063,66.01521,132.6177,21.3928575
7064,69.06381,153.8047,22.6685565
7065,65.36307,114.7964,18.88942376
7066,68.5666,120.8603,18.07231399
7067,64.96461,110.8094,18.45772865
7068,68.04672,116.8675,17.74331189
7069,68.55896,140.4034,20.999285
7070,68.99092,118.0107,17.42981746
7071,66.53254,116.871,18.56067976
7072,65.54329,99.65617,16.30808786
7073,66.37032,123.1376,19.65161226
7074,67.35006,131.78,20.42343814
7075,67.37973,107.3991,16.63019855
7076,68.37168,125.2837,18.84071557
7077,69.43348,140.256,20.45214715
7078,68.83415,126.4995,18.76878789
7079,68.35128,132.1206,19.88074059
7080,69.7299,126.5069,18.29074748
7081,66.76921,116.9988,18.44948539
7082,68.59913,113.4002,16.94072255
7083,66.77606,114.8109,18.10076229
7084,66.92936,108.9786,17.10264201
7085,69.08265,137.5979,20.26885209
7086,69.06212,122.6742,18.08126237
7087,66.44597,120.8244,19.23856525
7088,70.37422,139.8095,19.84562674
7089,64.52265,117.7043,19.87573794
7090,67.58351,149.6098,23.02681546
7091,70.31109,139.4191,19.82576429
7092,70.50002,137.8864,19.50285885
7093,66.50098,113.2406,18.00119747
7094,65.35631,117.0282,19.26064391
7095,67.80355,129.6957,19.83243487
7096,66.06759,137.8167,22.1962824
7097,68.51708,125.1696,18.74375059
7098,64.11949,112.7134,19.2730637
7099,66.96134,122.761,19.24719607
7100,67.96643,118.005,17.95836593
7101,67.0344,143.2701,22.41379709
7102,70.02335,122.6553,17.58554677
7103,68.2267,139.9412,21.13451019
7104,68.92581,110.0091,16.27871724
7105,66.98588,136.5209,21.38887456
7106,66.60277,126.6768,20.07556725
7107,71.395,133.8678,18.46272731
7108,67.86413,136.4188,20.82327229
7109,69.13237,126.8823,18.66351655
7110,67.87654,117.7937,17.97372102
7111,68.76083,132.8404,19.75164535
7112,67.36789,116.0168,17.97092026
7113,65.16072,135.585,22.44890808
7114,70.55072,125.9307,17.78623565
7115,66.4049,121.0867,19.30418693
7116,66.83446,136.2764,21.44742167
7117,67.26086,120.1009,18.66279798
7118,70.00579,133.7637,19.1878218
7119,70.13397,138.0896,19.73601425
7120,67.04961,127.2923,19.90512671
7121,67.13933,116.9931,18.24574361
7122,68.39594,143.1639,21.51434856
7123,67.26621,138.2081,21.47310778
7124,70.70541,140.5597,19.76563889
7125,64.81425,117.1367,19.60231257
7126,67.63186,134.8175,20.720438
7127,63.99001,130.4298,22.39276886
7128,67.89236,120.5148,18.38035515
7129,65.72178,118.9157,19.35422953
7130,67.34324,124.2062,19.25353974
7131,71.7701,143.3808,19.56857592
7132,65.51898,102.0683,16.71521438
7133,67.25056,120.3717,18.71060838
7134,68.26108,134.7602,20.33155808
7135,67.88764,133.5285,20.3679759
7136,69.86454,151.4865,21.81803574
7137,68.69896,125.0424,18.62568701
7138,70.16294,133.275,19.03217659
7139,64.9089,114.8393,19.16184677
7140,69.99566,136.6724,19.61073721
7141,66.28872,124.6184,19.93692751
7142,71.21582,153.9191,21.33510978
7143,67.42305,130.0958,20.11878788
7144,68.73146,126.8497,18.87702847
7145,67.73615,130.1305,19.93854241
7146,68.15963,137.0062,20.7319951
7147,69.62686,143.488,20.80737466
7148,68.1477,139.4233,21.10514193
7149,67.65882,111.2477,17.08431331
7150,64.6576,115.7454,19.46345363
7151,71.4186,152.3875,21.00303249
7152,66.99874,101.7823,15.94022014
7153,70.37822,138.2295,19.61911917
7154,66.51704,144.9564,23.03174746
7155,67.18007,126.0652,19.63675122
7156,68.03524,129.5533,19.67596143
7157,63.49286,100.8383,17.58454196
7158,67.48731,135.685,20.94319461
7159,68.98253,130.124,19.2235899
7160,68.48716,114.3281,17.13523229
7161,68.43382,119.7082,17.96956894
7162,66.82633,117.9674,18.57043645
7163,68.58959,136.604,20.41278812
7164,68.21922,126.5181,19.11148735
7165,68.79074,139.2679,20.68932822
7166,66.59109,132.4449,20.99705169
7167,65.72831,129.9469,21.14542005
7168,69.45052,105.7793,15.41718239
7169,67.07052,120.3329,18.80513092
7170,66.06131,110.5079,17.80140529
7171,64.13507,122.0272,20.8555105
7172,65.8497,121.6887,19.72867757
7173,68.81954,140.3287,20.82947367
7174,68.01948,130.2994,19.79844703
7175,66.17253,130.1025,20.88745311
7176,69.20803,133.1917,19.5487734
7177,69.09409,128.1301,18.86794873
7178,69.50502,137.3243,19.98344565
7179,69.27992,139.0344,20.36398821
7180,69.8233,152.5737,22.00058667
7181,69.33597,145.3588,21.25589826
7182,69.64967,131.4688,19.05197038
7183,68.92694,135.01,19.97759779
7184,67.99845,120.3701,18.30104631
7185,66.80329,131.1969,20.6672739
7186,64.69195,116.3957,19.5520265
7187,69.49096,133.2719,19.40158861
7188,68.30048,114.0233,17.18309611
7189,65.80058,110.1396,17.88295882
7190,69.8954,127.7667,18.3855156
7191,68.42628,122.4339,18.38277825
7192,69.50113,130.9145,19.05282353
7193,69.29251,143.7263,21.04354893
7194,67.7469,140.5105,21.52212996
7195,68.04911,117.309,17.80909123
7196,69.58269,128.3045,18.62922488
7197,66.98591,132.42,20.74636361
7198,70.06189,151.3699,21.67859598
7199,67.95494,103.0898,15.69383042
7200,69.72035,135.2409,19.55889251
7201,67.76978,125.5754,19.2215207
7202,71.50252,134.2854,18.46466471
7203,66.8927,116.1475,18.2476835
7204,69.78987,145.157,20.95118204
7205,69.18094,97.38482,14.30453265
7206,69.55195,141.5296,20.56761731
7207,66.76773,124.1834,19.58328971
7208,70.68901,119.41,16.79934018
7209,67.44662,110.9564,17.14696659
7210,70.43882,152.882,21.6614506
7211,69.38655,133.4961,19.49275906
7212,67.25475,131.5363,20.4434892
7213,70.51274,147.9493,20.91862131
7214,68.07194,107.2294,16.26795436
7215,66.82279,123.3618,19.42168087
7216,72.79602,119.6208,15.86889755
7217,66.80265,109.7922,17.29575126
7218,68.40038,130.909,19.67015587
7219,66.53305,135.1808,21.46819205
7220,66.19168,110.6117,17.74800671
7221,70.86937,145.8197,20.41053466
7222,67.03655,118.0754,18.47104386
7223,70.32482,136.9369,19.46518603
7224,63.52966,111.5511,19.43014851
7225,65.38477,125.863,20.69665705
7226,67.61447,126.7202,19.48596322
7227,69.8557,157.414,22.67748989
7228,64.02049,108.3825,18.58987638
7229,64.67575,112.1651,18.85081475
7230,67.23841,118.3111,18.39695505
7231,65.11543,108.6568,18.01542077
7232,66.20656,119.9807,19.24264067
7233,69.70118,126.3537,18.28365542
7234,70.47463,119.7988,16.95673308
7235,68.64678,126.5725,18.88227602
7236,67.34344,119.4016,18.50865573
7237,65.62668,120.6734,19.69726854
7238,66.96462,122.5543,19.21290615
7239,68.23983,119.0203,17.9680312
7240,69.3839,126.4594,18.46668865
7241,66.51058,112.3129,17.84857284
7242,66.37135,118.6985,18.94258537
7243,71.9533,132.4024,17.9783466
7244,70.8278,136.0832,19.07007204
7245,69.65515,129.2316,18.72481703
7246,67.97516,137.9614,20.99000011
7247,67.6667,131.5778,20.20170158
7248,69.76989,141.3806,20.41780581
7249,68.36656,134.1194,20.17248823
7250,68.80647,118.5526,17.60385784
7251,67.12544,116.3449,18.15216309
7252,68.11498,136.6981,20.71250071
7253,67.29381,131.0281,20.34087042
7254,70.70649,112.1012,15.76329595
7255,65.08928,131.0829,21.75116039
7256,71.1406,127.4022,17.69690034
7257,70.56025,150.4959,21.25004097
7258,68.47391,130.8527,19.61949199
7259,68.99078,147.5658,21.79510329
7260,70.76446,128.8298,18.08594741
7261,69.76717,131.0973,18.93419557
7262,65.74663,118.725,19.30858771
7263,66.98775,143.9424,22.55034979
7264,64.41271,112.5632,19.07254346
7265,67.19909,125.5583,19.54672343
7266,67.00659,136.9352,21.44052381
7267,67.64628,132.7607,20.39562512
7268,67.50257,142.7019,22.01630661
7269,67.6803,139.2383,21.36926019
7270,73.81695,140.0915,18.07402658
7271,64.48825,134.3808,22.71597404
7272,64.58578,120.986,20.38997183
7273,66.58703,114.208,18.10808659
7274,68.7568,128.8771,19.16460039
7275,67.84196,127.669,19.50042195
7276,69.0289,129.4355,19.09619431
7277,70.24106,122.759,17.49147982
7278,66.48991,126.8856,20.17698042
7279,69.47393,132.2408,19.26092142
7280,66.15579,132.3362,21.25681853
7281,66.50286,137.7408,21.89461336
7282,71.5695,148.1165,20.32838138
7283,67.4536,119.7771,18.50626825
7284,65.97892,122.5452,19.7897918
7285,68.36647,147.1068,22.12594155
7286,67.64033,142.18,21.84652668
7287,68.45333,134.8398,20.22945884
7288,67.641,131.9221,20.26995768
7289,65.33383,135.0619,22.24395171
7290,71.61624,140.3879,19.24252107
7291,69.96497,144.7957,20.7945576
7292,70.31945,133.4026,18.96569179
7293,68.04474,134.0615,20.35496132
7294,70.72336,140.8089,19.79063185
7295,68.49315,136.7987,20.49948807
7296,67.94018,117.5218,17.89865402
7297,66.67637,125.0994,19.78183868
7298,66.33467,120.3094,19.22090092
7299,68.4344,131.5393,19.74521757
7300,66.06591,128.7348,20.73463739
7301,68.27948,145.317,21.9124702
7302,71.13503,139.9063,19.43683546
7303,65.90755,111.1929,17.99542246
7304,66.34423,134.0435,21.40892044
7305,65.3504,109.4509,18.01682091
7306,66.77512,125.6017,19.80256686
7307,70.15968,125.4635,17.91832975
7308,64.87603,108.8633,18.18311511
7309,66.39882,122.1298,19.47404854
7310,70.19458,134.7721,19.22862195
7311,65.14868,118.2586,19.58740111
7312,69.13566,134.8389,19.83199022
7313,68.66753,149.9199,22.35176162
7314,68.58656,120.5065,18.0089236
7315,68.54078,131.3163,19.65060281
7316,69.04324,120.7318,17.80470055
7317,67.79093,145.3154,22.22919742
7318,70.54534,128.9349,18.21332138
7319,67.88231,132.4517,20.2068974
7320,66.60399,125.7715,19.93136634
7321,65.36397,88.81051,14.61311645
7322,69.68018,138.3541,20.03220846
7323,68.57678,127.8418,19.11058685
7324,66.22321,127.7406,20.47688165
7325,68.5423,117.28,17.54938636
7326,67.7995,133.4251,20.40515414
7327,68.63948,140.4405,20.95558179
7328,67.95206,131.4384,20.01116323
7329,67.73545,111.3263,17.05772307
7330,67.6113,115.9311,17.82857814
7331,70.69283,141.2872,19.87501238
7332,68.26736,129.9806,19.60684184
7333,65.89008,134.8798,21.84047949
7334,73.01042,156.0944,20.58604673
7335,67.67587,134.7738,20.6867899
7336,66.78503,135.5158,21.3592996
7337,68.32888,120.9929,18.21824788
7338,70.73417,133.0843,18.6992258
7339,69.43571,128.0102,18.66526412
7340,69.95298,111.8821,16.07324239
7341,68.38192,108.5709,16.32248138
7342,66.70985,141.8568,22.40915887
7343,70.25069,134.9127,19.21794608
7344,67.62069,118.2398,18.17857413
7345,67.58186,123.5611,19.01852406
7346,65.98681,110.9755,17.91711858
7347,68.78521,121.7078,18.08354629
7348,68.62075,128.9687,19.25434398
7349,67.27841,132.6356,20.59984692
7350,65.34695,111.0262,18.27806244
7351,69.76109,143.2576,20.69409701
7352,69.89052,125.2298,18.02297451
7353,69.03762,136.3245,20.10747865
7354,67.52712,126.3744,19.48309627
7355,69.42798,133.2845,19.43864161
7356,69.25325,122.813,18.00194152
7357,67.20804,121.3649,18.88886954
7358,68.00991,139.8288,21.25237915
7359,72.35641,130.8996,17.57679237
7360,65.18365,137.4973,22.74951511
7361,67.18597,124.8715,19.44739657
7362,67.76811,122.6361,18.77253439
7363,69.67532,128.1323,18.55478827
7364,68.04481,110.4944,16.77666303
7365,70.36942,130.4623,18.52134036
7366,64.41718,124.1877,21.03926149
7367,66.85948,140.3651,22.07437801
7368,70.20287,132.4583,18.89403727
7369,67.02928,129.9706,20.33627191
7370,69.26978,144.3226,21.14472555
7371,67.42833,118.4512,18.31512903
7372,70.54165,133.0559,18.79741953
7373,64.53151,123.7602,20.89260881
7374,68.24766,125.6892,18.97045539
7375,65.98542,129.7971,20.95676984
7376,66.86053,106.1024,16.68556445
7377,66.122,139.3225,22.40188799
7378,67.34277,130.4799,20.22632531
7379,67.62678,119.9616,18.4399677
7380,67.02834,124.4751,19.47694693
7381,67.42969,126.0978,19.49667303
7382,66.99899,128.2102,20.07896816
7383,69.26638,136.238,19.96220918
7384,67.67848,121.8698,18.70467777
7385,68.48995,112.3066,16.8308832
7386,69.15514,134.703,19.80084223
7387,69.54796,127.4389,18.52202849
7388,67.40434,106.6406,16.50069298
7389,66.14023,107.8906,17.33834066
7390,63.61758,117.2843,20.37234001
7391,65.16034,110.2457,18.25367446
7392,68.08398,121.0482,18.3579334
7393,67.93785,124.3501,18.93990805
7394,67.52815,128.1553,19.75705427
7395,68.97399,121.222,17.91290698
7396,63.48592,121.0895,21.12063523
7397,66.16304,117.5089,18.87101165
7398,64.82835,97.5369,16.3152727
7399,66.42971,119.6172,19.05567092
7400,68.43495,118.9727,17.85857221
7401,66.52114,137.8509,21.90007309
7402,68.74805,121.5155,18.07449762
7403,65.97323,132.5458,21.4084784
7404,67.03314,100.0056,15.64589885
7405,68.58693,141.2024,21.10156546
7406,66.32704,126.5394,20.22087122
7407,72.83685,155.3977,20.59195596
7408,70.3984,134.7797,19.11851838
7409,68.05803,125.6942,19.07707624
7410,65.14364,115.004,19.05128296
7411,69.14854,125.904,18.51095492
7412,64.25558,123.25,20.98555971
7413,63.75162,117.198,20.27183558
7414,72.02677,148.7849,20.16166078
7415,65.65417,128.8653,21.01680445
7416,67.21431,118.7941,18.48530869
7417,69.10937,123.3988,18.16320119
7418,64.55084,90.03145,15.18958028
7419,69.84948,120.5746,17.37339926
7420,70.64157,126.2191,17.7811448
7421,67.02268,126.7902,19.84254767
7422,66.05177,124.9625,20.13567117
7423,67.36082,143.185,22.18391121
7424,67.63802,129.4889,19.89784736
7425,67.75642,131.3101,20.10724429
7426,69.01775,139.614,20.60452945
7427,66.81603,120.3352,18.9490165
7428,68.1264,128.0491,19.39549979
7429,69.39699,144.2164,21.05177441
7430,68.0198,107.2461,16.29544151
7431,71.13762,140.6199,19.53455162
7432,66.92045,110.6346,17.36715137
7433,68.51978,123.7867,18.53520487
7434,67.49444,134.2646,20.71957537
7435,67.69485,135.7343,20.82253842
7436,70.48607,132.574,18.75888803
7437,64.47721,101.3696,17.14156951
7438,69.08046,138.2492,20.36608304
7439,67.60168,131.9158,20.29257514
7440,68.3217,99.18847,14.93823159
7441,68.73792,104.5348,15.55333209
7442,65.82668,108.8067,17.65253414
7443,67.5949,129.1996,19.87872997
7444,69.82714,132.2253,19.06432255
7445,69.24298,132.0935,19.3680221
7446,66.8406,121.3455,19.09406168
7447,69.53579,120.1047,17.46218326
7448,66.37498,122.0791,19.47994998
7449,66.07098,125.3647,20.18873436
7450,64.61507,112.5542,18.9517532
7451,68.42049,121.1324,18.19044346
7452,69.56459,115.4338,16.76918122
7453,69.39142,140.7167,20.54420865
7454,68.43529,123.0205,18.4659897
7455,67.05497,127.0142,19.85846414
7456,67.7922,130.0494,19.89318045
7457,71.94893,144.1957,19.58208608
7458,69.63726,129.699,18.8021972
7459,72.0813,143.083,19.35967851
7460,68.45988,117.2453,17.5864629
7461,65.46367,139.3682,22.86221571
7462,67.27282,106.0456,16.4728488
7463,68.18818,131.0038,19.80710576
7464,67.28198,119.6203,18.57644838
7465,63.91125,112.35,19.33631794
7466,67.71167,132.679,20.34372443
7467,72.1432,139.7611,18.87777611
7468,68.25521,135.8145,20.49414713
7469,67.53778,133.3183,20.5471471
7470,68.60468,121.2002,18.10302602
7471,67.59235,111.6109,17.17381749
7472,65.19918,114.0807,18.86614791
7473,62.40921,110.2593,19.90092146
7474,70.58047,122.8997,17.34351242
7475,68.8901,134.8572,19.97633594
7476,68.74666,119.1949,17.73004314
7477,66.29907,118.4403,18.9426158
7478,66.65775,134.1269,21.2211987
7479,66.55058,125.0959,19.85613475
7480,67.70659,123.8787,18.99722128
7481,69.75302,125.8733,18.18707729
7482,67.72124,114.2514,17.5132623
7483,69.36439,135.5384,19.80361783
7484,66.44274,115.7687,18.43535113
7485,67.19566,119.574,18.61699725
7486,66.4343,114.6366,18.25971082
7487,65.08244,117.4341,19.49045131
7488,70.47208,153.8939,21.78424691
7489,67.66172,107.8835,16.56625284
7490,67.5012,113.0245,17.43833162
7491,68.91253,131.5965,19.48064242
7492,67.64257,131.1377,20.14849853
7493,68.50697,139.4594,20.88976712
7494,67.21841,133.7691,20.81299881
7495,65.88687,113.0185,18.30236073
7496,69.8779,118.3424,17.03789776
7497,70.37038,138.2626,19.62818994
7498,68.66927,139.6973,20.82660481
7499,68.70197,132.6589,19.75847109
7500,69.8006,141.7412,20.45187448
7501,70.90949,150.0568,20.97984533
7502,65.1748,118.2564,19.57134013
7503,66.21658,118.9631,19.07366301
7504,69.61605,135.4832,19.65269051
7505,69.87508,154.3167,22.21895433
7506,65.58734,133.1199,21.75495915
7507,66.083,115.4637,18.58751337
7508,70.48212,135.9939,19.24495219
7509,67.84056,112.9479,17.25260333
7510,68.47217,136.3002,20.43730541
7511,66.79221,128.7134,20.28277909
7512,68.54694,124.5508,18.63484145
7513,64.80177,114.0726,19.0969024
7514,66.60203,106.2728,16.8423433
7515,67.21014,121.7322,18.94485108
7516,66.73678,114.8589,18.12965254
7517,66.53306,110.7923,17.59502577
7518,68.6929,132.2393,19.7011766
7519,68.19062,141.1859,21.34505968
7520,63.92606,121.3297,20.87212046
7521,69.5829,117.6169,17.07733131
7522,70.98816,140.1896,19.55686702
7523,70.76388,141.9068,19.92210649
7524,65.02684,126.1456,20.97211025
7525,66.90201,128.0042,20.10486739
7526,69.23204,130.8349,19.18954486
7527,66.09344,143.7256,23.12984607
7528,69.49427,138.9172,20.22149925
7529,68.05,140.3419,21.30523936
7530,67.49402,131.6908,20.32264212
7531,68.85025,140.8144,20.88292607
7532,68.23896,125.7072,18.97801036
7533,68.38393,116.0417,17.44461125
7534,68.95408,113.6366,16.80171522
7535,67.65103,125.5184,19.28030471
7536,66.20531,111.8929,17.94618779
7537,68.93726,134.5124,19.89800845
7538,67.80014,127.1,19.43746813
7539,65.2647,121.8737,20.11447164
7540,68.09232,130.421,19.77454903
7541,68.65955,115.7811,17.26597433
7542,67.81543,120.4567,18.41319899
7543,65.20035,133.6623,22.10367065
7544,65.84472,105.3131,17.07638004
7545,67.38545,141.2867,21.87380523
7546,67.92876,124.5046,18.96851571
7547,66.27859,120.0427,19.21076054
7548,70.74889,121.0602,17.00268274
7549,69.97731,147.2286,21.13649737
7550,67.20964,125.5631,19.54133437
7551,67.31481,126.7142,19.65890674
7552,70.24038,147.5274,21.02104533
7553,68.99325,134.3203,19.83735528
7554,68.59389,131.2151,19.6050645
7555,67.98396,137.5212,20.91761002
7556,70.36114,149.4448,21.22122248
7557,68.91001,125.7485,18.61630615
7558,66.87767,123.1591,19.35795891
7559,66.79704,122.6614,19.32630399
7560,66.1317,107.0973,17.21529516
7561,72.32421,126.4469,16.99401959
7562,68.51105,130.1897,19.49892659
7563,68.79547,128.0733,19.02366725
7564,70.50895,147.6337,20.87624257
7565,67.21348,124.8905,19.43443708
7566,67.40794,140.4072,21.72313961
7567,67.35628,135.5266,21.00021209
7568,68.38489,129.793,19.51130377
7569,71.91894,140.7337,19.12788161
7570,68.43062,121.2177,18.19786399
7571,67.77666,139.6088,21.36524084
7572,68.99119,117.0843,17.29285567
7573,66.21266,129.6054,20.78243118
7574,67.7385,123.8408,18.9735206
7575,70.30638,129.3636,18.39831048
7576,68.12954,118.034,17.87687225
7577,69.86354,127.871,18.41731055
7578,68.46795,129.2263,19.37900992
7579,70.82723,130.3162,18.26220519
7580,70.53312,125.3443,17.71224962
7581,66.68491,114.5746,18.1129228
7582,67.9728,123.6368,18.8119043
7583,67.22708,111.5203,17.34685538
7584,69.68289,135.3127,19.5903221
7585,66.59604,126.2811,20.01690234
7586,66.10015,128.3855,20.65696015
7587,67.86074,110.5005,16.86872995
7588,68.01097,125.1627,19.02270663
7589,67.5839,131.7113,20.27177896
7590,67.5159,129.2797,19.93763027
7591,68.53632,127.2682,19.04731059
7592,65.53007,116.1557,19.01579941
7593,67.01862,115.6411,18.09991675
7594,71.70261,130.089,17.78795292
7595,67.42779,119.1357,18.42126265
7596,67.40744,138.6263,21.44792534
7597,70.61318,132.1391,18.63009758
7598,71.40194,133.7259,18.43957177
7599,64.09089,103.413,17.69855693
7600,68.57917,140.5224,21.00469764
7601,70.44562,139.2476,19.72581938
7602,68.78892,137.1816,20.38047055
7603,68.17666,128.6937,19.46440668
7604,67.25766,119.6812,18.59934941
7605,69.58706,134.283,19.49482692
7606,65.62971,117.5826,19.19099153
7607,70.16689,149.014,21.27736982
7608,66.6029,125.2519,19.84967355
7609,66.8357,137.9874,21.71589608
7610,67.74481,114.0989,17.47771786
7611,67.01471,105.5528,16.52284384
7612,68.82323,129.1214,19.16388029
7613,66.53189,121.6671,19.32274221
7614,64.95852,125.6806,20.93877776
7615,66.39552,106.5133,16.98562814
7616,69.15387,145.4679,21.38402808
7617,67.3919,137.8311,21.33472974
7618,66.46185,108.3132,17.23819781
7619,66.04052,117.8311,18.9930315
7620,70.38614,137.0213,19.44326121
7621,65.65727,94.93893,15.48224785
7622,67.33538,121.7877,18.88304913
7623,69.28239,127.8304,18.72163402
7624,70.2126,136.728,19.49766819
7625,64.3484,113.3811,19.24954575
7626,69.31893,139.7068,20.43944831
7627,71.18364,137.8162,19.12032244
7628,66.69679,104.8015,16.5620068
7629,69.94556,129.3583,18.58785694
7630,66.51505,138.6321,22.02821381
7631,64.14991,116.5963,19.91810379
7632,69.92795,124.8835,17.95389965
7633,66.73025,137.4516,21.69999435
7634,68.51984,140.2377,20.99845902
7635,67.32388,136.2189,21.12780693
7636,64.05124,104.3901,17.88790809
7637,68.15534,119.4984,18.08496356
7638,67.71709,118.2663,18.13091664
7639,66.70415,130.1457,20.56266688
7640,67.41672,129.0666,19.96337461
7641,68.76344,132.7511,19.73686924
7642,67.84973,117.4982,17.94280309
7643,67.26853,130.8403,20.3269857
7644,68.45943,125.5251,18.82865697
7645,67.22402,115.863,18.02399818
7646,66.8748,128.8302,20.25107181
7647,66.74881,109.3304,17.25079869
7648,69.44453,125.8588,18.34690557
7649,65.4609,107.2491,17.59482848
7650,68.67207,125.2769,18.67523373
7651,69.85604,129.2856,18.62505461
7652,69.12214,122.2752,17.99116789
7653,69.21372,130.3915,19.13463679
7654,67.02625,132.8653,20.79108018
7655,67.69648,130.4108,20.00491495
7656,70.06564,154.3757,22.10670817
7657,69.36177,137.7144,20.12307497
7658,69.0855,123.928,18.25370198
7659,68.21874,127.1621,19.20903859
7660,68.60997,126.3357,18.86717845
7661,66.55127,114.9381,18.24343626
7662,68.71959,118.2746,17.60701335
7663,68.58571,122.5043,18.30793578
7664,69.08825,120.3915,17.73138935
7665,66.85375,98.47908,15.4898696
7666,68.56317,131.2951,19.63460034
7667,66.72783,116.8011,18.44116078
7668,66.73504,131.919,20.82355265
7669,68.65369,118.3939,17.65862494
7670,66.11318,120.0249,19.30414557
7671,66.7098,126.7391,20.02104153
7672,67.44065,152.5009,23.57133808
7673,69.25731,120.6596,17.68422239
7674,68.75465,130.2,19.36253242
7675,70.94505,138.8221,19.38963959
7676,67.77684,136.6213,20.90793327
7677,66.24745,105.4542,16.89199228
7678,62.64956,130.3208,23.34172843
7679,67.42044,129.5017,20.02846333
7680,64.44748,112.1223,18.97734453
7681,67.88848,107.7735,16.4389904
7682,70.5403,142.2364,20.09516017
7683,70.31573,130.1736,18.50858684
7684,67.8145,133.648,20.43020202
7685,64.61064,106.9745,18.0147195
7686,68.75828,127.1369,18.905011
7687,70.67508,141.6155,19.93120232
7688,64.79201,123.8881,20.74636486
7689,67.22238,124.7274,19.40391776
7690,66.7514,133.492,21.06152468
7691,69.90536,140.1252,20.15814744
7692,71.96265,135.2445,18.35949124
7693,65.42972,129.5831,21.27911525
7694,66.60135,120.7322,19.13429101
7695,66.4318,133.7433,21.30469493
7696,66.34089,104.3528,16.66851248
7697,69.96979,140.0099,20.10448393
7698,71.64134,120.8264,16.54968607
7699,66.24195,115.9752,18.58036487
7700,68.69749,117.0558,17.43678945
7701,67.15067,129.4873,20.18746561
7702,71.9673,133.6015,18.13410976
7703,68.5542,126.6594,18.94630905
7704,67.05171,122.6178,19.17295835
7705,67.50469,132.9071,20.50385928
7706,68.78436,125.2964,18.61720653
7707,67.07846,114.7138,17.92275733
7708,65.46411,131.4842,21.56861992
7709,69.49787,123.4755,17.97186426
7710,64.67323,120.1682,20.19741447
7711,69.32483,134.088,19.61406506
7712,64.39847,121.9653,20.6747618
7713,67.9694,103.3546,15.72744819
7714,68.17004,112.4828,17.01587733
7715,66.87249,105.3961,16.56856428
7716,67.30874,135.062,20.95779461
7717,68.26251,132.1296,19.93383866
7718,65.36754,127.2412,20.93431712
7719,68.94823,125.0147,18.4871585
7720,67.50617,113.585,17.52222973
7721,64.29247,120.1023,20.4261458
7722,65.5634,129.7442,21.21877673
7723,68.65306,128.7635,19.20561857
7724,67.66637,104.2348,16.00377011
7725,66.46271,125.962,20.0465103
7726,69.61949,138.3373,20.06471268
7727,70.151,144.0366,20.57597643
7728,68.00747,137.1058,20.84000961
7729,68.85235,130.6387,19.37267709
7730,70.34804,124.7815,17.72562362
7731,65.0196,134.4502,22.3577549
7732,67.58782,132.8462,20.44408056
7733,67.96341,135.425,20.61122704
7734,64.23356,124.1334,21.15046846
7735,71.82677,143.9272,19.61216452
7736,68.40776,124.9954,18.77753656
7737,72.92705,155.452,20.54822662
7738,68.2634,124.8133,18.82956816
7739,71.32032,128.3211,17.73482195
7740,69.04566,142.9052,21.07320473
7741,65.18871,115.9,19.17317283
7742,66.94576,121.9962,19.13619006
7743,69.21635,136.23,19.98990333
7744,65.53434,120.8577,19.78298356
7745,64.91416,107.684,17.96501653
7746,66.40921,104.361,16.635541
7747,66.51021,130.011,20.66135433
7748,68.98924,127.6238,18.85056081
7749,70.39002,142.0184,20.15012587
7750,67.27302,134.5354,20.89825628
7751,68.27392,124.1453,18.72302122
7752,66.13665,125.066,20.10065452
7753,69.8415,138.2726,19.9280286
7754,69.24298,125.4025,18.38696372
7755,69.49259,107.8487,15.6997683
7756,68.01659,138.7248,21.08044249
7757,67.14071,126.4965,19.72704228
7758,67.32799,122.5994,19.01307543
7759,67.22067,117.1647,18.22831128
7760,67.2075,122.9325,19.13315357
7761,71.22072,133.3385,18.47983846
7762,62.61388,127.7046,22.89921702
7763,66.05642,112.4733,18.12068859
7764,68.6259,111.0985,16.58392841
7765,66.42125,128.5118,20.47784459
7766,67.66226,122.9677,18.88223402
7767,67.87257,125.7629,19.19195781
7768,69.43314,142.9565,20.84613855
7769,66.91873,108.1239,16.97390029
7770,67.0773,131.3885,20.52870403
7771,66.38627,123.3667,19.67871504
7772,66.88154,118.5143,18.62574066
7773,70.13999,135.2062,19.3205966
7774,65.0467,129.3282,21.48810023
7775,67.94255,147.0635,22.39631346
7776,65.69521,126.7902,20.65254616
7777,65.69631,123.84,20.17131978
7778,68.06505,118.6554,18.00505685
7779,65.57689,127.0804,20.77458063
7780,69.51367,137.4305,19.99392303
7781,68.01036,132.4546,20.13131865
7782,65.97185,113.2777,18.29710675
7783,68.50408,117.6372,17.62248411
7784,68.6578,125.8654,18.77076268
7785,64.90631,128.857,21.502527
7786,66.86878,121.5519,19.110422
7787,67.45601,101.7983,15.72731379
7788,70.57507,136.4959,19.26514563
7789,65.50493,113.2549,18.55514499
7790,68.03809,139.6333,21.20508903
7791,70.44638,132.7411,18.80370266
7792,66.83931,111.3947,17.52895142
7793,66.38356,102.0057,16.27266514
7794,68.33698,124.0644,18.67630424
7795,69.41356,137.8685,20.11554198
7796,67.82728,134.7202,20.58634474
7797,69.1966,139.0328,20.4128236
7798,66.58126,118.1128,18.73045256
7799,65.86804,132.2918,21.43575425
7800,67.92387,127.8828,19.48599637
7801,67.65969,114.3964,17.5674075
7802,69.00849,135.8661,20.05678805
7803,68.02905,110.9974,16.86084432
7804,67.90776,113.0832,17.23910061
7805,67.89813,102.687,15.65868055
7806,70.78714,159.3967,22.36278658
7807,66.32968,129.7132,20.72639136
7808,71.20406,141.4122,19.60797249
7809,67.87705,129.9013,19.82087871
7810,65.94546,116.2096,18.78570626
7811,69.87679,126.6121,18.22907555
7812,65.79065,114.8391,18.65162825
7813,70.22362,130.9476,18.66751209
7814,68.85931,117.224,17.37987019
7815,67.99466,128.0368,19.46886006
7816,67.08757,129.2199,20.18369165
7817,68.85889,124.9153,18.520424
7818,66.06887,119.7681,19.28868972
7819,70.41331,137.758,19.53271591
7820,68.26431,124.0211,18.70955656
7821,70.00963,125.9789,18.06914372
7822,65.69038,125.507,20.44653524
7823,70.94803,118.2146,16.50995008
7824,70.40454,152.6344,21.6474337
7825,67.93137,124.0016,18.89043103
7826,67.24148,130.8507,20.34496035
7827,67.43967,132.5789,20.49268495
7828,67.97769,137.5606,20.92746294
7829,69.69329,134.532,19.47148123
7830,68.88,120.9022,17.91444062
7831,66.22857,117.7639,18.87455621
7832,64.74463,113.2767,18.99714803
7833,71.14304,147.1355,20.43656761
7834,65.97479,113.5152,18.33383467
7835,69.43298,159.7844,23.30011641
7836,65.39464,125.1913,20.57999039
7837,68.47642,127.5662,19.12532614
7838,67.68893,125.6505,19.27898867
7839,69.77827,118.6649,17.1331496
7840,73.85521,136.0667,17.53658006
7841,68.65677,122.8314,18.31884091
7842,68.88401,133.0347,19.70985446
7843,66.74014,136.451,21.53564191
7844,68.04482,126.3811,19.18877794
7845,64.85449,114.2042,19.08786277
7846,67.03991,120.3379,18.82308954
7847,65.56486,119.8795,19.60459936
7848,68.13322,134.1961,20.32251211
7849,65.6523,125.6206,20.48878937
7850,72.22353,138.8165,18.70850106
7851,67.93045,126.3497,19.24866247
7852,70.43116,135.7442,19.23742434
7853,68.08474,138.0519,20.93621389
7854,69.8667,126.1461,18.16722904
7855,68.70872,120.9616,18.0127131
7856,68.58329,139.8337,20.89924248
7857,66.67676,122.2411,19.32963254
7858,69.96239,129.7149,18.63013131
7859,66.29991,137.1631,21.93646984
7860,65.76482,104.5086,16.98713286
7861,69.11191,135.7377,19.97790852
7862,66.87869,111.5493,17.5326135
7863,67.36932,147.7067,22.87869206
7864,69.93728,150.4786,21.62781229
7865,69.81301,133.0872,19.19636005
7866,66.56086,140.7383,22.33211094
7867,70.95923,130.441,18.21174901
7868,69.19946,127.5606,18.72692484
7869,70.28687,133.9221,19.05720335
7870,69.97118,145.462,20.88653911
7871,69.9306,133.8265,19.23813358
7872,67.23945,126.2885,19.6368049
7873,67.2735,117.1077,18.19083901
7874,66.48165,128.5263,20.44295869
7875,68.44572,120.2431,18.04358778
7876,66.89716,114.7654,18.02814066
7877,65.29685,132.424,21.83421414
7878,69.06524,132.1972,19.48312115
7879,68.02311,135.255,20.54923629
7880,70.02667,113.9045,16.32936353
7881,65.82948,117.297,19.02836094
7882,70.21039,150.618,21.4797603
7883,68.55081,143.2179,21.4253263
7884,66.17612,132.1823,21.21905453
7885,67.36138,134.9196,20.90299027
7886,69.98058,122.1659,17.53679594
7887,65.49847,122.904,20.13997986
7888,67.22664,108.7074,16.90953334
7889,67.28114,132.6449,20.59961951
7890,66.27424,121.0436,19.37348025
7891,67.20346,117.715,18.32330729
7892,69.96933,133.341,19.14712631
7893,70.33173,138.2921,19.65396128
7894,67.60168,130.4579,20.06830674
7895,70.12592,117.4415,16.78880445
7896,65.79449,107.1855,17.40653443
7897,67.9113,128.3023,19.55715504
7898,66.60677,114.237,18.10195026
7899,66.36069,116.3676,18.57657376
7900,69.37216,124.5841,18.19899937
7901,69.08983,131.53,19.37099357
7902,68.03826,137.6548,20.90452423
7903,66.72346,127.1615,20.07954416
7904,65.5982,110.4732,18.04797222
7905,66.56595,125.4882,19.90920626
7906,68.54091,124.8483,18.68263916
7907,71.80497,136.4508,18.60468842
7908,69.41584,123.6033,18.03301002
7909,67.91457,126.7841,19.32387442
7910,66.63057,141.1367,22.34849215
7911,70.00844,127.3606,18.26794186
7912,67.21345,134.9724,21.00331857
7913,69.9974,135.8397,19.49028641
7914,70.44321,142.7681,20.22591738
7915,69.99219,126.5143,18.15498009
7916,71.11277,131.7103,18.30964283
7917,68.42954,126.6811,19.01865979
7918,71.73402,122.6931,16.76197257
7919,68.25089,134.2315,20.2578397
7920,72.13361,120.9306,16.33865106
7921,69.0911,132.2909,19.48233836
7922,66.02501,132.287,21.33317723
7923,65.3813,126.1785,20.75073968
7924,67.27872,118.2022,18.35800333
7925,68.98874,126.4329,18.67493067
7926,68.9963,120.3791,17.77685022
7927,66.75512,103.6353,16.34910082
7928,66.09072,112.3691,18.08511444
7929,68.70395,119.6693,17.82274782
7930,64.72417,106.3895,17.85340731
7931,69.53108,120.2067,17.47938102
7932,71.32029,156.5971,21.64276976
7933,69.25388,132.4808,19.41869528
7934,70.01373,132.0505,18.93777464
7935,72.0594,148.9722,20.16876348
7936,68.49943,128.9143,19.31445706
7937,67.20711,109.9494,17.1126689
7938,67.4277,121.8319,18.83821072
7939,67.38905,136.4146,21.11725726
7940,68.81456,154.4947,22.93550124
7941,65.56306,116.8189,19.10513045
7942,68.86564,123.4374,18.29771735
7943,67.63208,128.5252,19.7532302
7944,63.64527,114.5546,19.88087944
7945,69.12102,142.8329,21.01664084
7946,70.19208,124.5284,17.76836672
7947,68.62725,109.5514,16.35234586
7948,68.58176,137.4034,20.53693138
7949,66.78338,119.4607,18.82970817
7950,67.68417,122.7447,18.83579081
7951,68.79943,143.4836,21.31021883
7952,66.72578,116.2868,18.3610886
7953,67.68983,120.3912,18.47154497
7954,67.24673,117.8198,18.31602656
7955,70.80139,131.9536,18.50516664
7956,69.81422,128.8624,18.58633498
7957,67.41926,118.315,18.29899213
7958,68.10832,140.7132,21.32503874
7959,69.52176,138.7414,20.1799405
7960,66.44673,123.6693,19.69110107
7961,66.50938,104.0396,16.53439087
7962,68.27624,122.9904,18.54758399
7963,67.51054,131.6367,20.30435265
7964,68.2331,122.1745,18.44784707
7965,69.20004,128.2344,18.82552854
7966,68.22569,135.757,20.5032017
7967,69.67618,116.2938,16.840044
7968,69.15372,134.0076,19.69942999
7969,67.44681,127.5092,19.70489016
7970,71.4192,145.7932,20.09382572
7971,66.01984,141.9976,22.90273743
7972,67.5773,127.9425,19.69556691
7973,64.49893,140.2004,23.69188183
7974,70.19674,126.914,18.10635246
7975,67.51149,123.7364,19.08523075
7976,66.75836,119.0958,18.78626537
7977,66.36645,132.4222,21.13581256
7978,65.96947,126.7739,20.47854921
7979,67.47588,138.5358,21.39046509
7980,65.8521,115.0837,18.65648757
7981,67.1238,122.7868,19.15816621
7982,69.1103,138.6654,20.40975904
7983,64.77536,113.5556,19.02585623
7984,68.77562,126.086,18.73929137
7985,69.56475,128.952,18.7328972
7986,66.86676,137.0564,21.54934553
7987,67.45183,142.6514,22.04163923
7988,66.7056,127.0386,20.07088092
7989,69.45967,130.8347,19.06394764
7990,67.83848,120.0967,18.34569555
7991,67.65053,137.3509,21.09815253
7992,69.02638,135.0166,19.92105325
7993,68.05329,125.4398,19.04111721
7994,65.0137,113.7752,18.92313845
7995,67.74935,128.7894,19.72537095
7996,67.3018,110.3175,17.12168004
7997,69.57329,169.1268,24.56307165
7998,66.46916,127.2647,20.2499009
7999,67.37618,121.7823,18.85935034
8000,66.03128,123.2914,19.87873192
8001,67.88652,126.5258,19.30044508
8002,66.60311,124.1856,19.68056432
8003,67.72857,119.5459,18.32087445
8004,66.20895,125.1912,20.07685703
8005,69.24463,126.2716,18.51351194
8006,68.69724,110.894,16.51903966
8007,66.70205,120.3019,19.00857008
8008,71.16914,135.0369,18.74236316
8009,65.43614,152.6168,25.05661052
8010,67.25401,130.5463,20.29006901
8011,68.05015,123.7466,18.78583168
8012,70.48365,134.9316,19.09379359
8013,69.03379,129.6641,19.12721065
8014,65.4187,118.1433,19.4070982
8015,68.94762,136.9932,20.25889608
8016,68.75178,107.7319,16.02255426
8017,69.54295,135.5159,19.69878136
8018,66.34532,123.7345,19.76175662
8019,69.9271,146.4336,21.05256559
8020,66.65813,127.9335,20.24106477
8021,68.55262,123.4302,18.46412121
8022,65.96412,122.5101,19.79300221
8023,69.48892,119.1983,17.35378701
8024,66.3432,137.1607,21.90746805
8025,68.28599,123.3591,18.59787383
8026,68.39674,126.1915,18.96333088
8027,65.75868,111.5519,18.13535758
8028,68.36155,133.9494,20.14987217
8029,69.21078,134.4253,19.72826314
8030,67.22096,114.8024,17.86063402
8031,68.65998,124.7691,18.60608592
8032,68.44603,110.3778,16.56305836
8033,70.35705,125.9397,17.88556797
8034,71.52468,137.9496,18.95675179
8035,67.94061,141.0108,21.47577364
8036,70.04339,127.3467,18.24772411
8037,64.54078,130.1828,21.970529
8038,66.18181,127.6085,20.48130608
8039,68.11241,124.1533,18.81313182
8040,69.5091,151.7634,22.08203236
8041,71.46618,135.5982,18.66414552
8042,67.79009,131.2158,20.07284988
8043,64.8491,121.2608,20.27065806
8044,66.50511,137.4995,21.85477862
8045,70.0677,144.6209,20.70859627
8046,69.80295,116.8405,16.85781089
8047,70.14185,131.8359,18.83799081
8048,67.22436,133.605,20.78378704
8049,71.97836,138.1052,18.73964942
8050,69.32003,136.5839,19.98192619
8051,67.41409,123.8328,19.15533118
8052,68.08026,131.0779,19.88119059
8053,68.13257,136.8494,20.72472042
8054,70.37547,130.5691,18.5333155
8055,70.31686,132.9542,18.90333575
8056,65.5543,121.2351,19.83267666
8057,64.65127,118.3996,19.91367611
8058,69.73363,122.1652,17.66112194
8059,67.69405,121.728,18.67432083
8060,70.20483,118.4049,16.88849759
8061,64.46691,120.621,20.40349383
8062,69.64553,134.4838,19.49121005
8063,69.29407,131.2404,19.21457264
8064,68.98608,121.228,17.90751526
8065,67.32147,110.6602,17.16483349
8066,69.65674,134.4204,19.47575121
8067,69.91295,148.5606,21.36700808
8068,70.938,129.7384,18.12449784
8069,68.91523,109.4881,16.20659669
8070,68.55359,131.1947,19.62506981
8071,66.76524,121.931,19.22952832
8072,70.89744,138.8549,19.42027733
8073,73.09657,134.9595,17.7568035
8074,69.22647,145.0718,21.28109407
8075,63.65093,116.5654,20.22625491
8076,66.46411,129.734,20.64594406
8077,68.35474,123.7944,18.62597659
8078,67.57134,124.2097,19.12431
8079,66.83183,135.5006,21.32700334
8080,69.62922,143.0166,20.73761053
8081,68.05903,126.0365,19.12846626
8082,67.54296,134.5517,20.73405928
8083,69.303,116.7611,17.09029004
8084,67.38937,128.9351,19.95922591
8085,71.45669,134.6404,18.53723383
8086,68.49029,128.3649,19.23727714
8087,65.84126,125.7087,20.38564202
8088,69.25123,133.4489,19.56209395
8089,64.51431,103.0865,17.41185357
8090,67.82414,127.065,19.41836564
8091,65.84897,118.2251,19.16756933
8092,70.67116,122.6757,17.26749862
8093,67.11351,124.6458,19.45418622
8094,67.59487,138.5996,21.32503868
8095,66.33295,116.4343,18.6027709
8096,69.89298,140.0236,20.15066805
8097,66.38557,142.4689,22.72626252
8098,67.1027,125.1139,19.53353732
8099,66.43884,113.1903,18.02687526
8100,66.12177,120.4629,19.36955744
8101,67.00531,133.6411,20.92555209
8102,64.16307,101.9669,17.41182407
8103,67.32597,135.9051,21.07782726
8104,66.94272,121.8755,19.11899354
8105,69.08751,142.7891,21.03058243
8106,70.44232,132.9498,18.83543747
8107,67.9102,125.3998,19.1153454
8108,66.51569,119.5183,18.99072439
8109,67.3862,128.4407,19.88456321
8110,68.10423,120.9619,18.33393768
8111,67.51842,110.0212,16.96630074
8112,68.2832,108.7627,16.39863027
8113,67.79292,128.0636,19.58900379
8114,68.30939,121.2109,18.26148903
8115,66.19976,113.9021,18.27150101
8116,65.84849,142.3934,23.08625797
8117,68.82083,135.0981,20.05232589
8118,68.96333,135.9867,20.10089116
8119,69.04066,133.625,19.70757438
8120,64.90924,123.5221,20.61042481
8121,64.53827,121.1495,20.44759864
8122,71.75047,139.379,19.03282125
8123,66.93045,132.2175,20.74898116
8124,65.54236,129.4864,21.19021346
8125,64.84131,91.8085,15.35092875
8126,66.98431,130.0474,20.37561954
8127,66.14261,118.8111,19.09192349
8128,70.81757,145.2176,20.35600453
8129,68.91444,152.0833,22.51211972
8130,66.66634,100.2743,15.86104284
8131,70.48203,137.6556,19.48015467
8132,69.91213,135.5083,19.49019365
8133,66.64902,118.6405,18.77589973
8134,69.01354,145.8844,21.53255519
8135,66.26097,115.3104,18.46325318
8136,68.89543,119.3074,17.67021673
8137,71.22325,132.1547,18.31447037
8138,68.68597,124.6849,18.57946117
8139,69.89911,135.1557,19.4467217
8140,68.69947,116.0361,17.28389724
8141,69.8535,136.027,19.59765475
8142,63.44123,112.1713,19.59268197
8143,64.11532,133.1515,22.77077227
8144,71.75025,132.088,18.03731344
8145,66.19729,135.4905,21.7362064
8146,65.72997,126.827,20.63669647
8147,72.16986,137.5684,18.5678785
8148,66.48739,127.293,20.24329842
8149,69.31215,124.2118,18.1760471
8150,68.02947,119.5556,18.16063682
8151,65.97774,91.25752,14.73767982
8152,71.29851,142.5115,19.70808053
8153,71.5143,127.7847,17.56500989
8154,68.60076,128.8566,19.24882121
8155,68.18368,135.9276,20.55427201
8156,69.8811,151.879,21.86419987
8157,67.93999,132.0277,20.10802542
8158,69.80319,123.1697,17.77086911
8159,65.19641,117.6912,19.4648899
8160,67.8403,127.0545,19.40751171
8161,68.50897,137.9252,20.65875147
8162,65.14879,115.1881,19.07876382
8163,66.95341,120.6277,18.91720501
8164,68.25949,136.41,20.58142571
8165,68.03615,149.0647,22.63865783
8166,64.54579,111.3072,18.78203916
8167,71.52318,127.8014,17.56294355
8168,69.57994,137.7495,20.00217655
8169,66.84427,129.9887,20.45184798
8170,68.5828,123.3208,18.43152351
8171,69.51119,146.7832,21.35611395
8172,67.49702,135.4823,20.90589128
8173,67.20475,129.0149,20.08145865
8174,67.66461,136.768,20.99987237
8175,70.03691,122.5324,17.56112407
8176,68.89205,118.0131,17.48023744
8177,68.85894,135.317,20.06259101
8178,68.40447,143.2456,21.52125787
8179,69.51754,137.8977,20.05965949
8180,69.63896,135.0191,19.57248552
8181,68.27563,135.026,20.36297814
8182,65.59198,122.9795,20.09493316
8183,64.35791,120.4781,20.44841124
8184,67.63682,135.534,20.82750366
8185,69.47515,137.0927,19.96690118
8186,68.93408,133.3871,19.73336677
8187,65.98502,133.4505,21.54690143
8188,67.65672,124.4906,19.11921277
8189,68.79529,144.5481,21.47090256
8190,66.82439,133.8378,21.06997926
8191,68.7321,109.9033,16.35486002
8192,66.33945,122.7443,19.6070802
8193,67.47277,99.0744,15.29888204
8194,67.72698,134.7996,20.65953335
8195,65.20132,116.8893,19.32935252
8196,71.49103,135.6049,18.65209417
8197,65.24026,113.6473,18.77081291
8198,69.99307,139.7899,20.05954296
8199,65.18268,121.4679,20.09798062
8200,70.06241,134.3005,19.23369879
8201,68.61652,125.2,18.69400167
8202,68.15831,124.9999,18.91591543
8203,63.48187,117.5449,20.5049962
8204,71.29462,142.6142,19.72443528
8205,70.11496,143.9751,20.58834005
8206,68.83929,141.5128,20.99318265
8207,70.15775,113.8639,16.26260355
8208,69.59681,133.7791,19.41623085
8209,65.83263,122.5777,19.88311308
8210,71.32785,135.4846,18.72091156
8211,68.20864,143.309,21.65459222
8212,71.87288,134.3715,18.28657598
8213,69.35277,128.963,18.84919593
8214,67.94055,142.3413,21.67844547
8215,69.71919,138.7374,20.06523316
8216,64.67334,113.3238,19.04696893
8217,65.33432,118.6681,19.54368991
8218,67.46316,144.152,22.26602219
8219,71.08038,155.0439,21.5729992
8220,66.66043,135.3184,21.40799317
8221,67.7645,109.9437,16.83143704
8222,67.23122,124.4395,19.35403839
8223,67.43133,134.417,20.7819393
8224,69.74968,130.7336,18.89113739
8225,68.14016,128.6113,19.47278887
8226,68.9402,133.3423,19.7232368
8227,69.35342,136.4262,19.93964138
8228,69.8643,140.5089,20.23711198
8229,69.31822,136.0998,19.91214325
8230,65.9301,105.284,17.02747427
8231,68.42378,127.227,19.10383183
8232,65.94139,120.6136,19.50003587
8233,68.18063,115.003,17.3917176
8234,70.25983,129.9544,18.50683377
8235,66.05596,104.3081,16.8054189
8236,67.73703,131.4725,20.14363971
8237,65.29545,126.3612,20.83546647
8238,68.16479,121.2363,18.34289147
8239,68.95501,140.2805,20.74058389
8240,68.19061,129.2682,19.54329896
8241,69.5707,126.2858,18.34243964
8242,70.02356,137.4431,19.70561048
8243,69.14845,117.2798,17.24303233
8244,70.24309,121.0725,17.25017953
8245,70.66018,142.7478,20.09903794
8246,67.45148,125.9385,19.45946405
8247,65.03584,114.225,18.98501672
8248,70.45839,133.1533,18.85566392
8249,67.11299,120.7303,18.84336364
8250,68.24423,137.3349,20.73024165
8251,66.7588,105.3169,16.61255184
8252,68.7307,116.3236,17.31097883
8253,63.45132,118.147,20.62987996
8254,69.32305,133.6457,19.55037044
8255,69.07258,123.9537,18.26431816
8256,70.51044,143.4905,20.28951307
8257,67.29369,117.9183,18.30576354
8258,69.33952,142.08,20.77431017
8259,67.33993,136.4499,21.15354826
8260,66.34535,120.6503,19.26915863
8261,64.39297,125.5261,21.28200044
8262,66.67639,113.1137,17.88654161
8263,72.36601,134.7475,18.08867624
8264,68.24893,111.0142,16.75491252
8265,65.53245,122.3297,20.02508767
8266,67.60693,130.4762,20.06800471
8267,68.68598,124.5562,18.56027801
8268,68.61117,129.6617,19.36321135
8269,70.92173,141.8458,19.82499856
8270,69.31458,123.953,18.13690488
8271,68.56604,130.441,19.50524048
8272,68.63936,127.0952,18.96435267
8273,66.36369,136.0598,21.71821366
8274,68.99555,114.0398,16.84106725
8275,67.46519,122.2341,18.8794009
8276,67.80467,123.7772,18.92678139
8277,71.52782,116.7279,16.0391009
8278,72.49367,154.5031,20.66770955
8279,66.60755,123.1233,19.50961294
8280,71.07038,138.9521,19.33940751
8281,66.33447,150.3119,24.01431275
8282,71.17232,129.6463,17.99257023
8283,69.03651,138.4825,20.42643439
8284,69.34919,137.7115,20.12995241
8285,68.05366,126.4259,19.19059345
8286,71.4948,132.8622,18.27291581
8287,69.06112,115.3726,17.00555344
8288,68.23732,110.6226,16.70149174
8289,67.93276,120.392,18.33979323
8290,68.55485,130.1554,19.46888798
8291,67.5741,125.7973,19.36716732
8292,66.36239,117.4231,18.74411024
8293,70.76127,133.7229,18.77456458
8294,67.10716,131.2588,20.49019234
8295,64.5143,127.8143,21.58851611
8296,67.47838,120.9216,18.66938083
8297,67.23335,141.0636,21.93818961
8298,67.99254,144.1656,21.92272005
8299,67.458,121.6819,18.7981186
8300,66.80866,121.3264,19.10931477
8301,66.09963,124.8608,20.09015934
8302,66.12053,124.1474,19.96274694
8303,64.70924,130.2642,21.86995067
8304,69.01541,119.7938,17.68062129
8305,67.46277,137.7862,21.28299336
8306,71.60898,137.8791,18.9024801
8307,69.08877,130.997,19.29308835
8308,67.81669,115.8327,17.70570919
8309,70.74181,128.5074,18.05224117
8310,64.4356,119.3601,20.20983395
8311,70.81481,139.7362,19.58917136
8312,64.90712,129.5891,21.62415371
8313,68.30316,126.8148,19.10925136
8314,68.41201,132.9198,19.96550516
8315,66.35212,99.69835,15.91965636
8316,67.27049,124.5827,19.35369451
8317,66.63726,120.3137,19.04741942
8318,65.00921,84.26295,14.01658476
8319,67.69319,124.4028,19.08514744
8320,70.26676,128.8174,18.34129504
8321,66.19211,121.0948,19.42980172
8322,65.62693,126.6962,20.68020012
8323,71.58993,135.744,18.61967482
8324,68.54869,108.706,16.2633692
8325,68.52266,122.0975,18.28073569
8326,66.21562,109.3178,17.52771521
8327,65.71102,113.8038,18.52830417
8328,72.23909,159.4608,21.48150627
8329,66.533,139.0226,22.07834516
8330,67.42805,125.9181,19.4698357
8331,64.33729,123.4824,20.97175905
8332,68.29721,140.0057,21.10061516
8333,69.15487,128.4365,18.87983736
8334,69.50939,132.4955,19.27833394
8335,65.75398,112.9736,18.36911372
8336,67.22359,155.7617,24.23107043
8337,66.0023,116.0386,18.72576918
8338,67.83406,115.5906,17.65965523
8339,71.42677,138.3516,19.06415184
8340,68.93168,112.8601,16.69775288
8341,68.26056,133.5413,20.14796701
8342,65.24947,112.2883,18.54111532
8343,66.60071,137.7297,21.82856612
8344,69.48187,122.6836,17.86482802
8345,66.24301,108.3135,17.35233001
8346,65.05662,139.3953,23.15370332
8347,69.89977,119.9003,17.25139032
8348,69.30058,149.1915,21.8386439
8349,72.0775,127.4068,17.24044627
8350,65.99698,118.3092,19.0952662
8351,68.87245,135.0451,20.01442377
8352,68.64611,120.4317,17.96653294
8353,67.65677,131.041,20.12519064
8354,69.15197,128.0926,18.83086424
8355,70.05894,141.614,20.28310275
8356,71.40809,135.1406,18.63143622
8357,69.03498,147.5304,21.76198157
8358,66.53406,104.5216,16.59867124
8359,67.71834,124.1642,19.03439654
8360,67.63519,130.3102,20.02572775
8361,66.43601,120.5525,19.20102719
8362,68.15413,117.8028,17.82898344
8363,68.81782,124.0657,18.41642095
8364,70.69194,140.2734,19.73289697
8365,66.05342,124.0408,19.98615569
8366,72.41769,143.68,19.26026727
8367,66.93146,117.7358,18.47580063
8368,65.53734,118.2815,19.35951743
8369,67.54175,127.8454,19.70134215
8370,67.76318,136.177,20.84834238
8371,66.14528,113.1378,18.17880521
8372,66.70349,117.5526,18.57335885
8373,65.09221,133.8826,22.21372694
8374,68.49307,131.2102,19.66208898
8375,65.16644,94.21964,15.59727656
8376,67.50707,127.7961,19.71398437
8377,65.76724,100.2388,16.29190807
8378,67.14094,124.5368,19.42129535
8379,67.34801,139.8293,21.67224857
8380,68.64599,129.0105,19.24642351
8381,69.94177,125.379,18.01801272
8382,67.30477,123.9033,19.22854883
8383,68.78142,147.1507,21.86630402
8384,66.12327,113.5479,18.25684744
8385,66.30368,117.2405,18.74811981
8386,69.18567,128.0275,18.80296285
8387,66.90853,118.8067,18.65663355
8388,68.70313,124.6767,18.56895985
8389,71.08677,148.1246,20.60653413
8390,65.52597,122.9936,20.13774889
8391,66.20537,116.068,18.61578661
8392,66.6718,107.6202,17.02020392
8393,68.72702,137.0353,20.3954247
8394,66.7039,120.6447,19.06167758
8395,64.89628,118.8854,19.84468652
8396,68.21209,129.5464,19.57302546
8397,70.50017,134.0139,18.95504599
8398,66.65252,127.2599,20.13788029
8399,68.51303,135.6923,20.3218939
8400,68.45497,142.98,21.44967167
8401,68.61334,110.3751,16.48197738
8402,67.78067,116.6516,17.84983928
8403,68.61734,130.0152,19.41251019
8404,70.42853,142.6604,20.21908578
8405,65.45001,108.0995,17.74024346
8406,70.69777,119.4805,16.80509322
8407,67.28034,111.5318,17.32118823
8408,66.4768,129.6186,20.61970464
8409,65.08921,125.0064,20.74290472
8410,66.56312,119.046,18.88873144
8411,65.84797,129.5537,21.00488771
8412,69.45763,133.2109,19.41132436
8413,70.28788,144.2612,20.52787415
8414,65.38017,131.5842,21.64048443
8415,66.49187,90.16983,14.33769976
8416,67.43263,135.136,20.89229686
8417,68.81347,125.0421,18.56370539
8418,62.92771,95.73883,16.9965034
8419,69.3757,135.4546,19.78492129
8420,64.73432,112.0029,18.78950816
8421,68.97699,143.0838,21.14157377
8422,69.37021,133.1309,19.4485924
8423,65.63449,110.4167,18.01879973
8424,68.33529,129.8376,19.54635223
8425,65.0522,122.3385,20.32331269
8426,68.70485,122.1685,18.19448533
8427,66.64719,150.0087,23.74149625
8428,67.91847,135.8583,20.70454605
8429,64.00018,128.5779,22.06781134
8430,68.90973,127.6864,18.90335416
8431,67.83403,116.6157,17.81628332
8432,72.14918,161.6214,21.82686641
8433,65.93135,119.386,19.30744426
8434,66.35334,121.8461,19.4554545
8435,68.14895,130.6059,19.76968655
8436,65.85562,124.2612,20.14212017
8437,65.85908,126.2855,20.46809829
8438,67.61041,111.3166,17.11938342
8439,67.74703,131.1387,20.08656515
8440,67.43873,118.814,18.36556003
8441,68.20254,130.0191,19.64994697
8442,67.42837,127.2159,19.67031874
8443,69.06903,140.8074,20.74980839
8444,67.77306,138.4305,21.18716862
8445,67.11898,129.8077,20.25653152
8446,69.69668,141.0015,20.40585874
8447,62.6775,102.6498,18.36919403
8448,67.26069,130.2661,20.24249775
8449,70.02024,140.0166,20.07648426
8450,67.30077,134.2776,20.84101322
8451,69.78242,144.6739,20.88591284
8452,68.96031,123.3616,18.23630757
8453,68.86806,129.4534,19.18814926
8454,67.56025,110.1402,16.96362604
8455,65.08546,130.6182,21.67659495
8456,67.17754,117.2168,18.25984109
8457,69.77675,125.558,18.12918328
8458,69.57213,137.4401,19.9617305
8459,69.81071,132.9983,19.18480127
8460,69.44528,112.1204,16.34385486
8461,69.4941,140.3979,20.43713752
8462,67.71518,133.3581,20.44573134
8463,71.37261,123.5644,17.05240083
8464,67.94484,111.4393,16.96995692
8465,71.28888,134.7116,18.63445674
8466,68.26826,128.6627,19.40753233
8467,68.89648,127.3814,18.86545461
8468,67.72198,123.9987,19.00698197
8469,69.5539,126.974,18.45130777
8470,65.2832,130.2877,21.49096288
8471,65.05616,118.9465,19.75741592
8472,69.57506,125.9928,18.29758922
8473,73.95409,145.2695,18.67262485
8474,64.67156,131.8694,22.1652524
8475,67.41711,135.8198,21.00768267
8476,72.83837,143.4551,19.00863277
8477,66.35943,147.1762,23.49565825
8478,70.21614,134.6977,19.20620688
8479,67.76837,135.6669,20.76706617
8480,68.21712,123.9896,18.73069203
8481,70.10091,140.0683,20.03770005
8482,67.59479,118.0146,18.15785808
8483,70.12489,132.4516,18.93512375
8484,64.55975,128.829,21.72927723
8485,69.18894,142.5893,20.93962539
8486,64.18631,108.3347,18.48579325
8487,67.82633,139.2589,21.2804912
8488,67.78211,112.3772,17.19504688
8489,68.12769,115.3454,17.47061838
8490,66.9149,122.5675,19.24354086
8491,69.55254,107.2211,15.58151184
8492,67.09352,114.081,17.81588865
8493,71.3619,124.5166,17.18896667
8494,71.16679,137.383,19.06924797
8495,69.36125,133.1983,19.46346617
8496,65.62974,116.7798,19.05994682
8497,67.50367,153.339,23.65664658
8498,71.06365,136.3467,18.98038144
8499,66.49246,117.7597,18.72436999
8500,69.98023,135.4338,19.44158453
8501,66.36915,120.7832,19.27655161
8502,65.72799,129.9118,21.13991429
8503,67.22453,138.4072,21.53071533
8504,69.6795,128.9191,18.6664847
8505,66.91326,111.703,17.53863475
8506,68.26178,128.2739,19.35255928
8507,64.98478,119.1325,19.83180642
8508,68.0698,104.76,15.89431682
8509,68.61422,136.6399,20.40349656
8510,66.30294,132.3913,21.17138155
8511,68.38352,142.0639,21.35679868
8512,65.93684,130.2864,21.06677948
8513,69.26443,144.1251,21.1190519
8514,69.85744,132.3308,19.06298606
8515,67.08825,127.413,19.90105682
8516,63.19953,106.8324,18.8031501
8517,72.94152,125.7713,16.61832533
8518,70.37958,151.8206,21.54729149
8519,66.63283,118.6562,18.7875108
8520,72.50855,141.1954,18.87980187
8521,71.36999,125.1979,17.27909918
8522,68.75583,138.7086,20.62717035
8523,69.62903,120.2989,17.4436069
8524,68.16407,117.9536,17.84660033
8525,66.83708,122.0631,19.20900123
8526,70.18194,156.4056,22.32322238
8527,67.86367,114.9246,17.5425871
8528,71.10272,130.4239,18.13594032
8529,73.58262,141.6525,18.3920049
8530,68.32952,134.7504,20.28937403
8531,66.44661,121.6314,19.36668875
8532,67.18734,118.6352,18.47540626
8533,67.49287,122.4953,18.90422852
8534,66.38595,119.4673,19.05688989
8535,67.25681,121.2471,18.8431782
8536,69.31111,136.4983,19.97454335
8537,68.14806,117.3852,17.76894631
8538,68.12645,115.4428,17.48600745
8539,66.38526,135.9818,21.69166005
8540,67.65899,127.3092,19.5507802
8541,69.58252,114.6022,16.63979508
8542,67.4652,125.8834,19.44303979
8543,66.54185,121.2715,19.25414918
8544,67.20255,143.0669,22.27014202
8545,67.9341,106.4818,16.22015711
8546,64.97055,113.4885,18.90053487
8547,69.56655,133.0219,19.32313285
8548,70.30948,141.6156,20.13903468
8549,69.61829,138.6939,20.11712813
8550,65.59094,104.0323,16.99948699
8551,67.8259,119.8473,18.31438961
8552,68.03804,119.9125,18.21026199
8553,68.19362,125.7243,19.00583965
8554,68.25109,115.4595,17.42472024
8555,68.43965,121.7398,18.27142204
8556,66.34605,150.4439,24.02701198
8557,68.58532,138.1689,20.64920266
8558,68.55442,141.2293,21.12560766
8559,71.03808,129.7799,18.07924667
8560,64.47771,122.9159,20.78472014
8561,64.58247,122.8109,20.6996469
8562,70.13052,117.7137,16.82550925
8563,64.90601,125.232,20.89781195
8564,68.99646,124.495,18.38457593
8565,67.61832,115.7638,17.79915342
8566,69.63195,140.8429,20.4208196
8567,66.05471,111.8194,18.01627085
8568,71.32499,127.1661,17.57289194
8569,67.85806,138.4063,21.13042855
8570,69.45941,135.9299,19.80651843
8571,66.64834,127.7205,20.21330183
8572,64.97782,110.4212,18.38558759
8573,67.87711,122.438,18.68206444
8574,72.31294,136.5598,18.358879
8575,67.14057,134.0436,20.90409451
8576,64.43728,114.5911,19.40134389
8577,66.67002,117.9921,18.66152302
8578,68.59476,128.0073,19.12529666
8579,71.47766,129.924,17.87738756
8580,68.63009,125.5075,18.73250543
8581,67.6305,120.5523,18.52872899
8582,70.06317,126.4208,18.10482341
8583,67.44197,123.631,19.10830707
8584,68.03318,115.4171,17.53008172
8585,67.4692,129.6403,20.02092926
8586,68.92912,110.1478,16.29767617
8587,67.31979,115.8672,17.97340382
8588,68.047,133.8044,20.3145756
8589,67.90838,136.5008,20.80864405
8590,69.6925,124.0748,17.95836612
8591,68.62706,130.6542,19.50239337
8592,68.84882,148.3087,21.99525243
8593,66.59651,123.5118,19.57766239
8594,68.15322,133.3485,20.18230201
8595,68.66291,110.1892,16.4304684
8596,69.21557,124.0764,18.20693785
8597,67.36,129.7241,20.09887894
8598,68.07738,104.7027,15.88208586
8599,66.52751,134.1397,21.30640205
8600,70.42237,136.6591,19.37191736
8601,67.07823,132.8673,20.75918246
8602,66.43387,126.4911,20.14819705
8603,67.98753,114.7128,17.44651462
8604,71.27188,158.4771,21.93236228
8605,68.04701,123.3098,18.72124921
8606,72.61099,142.6713,19.02336003
8607,64.68513,115.842,19.46312005
8608,68.43352,97.83008,14.68554185
8609,67.27211,125.707,19.52741193
8610,68.75891,138.2249,20.5533985
8611,68.49528,116.3683,17.43687781
8612,69.2542,151.8387,22.25592085
8613,68.77305,127.9952,19.02446436
8614,65.17589,111.4943,18.45160078
8615,68.21604,119.0602,17.98659366
8616,67.30043,120.3285,18.67618425
8617,67.86067,115.128,17.57518879
8618,66.00059,120.3097,19.41602548
8619,66.6625,120.4223,19.0501785
8620,67.60112,129.1886,19.87337989
8621,69.01782,125.8767,18.57711197
8622,65.7622,111.3564,18.10163653
8623,66.63706,127.3243,20.157421
8624,68.11546,130.3186,19.74560037
8625,66.70442,127.4867,20.14238904
8626,70.22831,144.6741,20.62156775
8627,66.28448,126.7203,20.2757912
8628,71.60477,141.1438,19.35232828
8629,68.82431,135.5828,20.12223383
8630,69.98686,138.3058,19.85010004
8631,68.30179,129.9339,19.58004241
8632,66.6512,119.0595,18.84097761
8633,63.50812,129.557,22.58175517
8634,69.5967,136.7802,19.85186277
8635,64.89411,124.4031,20.76710537
8636,67.67866,129.976,19.94871794
8637,66.70638,116.4489,18.39737959
8638,67.10993,102.8583,16.05539873
8639,69.90802,140.878,20.26490158
8640,67.71135,122.7092,18.81522882
8641,67.5598,119.3298,18.37923908
8642,64.20492,103.6839,17.68194483
8643,71.00101,135.5008,18.89592389
8644,68.81199,109.4734,16.25308088
8645,67.94764,108.1062,16.4610363
8646,68.21642,131.4376,19.85624385
8647,66.17682,125.3836,20.12724216
8648,68.69922,144.3117,21.49578231
8649,68.70501,109.3633,16.2873383
8650,69.61334,125.4205,18.19444909
8651,69.75186,122.5754,17.71116211
8652,71.46053,148.6212,20.45990547
8653,69.36257,111.1764,16.24492011
8654,67.40368,109.3832,16.9253919
8655,69.81058,119.4349,17.22836574
8656,70.47149,140.3522,19.86770219
8657,66.7402,143.1496,22.59282073
8658,63.91222,105.8021,18.20882016
8659,67.8694,136.8885,20.89172353
8660,66.84936,116.9535,18.39814514
8661,66.07377,115.9419,18.66970964
8662,68.48646,133.3074,19.98021449
8663,71.77202,141.7503,19.34501063
8664,67.55856,137.7559,21.21801565
8665,66.28302,134.3729,21.50118718
8666,68.43875,119.3438,17.91228743
8667,67.07508,115.6909,18.07724009
8668,70.60636,122.1442,17.22425827
8669,68.8942,135.3984,20.05411654
8670,69.88244,134.3577,19.34112649
8671,68.93627,138.0941,20.42842512
8672,65.14713,117.9849,19.54299756
8673,68.68398,136.8724,20.39671846
8674,67.56665,117.9312,18.16014321
8675,68.73881,145.8697,21.70283137
8676,68.96333,119.0578,17.59854368
8677,68.5465,121.7189,18.21137658
8678,67.85396,121.6697,18.57750408
8679,64.96046,127.6795,21.27053018
8680,68.58674,129.2295,19.31241865
8681,67.92544,110.8076,16.88340167
8682,69.3629,118.6172,17.33199314
8683,70.90905,146.5188,20.48544225
8684,69.28772,132.6966,19.43133232
8685,69.06553,119.9738,17.68149742
8686,66.60716,109.856,17.40753486
8687,69.19515,118.2264,17.35875127
8688,69.42865,128.6528,18.7627774
8689,70.09399,127.3597,18.2232481
8690,64.50077,103.3027,17.45569719
8691,65.72099,115.9257,18.86804304
8692,66.05702,112.889,18.18733204
8693,62.40403,118.5959,21.40916485
8694,72.90965,148.6113,19.65337457
8695,66.22193,131.9039,21.14507811
8696,65.97161,129.6126,20.93574316
8697,67.82515,122.1707,18.66985141
8698,71.16689,152.1123,21.11366775
8699,65.46284,101.8952,16.71549977
8700,68.92267,144.0831,21.3227975
8701,68.57821,137.295,20.52285403
8702,68.53972,141.0431,21.10680598
8703,66.17685,131.7326,21.14639823
8704,70.90225,143.3108,20.0407611
8705,69.42553,114.8461,16.75070804
8706,67.5235,107.4208,16.56280225
8707,67.09865,110.2544,17.21566053
8708,66.84169,121.8217,19.16836793
8709,67.80772,126.529,19.34581887
8710,67.14173,121.3218,18.91947651
8711,70.57017,137.4274,19.399312
8712,65.05533,125.8786,20.9093947
8713,70.03645,139.6533,20.0151237
8714,66.21546,118.4718,18.99553418
8715,63.142,127.3112,22.44839362
8716,64.01004,105.3351,18.07308286
8717,69.0029,124.9629,18.45022784
8718,65.635,105.3681,17.19465612
8719,68.59588,121.1566,18.10115713
8720,68.8021,142.3453,21.13951742
8721,69.03779,122.1038,18.00987688
8722,67.04484,116.5428,18.22678437
8723,66.03639,117.0908,18.87606442
8724,69.62664,127.3049,18.46075972
8725,67.3924,113.4762,17.56459997
8726,71.00376,134.5287,18.75890896
8727,67.93633,114.9908,17.51516594
8728,68.63648,129.2673,19.2900786
8729,68.62805,126.3473,18.85897013
8730,67.83335,142.6824,21.79913193
8731,67.39028,122.0253,18.88907484
8732,68.46455,114.5964,17.18679052
8733,70.16762,123.31,17.60678783
8734,68.79997,144.323,21.43455024
8735,68.04005,117.5716,17.8537112
8736,68.0575,144.1516,21.87876525
8737,69.66688,128.3014,18.58377753
8738,67.88892,138.9831,21.19920232
8739,69.43039,128.4548,18.73296203
8740,68.70589,151.2938,22.53141758
8741,66.73086,116.8306,18.44414332
8742,69.36545,128.6177,18.79185479
8743,68.02714,145.0769,22.03886206
8744,65.88695,111.8354,18.11072402
8745,68.57752,146.3214,21.87256027
8746,67.04267,116.0189,18.14602332
8747,69.64171,135.2526,19.60478549
8748,69.28691,124.1958,18.18694894
8749,68.2993,122.8095,18.50779937
8750,66.59117,112.9433,17.90533731
8751,66.00152,119.4182,19.27160879
8752,69.62369,135.4419,19.64238815
8753,70.40944,160.9728,22.82685305
8754,68.23792,132.3743,19.98515132
8755,71.33673,144.0178,19.89505306
8756,68.26044,128.1884,19.34041929
8757,65.19386,118.5785,19.61317423
8758,64.97013,128.0257,21.32185633
8759,65.48129,117.1136,19.20119256
8760,70.81532,136.8483,19.18404956
8761,69.65288,132.9662,19.26719203
8762,70.7431,124.3004,17.46062067
8763,66.577,132.3608,20.99260166
8764,68.31897,108.4509,16.33450075
8765,69.58153,136.53,19.82419072
8766,70.24671,121.6743,17.33413616
8767,69.53121,126.6608,18.41780953
8768,71.23578,121.6717,16.85576753
8769,66.48996,115.6813,18.39527743
8770,67.1513,130.6168,20.36317602
8771,69.49518,131.1111,19.08470353
8772,65.40644,123.0377,20.21866636
8773,68.65428,134.1447,20.00753613
8774,65.08665,120.4446,19.98751582
8775,70.78233,122.2947,17.1598407
8776,62.42388,113.2646,20.43374656
8777,66.71211,116.8734,18.46127321
8778,69.29174,117.5564,17.21229056
8779,63.91813,114.1919,19.64909275
8780,65.76518,117.0031,19.01781714
8781,70.68956,135.662,19.08547545
8782,69.1483,139.0431,20.44286459
8783,71.15854,131.258,18.22330105
8784,66.39543,116.2256,18.53449451
8785,69.95913,132.8145,19.07708508
8786,68.85974,134.8338,19.99048552
8787,70.30886,134.2011,19.0849615
8788,66.47109,113.7779,18.10287855
8789,67.99054,138.8971,21.12280172
8790,67.72173,136.0789,20.85883396
8791,67.42949,135.9047,21.01309633
8792,65.98761,110.2969,17.80712607
8793,68.0763,117.3088,17.79483766
8794,67.58576,113.3246,17.44090901
8795,67.71976,97.61996,14.96453167
8796,65.7482,99.90975,16.24783358
8797,69.3897,133.682,19.5181315
8798,66.36935,129.6092,20.68502387
8799,69.79204,140.811,20.32263991
8800,67.75389,126.4157,19.35922063
8801,70.21143,131.9105,18.81131062
8802,68.67792,122.0728,18.19449325
8803,71.14142,130.5105,18.12824322
8804,66.40101,130.5867,20.82115904
8805,67.0502,143.097,22.37616721
8806,66.77997,117.1269,18.463734
8807,64.5675,100.9,17.01447484
8808,66.79296,116.9012,18.42098776
8809,69.70535,119.1882,17.24472852
8810,67.51715,133.8952,20.64867219
8811,66.77383,112.0133,17.66088013
8812,69.09905,132.1341,19.45476919
8813,67.74778,117.103,17.93631445
8814,67.68924,111.3426,17.08352185
8815,65.58171,115.5257,18.8828899
8816,69.80522,139.7323,20.15934106
8817,67.47119,141.2489,21.81241036
8818,65.65515,131.7992,21.49465622
8819,67.37904,112.7464,17.45855803
8820,69.71522,125.2627,18.11848535
8821,68.11911,114.1017,17.28659709
8822,68.59547,117.342,17.5314541
8823,66.91329,119.7384,18.8002666
8824,72.74978,139.9267,18.58628312
8825,67.06735,124.2893,19.42525702
8826,71.35418,132.9339,18.35490884
8827,67.5378,129.0482,19.88902332
8828,68.37558,125.9097,18.93269626
8829,74.2727,144.66,18.43509424
8830,68.70571,132.7107,19.7640344
8831,67.62161,132.7596,20.41034036
8832,68.57034,125.0608,18.69837743
8833,67.58944,131.7524,20.27478062
8834,64.2441,112.828,19.21789057
8835,72.21166,122.8259,16.55886719
8836,68.45109,112.7446,16.9157142
8837,65.7402,117.7157,19.14818755
8838,67.53807,118.2423,18.2234627
8839,69.22881,125.0318,18.34011589
8840,69.15576,131.5739,19.34052933
8841,67.69635,125.4574,19.24514117
8842,68.38781,120.6513,18.13551688
8843,71.73727,140.9432,19.25350322
8844,66.9098,127.8661,20.07850073
8845,70.38323,152.929,21.70235118
8846,69.616,135.0082,19.58381691
8847,65.52145,113.0211,18.50750414
8848,69.55694,136.8874,19.89014109
8849,65.82438,121.7984,19.76165686
8850,69.7416,135.4599,19.57862834
8851,67.47711,115.5446,17.8398842
8852,68.09913,124.585,18.88591168
8853,68.20718,122.9659,18.58145977
8854,68.15528,129.7591,19.63785898
8855,67.63533,121.6332,18.6921919
8856,70.15607,144.7042,20.66835708
8857,64.91503,114.1893,19.04979083
8858,69.0054,119.5523,17.65009736
8859,68.26633,126.4766,19.07885888
8860,68.81612,140.2813,20.82450763
8861,67.72767,134.104,20.55250615
8862,66.56438,132.7397,21.06067927
8863,68.46206,133.381,20.00549808
8864,69.6475,146.482,21.22895038
8865,62.35553,102.9535,18.61429064
8866,67.59977,125.9471,19.37550633
8867,67.51383,129.5542,19.98118911
8868,66.45122,108.2905,17.24009944
8869,70.00417,140.7597,20.19230214
8870,65.68838,119.2997,19.43647811
8871,67.84561,142.0715,21.69795418
8872,70.29979,138.4229,19.69043058
8873,67.12263,136.7691,21.34053902
8874,70.32632,127.1832,18.07795446
8875,67.38624,143.2195,22.17251868
8876,67.12831,130.1144,20.29874842
8877,69.37649,135.3031,19.76234264
8878,68.40369,144.1206,21.65321191
8879,65.88697,128.0762,20.74076101
8880,66.24954,102.3152,16.38814313
8881,66.20872,121.6419,19.5077929
8882,65.47065,120.9183,19.83143096
8883,70.80619,130.7321,18.33137789
8884,69.68347,120.7878,17.48714288
8885,68.57948,111.95,16.73366411
8886,66.70391,125.3796,19.80977858
8887,66.30788,114.9262,18.37570823
8888,69.067,129.1566,19.03402977
8889,65.69589,125.6365,20.46419914
8890,67.3335,128.6592,19.94958162
8891,67.26527,115.5412,17.95189995
8892,65.87646,136.2664,22.07413024
8893,68.78703,133.1355,19.7804461
8894,68.46685,133.7184,20.05329772
8895,68.17238,123.3582,18.65977645
8896,68.00351,129.994,19.76132104
8897,66.43891,119.1959,18.98329709
8898,63.11944,114.2425,20.15843205
8899,66.48446,134.239,21.3497966
8900,66.55759,108.1273,17.1591396
8901,68.58831,141.7279,21.17924494
8902,65.54854,128.616,21.04380545
8903,71.75568,121.5435,16.59489445
8904,70.01805,131.2352,18.81852756
8905,69.30459,129.3077,18.92586399
8906,64.5266,109.4324,18.47666926
8907,67.82493,110.6918,16.91578148
8908,69.30746,129.188,18.90677839
8909,67.17495,123.1006,19.17788858
8910,67.19047,111.219,17.3188461
8911,65.90544,115.406,18.67846513
8912,67.25979,131.1541,20.38103255
8913,66.3908,118.4527,18.89228488
8914,67.37297,113.7344,17.61472147
8915,70.31688,134.466,19.11827155
8916,66.97896,103.6181,16.23731253
8917,71.16515,136.0685,18.88766121
8918,66.52982,123.7617,19.65662237
8919,70.51065,135.3067,19.13221227
8920,66.86786,123.6055,19.43382429
8921,66.87611,93.44279,14.68787998
8922,69.98701,124.1901,17.82409228
8923,66.47468,119.4661,19.00585889
8924,68.24878,143.1334,21.60262505
8925,64.20728,115.7541,19.73890982
8926,66.79236,122.1444,19.24754341
8927,67.78383,115.3515,17.64925439
8928,67.66018,131.4295,20.18282168
8929,67.83249,114.4112,17.48027847
8930,68.97089,128.8479,19.04149352
8931,68.67746,130.8949,19.50965553
8932,65.63126,139.7057,22.80068878
8933,69.17205,132.7823,19.50896451
8934,66.06605,118.503,19.08657427
8935,67.93043,132.0073,20.11057768
8936,68.33555,137.7148,20.73206455
8937,69.22538,145.6323,21.36398856
8938,69.05205,140.8625,20.76813816
8939,71.78468,148.0053,20.19152193
8940,68.63056,140.2105,20.92670142
8941,67.25523,112.3407,17.45984268
8942,70.44291,124,17.56719546
8943,69.02526,107.2311,15.82194913
8944,68.81653,108.159,16.05581843
8945,69.4793,123.016,17.91455636
8946,65.28886,114.7259,18.92076219
8947,70.23626,141.6617,20.18761523
8948,68.90008,143.8243,21.29845701
8949,65.76153,132.5244,21.54305816
8950,64.57852,104.3304,17.58692948
8951,67.14474,123.891,19.31839717
8952,65.21882,105.491,17.43511678
8953,67.25521,126.629,19.68052303
8954,67.25235,137.5721,21.38310471
8955,65.77614,132.6912,21.56059189
8956,62.6827,96.03438,17.18251263
8957,70.0801,137.082,19.62213825
8958,69.05895,144.3368,21.27612121
8959,69.86644,122.0803,17.58181409
8960,67.76916,131.7569,20.16807687
8961,68.01168,125.3418,19.0495292
8962,66.68649,137.3589,21.71382887
8963,65.92248,118.8738,19.22978358
8964,65.33207,108.8749,17.93206303
8965,67.42605,121.8715,18.84525615
8966,69.36554,128.6365,18.79455282
8967,67.40751,138.2898,21.39581844
8968,66.57351,140.3651,22.26442862
8969,67.17337,121.0826,18.864391
8970,68.99306,154.9503,22.88426308
8971,64.54104,122.436,20.6629602
8972,67.54151,117.6445,18.1294831
8973,68.58505,127.7326,19.08965845
8974,71.98814,137.2838,18.62313158
8975,67.65459,154.9403,23.79716296
8976,67.6661,130.5926,20.0507952
8977,66.14316,134.4043,21.59725764
8978,66.40155,140.8314,22.4542414
8979,67.07434,137.5925,21.49994113
8980,68.20422,135.581,20.48951435
8981,70.48362,139.2976,19.71163082
8982,68.67658,134.969,20.11740854
8983,67.74427,124.1332,19.01507933
8984,69.67541,132.6086,19.20294991
8985,68.39295,142.5965,21.43095468
8986,63.70222,109.7699,19.01645055
8987,66.64859,108.9945,17.2495582
8988,67.90407,124.9492,19.0500971
8989,66.5197,111.722,17.74979996
8990,66.54521,133.7914,21.23977557
8991,71.96799,144.5037,19.61352013
8992,67.20094,147.7364,22.9981097
8993,68.71458,118.739,17.67872415
8994,63.79579,113.0481,19.52695624
8995,66.9737,122.7246,19.23438769
8996,69.76872,127.523,18.41714619
8997,67.94033,126.2715,19.23115466
8998,69.44812,126.0498,18.3728487
8999,68.05029,120.1885,18.24560546
9000,68.01797,133.8531,20.33931987
9001,64.38451,120.9878,20.51795699
9002,65.25758,104.4308,17.23939422
9003,70.47138,138.5686,19.61528407
9004,68.16951,136.5314,20.65415938
9005,65.04024,117.8342,19.58224196
9006,66.39263,137.6273,21.94927449
9007,67.60452,139.128,21.40022798
9008,67.84567,128.5574,19.6339705
9009,68.50322,129.6116,19.41678067
9010,69.52893,132.6006,19.28278337
9011,68.12778,112.1998,16.99412988
9012,67.38512,128.4802,19.891316
9013,65.6983,108.4186,17.65837991
9014,68.53813,124.2629,18.59654682
9015,67.344,115.9541,17.97395366
9016,70.01961,138.2804,19.82789348
9017,67.40743,130.7949,20.23627611
9018,70.17944,141.0758,20.13668841
9019,66.51343,128.4216,20.40679082
9020,67.26656,125.9014,19.5608376
9021,66.31374,111.5275,17.82913395
9022,68.44896,123.68,18.55756942
9023,69.27778,129.0046,18.8961182
9024,64.42384,129.7849,21.98296543
9025,66.70168,130.5984,20.63572047
9026,69.24707,115.7079,16.9635027
9027,66.28284,114.6304,18.34226301
9028,69.63326,124.6271,18.06901001
9029,71.70174,132.1551,18.07090334
9030,66.93376,131.3089,20.60435595
9031,67.21461,138.1399,21.49547746
9032,67.3223,118.8846,18.44009
9033,68.78724,120.7674,17.94276103
9034,70.04804,142.6447,20.43708679
9035,67.87706,143.2935,21.86430964
9036,67.02932,125.1984,19.58955076
9037,69.64922,154.6918,22.417651
9038,71.22213,122.1485,16.92830783
9039,69.66832,127.8876,18.52307505
9040,67.96253,127.4414,19.39665241
9041,67.00064,113.6904,17.80414888
9042,70.48193,129.2246,18.28710447
9043,68.55545,125.4016,18.75747736
9044,68.7117,149.996,22.33436532
9045,67.31232,129.0666,20.02534819
9046,70.2357,130.3049,18.56950136
9047,69.62229,134.6101,19.52254192
9048,66.48154,137.9908,21.94842269
9049,67.07917,133.1644,20.80501825
9050,69.67002,140.8713,20.4026217
9051,69.14091,141.8583,20.86122915
9052,67.16885,121.6772,18.95957975
9053,68.66029,123.5929,18.43051967
9054,70.01551,129.615,18.58754684
9055,65.91776,121.563,19.66762199
9056,68.37937,131.1613,19.72017875
9057,72.03353,116.3468,15.76305432
9058,67.4263,143.0452,22.11922759
9059,66.83514,104.2224,16.4023725
9060,70.8882,133.5063,18.67708896
9061,71.09886,134.4454,18.69717522
9062,68.28929,130.8796,19.72977303
9063,67.42232,124.5761,19.26560584
9064,68.77046,110.9432,16.49119605
9065,66.44097,107.1578,17.06503507
9066,66.90499,120.1547,18.87031145
9067,67.74564,134.8147,20.65046687
9068,69.8243,128.6697,18.55318317
9069,68.53948,137.0614,20.51109652
9070,67.01536,123.0206,19.25681491
9071,68.72506,124.6451,18.55240772
9072,68.35119,133.4171,20.07588325
9073,67.19257,129.0612,20.09594896
9074,69.5455,133.8347,19.45297314
9075,68.59743,132.2555,19.75847293
9076,67.24215,119.4882,18.57792313
9077,66.65525,129.5077,20.49189832
9078,64.90589,136.4502,22.76990836
9079,69.23991,127.3088,18.66812758
9080,68.56348,111.6024,16.6894934
9081,66.34211,114.1735,18.23652471
9082,70.38965,111.2858,15.78983042
9083,69.41526,138.7516,20.24339808
9084,69.27737,111.6005,16.34702329
9085,68.38301,134.017,20.14738988
9086,67.157,124.2264,19.36362441
9087,68.20503,113.3739,17.13308632
9088,68.72586,131.5592,19.5810593
9089,66.96037,125.1157,19.61694821
9090,66.66717,124.2017,19.64530725
9091,70.07603,139.5844,19.98265679
9092,70.51629,136.3324,19.27416155
9093,71.54106,126.4717,17.37152477
9094,67.50481,141.2498,21.79082777
9095,69.15991,113.6123,16.6982838
9096,67.90658,132.8133,20.24758243
9097,68.82477,120.2753,17.85016506
9098,69.78004,123.8703,17.88381161
9099,68.44619,138.1636,20.7324396
9100,69.39772,118.0079,17.22566521
9101,67.30346,141.5997,21.97570798
9102,65.66713,128.864,21.00829763
9103,67.33725,124.8425,19.35561743
9104,67.00093,128.6654,20.14909004
9105,65.45347,108.3017,17.77154754
9106,66.65036,116.8012,18.48407111
9107,66.62187,120.3299,19.05878643
9108,71.06319,131.0404,18.2419448
9109,66.53966,119.8203,19.02499594
9110,66.05713,113.8325,18.33927645
9111,64.81538,123.0207,20.58625631
9112,67.82121,124.0312,18.95637114
9113,69.91442,131.4753,18.90888746
9114,67.20148,119.7628,18.64316274
9115,69.57829,133.2355,19.34763025
9116,69.56702,143.8267,20.89238598
9117,67.25014,127.6431,19.84112452
9118,66.31447,106.2018,16.97737715
9119,69.82058,110.6276,15.95335067
9120,64.68698,117.9638,19.81847929
9121,68.52069,142.1197,21.27973189
9122,68.05361,137.0546,20.80398853
9123,63.88492,122.967,21.1810357
9124,65.87122,135.4564,21.94640756
9125,67.28386,141.0113,21.89714249
9126,68.7451,145.1448,21.59102748
9127,71.78732,127.6009,17.40658527
9128,71.89347,142.8591,19.43051642
9129,71.21521,140.5748,19.48575693
9130,68.63924,121.7655,18.16915162
9131,67.20198,127.4781,19.84388808
9132,68.42171,116.4237,17.48271486
9133,66.21571,132.8434,21.29968728
9134,65.69602,114.2603,18.61112239
9135,64.39471,108.8848,18.45959631
9136,68.13221,126.5235,19.16114995
9137,69.95789,157.8629,22.67576759
9138,66.17437,124.0197,19.90977585
9139,67.3027,108.836,16.89129405
9140,67.12352,139.5505,21.77395273
9141,66.13041,114.8118,18.45607814
9142,66.76283,132.985,20.97434983
9143,69.81734,140.8902,20.31933609
9144,67.50491,126.0354,19.44362086
9145,67.77868,132.7541,20.31501066
9146,67.09294,134.424,20.99319276
9147,69.02064,139.6542,20.6087363
9148,68.37429,127.5258,19.17642836
9149,64.61585,131.0972,22.07347036
9150,65.50846,146.5505,24.00755042
9151,68.56092,114.3385,17.09993825
9152,69.29465,137.8696,20.18479902
9153,67.29291,135.6857,21.06448211
9154,67.10227,117.0417,18.27349093
9155,66.23273,128.5774,20.60509646
9156,68.91376,140.9367,20.86255676
9157,66.75178,132.2723,20.86885051
9158,67.13916,111.5926,17.40359285
9159,66.25471,126.3462,20.23410479
9160,69.74556,153.9188,22.24405
9161,66.34128,128.7754,20.56934864
9162,69.83341,108.9893,15.71132056
9163,69.86248,137.0186,19.73544185
9164,70.28256,118.5086,16.86592049
9165,67.07699,130.1395,20.33374285
9166,68.18059,123.6302,18.69641703
9167,67.59916,128.1213,19.7103376
9168,68.02776,140.8584,21.39763299
9169,68.42296,121.4696,18.23976382
9170,66.75944,112.3085,17.71505813
9171,68.53352,124.2808,18.60172793
9172,65.2651,110.8564,18.29591275
9173,66.58553,122.2553,19.38488812
9174,69.2084,130.033,19.08496154
9175,66.78219,103.0118,16.23756817
9176,69.73097,129.0492,18.65774824
9177,69.25719,123.1632,18.05121985
9178,68.57908,114.3083,17.08636901
9179,68.38491,130.869,19.67304338
9180,67.35514,119.3197,18.4895351
9181,70.08283,124.9148,17.87911265
9182,69.17193,140.6591,20.66633061
9183,70.74539,125.966,17.69344391
9184,65.88537,138.3547,22.40635764
9185,66.18373,113.7313,18.25294097
9186,64.9891,120.7808,20.10352348
9187,70.07851,129.7672,18.57592891
9188,67.47051,123.0945,19.00929401
9189,71.44337,130.4157,17.96227485
9190,69.28932,137.6776,20.15979044
9191,68.75846,127.091,18.89808681
9192,67.99864,135.3502,20.57850276
9193,66.76007,111.1036,17.52467165
9194,71.10275,126.991,17.65856759
9195,68.84929,133.7133,19.83037834
9196,66.71258,125.7664,19.86572784
9197,69.69606,131.6194,19.04841203
9198,68.21523,137.7177,20.8057028
9199,69.19788,125.6089,18.44124165
9200,65.99751,120.2086,19.40152033
9201,67.06344,119.1764,18.62833048
9202,70.38879,148.7394,21.10446518
9203,66.85526,130.9888,20.60242417
9204,65.49447,116.2783,19.05657001
9205,66.4933,131.4317,20.89775706
9206,69.64591,135.8083,19.6829597
9207,66.6031,120.0463,19.02458609
9208,65.5028,110.0927,18.03823822
9209,70.68042,145.9,20.53110735
9210,68.35984,115.3059,17.34621719
9211,69.67952,138.7123,20.08445249
9212,67.28637,138.2075,21.46014922
9213,64.24975,131.6321,22.4168327
9214,69.59961,152.9562,22.19774195
9215,67.2586,136.0419,21.14133303
9216,65.07024,110.1766,18.29278685
9217,69.32643,131.1248,19.17973007
9218,65.74804,114.0431,18.54636137
9219,67.8373,124.0473,18.94983935
9220,67.68655,124.5785,19.11585226
9221,69.93319,129.2833,18.58365251
9222,66.7117,111.267,17.57590466
9223,71.46877,126.8355,17.45675572
9224,69.23864,119.7615,17.56206153
9225,66.93836,119.0544,18.67887174
9226,73.75335,153.1022,19.78669472
9227,68.52941,129.8379,19.43581793
9228,65.84612,127.4989,20.67289909
9229,69.14293,130.5126,19.19164528
9230,68.50756,128.4389,19.2386637
9231,68.80941,150.2088,22.30257629
9232,68.28658,116.4148,17.55063347
9233,66.0851,122.6038,19.73568265
9234,66.76815,124.7948,19.67945778
9235,68.41582,127.8615,19.20357327
9236,67.86012,138.798,21.18894271
9237,66.49326,128.5167,20.43429405
9238,70.05556,145.7431,20.87652019
9239,71.51172,128.1476,17.61616439
9240,69.63168,160.4111,23.25819433
9241,67.31178,106.3544,16.50169806
9242,65.9605,126.6596,20.46565077
9243,68.69762,139.7047,20.8105213
9244,70.5427,147.6912,20.86439461
9245,65.2308,116.3007,19.21463965
9246,65.7164,94.98665,15.46216728
9247,66.6851,123.8638,19.58132659
9248,68.30596,108.0676,16.28297037
9249,70.06674,130.9781,18.75556658
9250,67.06764,131.5991,20.56753264
9251,68.67723,126.1419,18.80135514
9252,66.56482,118.4916,18.79980588
9253,67.928,139.2513,21.2156786
9254,67.81441,123.6647,18.90414753
9255,68.05175,133.8927,20.32514388
9256,65.16729,121.1432,20.0537245
9257,68.4387,128.4782,19.2832959
9258,69.90595,133.594,19.2182569
9259,67.5131,131.9657,20.35355574
9260,70.55747,143.9102,20.32174054
9261,67.50352,125.0155,19.28707403
9262,70.8343,144.4515,20.23905208
9263,67.17439,129.7009,20.20648868
9264,68.23162,132.8397,20.05911858
9265,68.84891,141.2839,20.95336902
9266,66.06507,118.4233,19.07430334
9267,67.96066,124.5333,18.95508105
9268,64.42169,119.2322,20.1968972
9269,68.9783,145.197,21.45299812
9270,68.86452,133.6579,19.81339551
9271,67.51935,123.6148,19.0620362
9272,70.8742,127.9931,17.91288523
9273,65.63908,125.7235,20.51383307
9274,72.06149,147.5819,19.97937723
9275,70.74003,147.7738,20.75975802
9276,69.53497,141.9338,20.63643206
9277,66.04415,121.9856,19.6605282
9278,67.75988,140.1278,21.45528917
9279,67.28678,131.5009,20.41853406
9280,66.58203,122.171,19.3735581
9281,67.00829,127.8757,20.02102365
9282,67.14315,114.6482,17.87800858
9283,69.52981,128.8579,18.7380455
9284,69.01236,146.6218,21.64213559
9285,67.53657,100.154,15.43638578
9286,68.06545,141.5315,21.47607907
9287,69.27853,143.8148,21.06500559
9288,68.96647,136.0886,20.11412183
9289,68.75452,129.4726,19.25443084
9290,67.32854,107.9528,16.74136412
9291,69.0599,131.2881,19.35213112
9292,69.76801,132.0979,19.07825139
9293,72.03679,138.0884,18.70698587
9294,64.54425,115.9595,19.5680046
9295,63.63284,107.2702,18.62395021
9296,70.94818,149.7548,20.9147924
9297,62.91288,109.2128,19.39767745
9298,69.4062,124.5456,18.17553401
9299,65.4398,136.8947,22.47284377
9300,67.05728,122.9843,19.22707107
9301,66.18541,121.9805,19.57587608
9302,66.90237,139.8915,21.97169928
9303,66.41367,109.0311,17.37763851
9304,67.67042,123.1408,18.90425434
9305,67.70967,131.7281,20.19911578
9306,66.69404,126.8929,20.05481206
9307,69.5217,126.8198,18.44597528
9308,68.20773,119.5053,18.05823495
9309,67.99821,127.458,19.37882602
9310,68.00746,119.2101,18.11987794
9311,68.09824,143.5727,21.76483691
9312,68.93312,143.0937,21.16995657
9313,69.78307,139.0177,20.0689791
9314,65.81071,114.1338,18.52577775
9315,69.96713,125.4353,18.01303854
9316,67.5085,127.8424,19.72029119
9317,69.09305,140.226,20.64976636
9318,72.36277,135.6763,18.21499056
9319,67.6456,123.0015,18.89672863
9320,69.46842,119.0737,17.34587974
9321,66.77116,129.5425,20.42630238
9322,70.23323,135.7363,19.34488035
9323,69.55395,139.2316,20.23249964
9324,69.35355,128.9771,18.85083275
9325,67.2451,130.0655,20.22069843
9326,64.77727,143.251,23.99980458
9327,66.30059,112.3781,17.97224059
9328,66.75624,125.1407,19.74104644
9329,65.73325,134.9375,21.95420798
9330,68.08852,111.6419,16.9291345
9331,71.55699,141.6861,19.45263524
9332,67.38427,122.8404,19.01864146
9333,64.15481,101.7546,17.38004635
9334,68.50089,121.5853,18.21562041
9335,69.27158,135.7448,19.88695725
9336,68.52587,131.2739,19.65280734
9337,66.81053,127.0045,20.00251479
9338,70.0217,132.9266,19.05907946
9339,70.44212,135.0743,19.13653107
9340,70.35346,118.347,16.80899145
9341,65.94226,136.2054,22.02023737
9342,67.49783,121.6583,18.77229831
9343,68.00099,127.1241,19.32647927
9344,65.48962,99.76843,16.35322914
9345,66.86327,124.5651,19.58738598
9346,69.4656,131.2397,19.1196955
9347,67.40982,113.6502,17.58244204
9348,65.75113,117.6909,19.13778922
9349,69.07002,130.5795,19.2420422
9350,69.3032,128.7739,18.84849148
9351,67.27013,136.5165,21.20781549
9352,68.29642,132.8802,20.02717624
9353,65.5358,108.0334,17.68300863
9354,67.22288,138.325,21.51898458
9355,69.02293,143.8474,21.22611728
9356,66.69251,130.6489,20.64937719
9357,66.50669,131.5283,20.90469639
9358,67.98874,146.0239,22.20778698
9359,66.65476,125.3253,19.83041212
9360,69.12208,129.0318,18.98534459
9361,71.02363,144.1068,20.08325345
9362,66.46702,119.3847,18.9972869
9363,69.03081,134.2694,19.80826486
9364,65.9942,128.0366,20.66702291
9365,66.54171,133.9323,21.26438063
9366,65.91998,135.6308,21.94216692
9367,70.59103,134.1319,18.92292918
9368,65.78822,134.2213,21.80120475
9369,69.91804,119.5102,17.18627701
9370,64.2992,126.3063,21.47678152
9371,66.42226,113.4779,18.08170247
9372,68.74988,136.8669,20.35681673
9373,67.99798,118.1315,17.96093829
9374,64.60634,122.632,20.65422287
9375,67.88746,119.0272,18.156094
9376,66.81948,125.9408,19.82967469
9377,69.06944,159.9584,23.57167838
9378,65.65385,129.1825,21.06874238
9379,66.2017,114.629,18.38702832
9380,68.94276,135.2118,19.99827739
9381,68.3649,119.517,17.97705895
9382,67.18992,127.9725,19.92800076
9383,66.68348,119.6796,18.92077589
9384,67.43443,120.3906,18.6116348
9385,67.21497,119.7199,18.6290047
9386,68.45993,121.1754,18.17594022
9387,63.64325,117.4774,20.3894238
9388,67.53521,146.869,22.63731706
9389,69.70037,128.112,18.53851613
9390,68.29865,122.6236,18.48013537
9391,67.97567,130.0032,19.77891089
9392,69.57423,130.6273,18.97109759
9393,66.70797,142.0475,22.44054862
9394,67.9214,110.3853,16.82105804
9395,67.40188,124.1551,19.21214557
9396,69.39159,121.5433,17.74486383
9397,68.59889,127.6063,19.06308852
9398,68.3755,126.0555,18.95466416
9399,68.28427,127.0948,19.16204101
9400,68.50766,152.6424,22.86400169
9401,65.09736,111.7652,18.54108616
9402,65.83359,119.9561,19.45730048
9403,69.25932,134.0319,19.64296544
9404,68.73092,132.3239,19.69197624
9405,66.77164,120.5926,19.01480593
9406,66.38506,142.6708,22.75881876
9407,67.46704,132.4481,20.45586008
9408,68.17097,123.7398,18.71827345
9409,65.70973,125.7159,20.46850713
9410,67.07386,121.8819,19.04530538
9411,71.9948,147.5977,20.01855178
9412,63.22211,107.5164,18.91002344
9413,69.03411,118.9953,17.55325544
9414,68.64248,120.9374,18.04388377
9415,65.9252,118.0381,19.09301982
9416,72.10915,143.0039,19.33403294
9417,66.35575,107.5936,17.17847628
9418,68.96323,128.6853,19.02168897
9419,65.42432,116.2966,19.10046359
9420,65.22177,112.5281,18.59649723
9421,72.70766,151.2249,20.11028825
9422,67.3917,106.0426,16.41431897
9423,66.68077,127.0893,20.09384742
9424,68.72378,129.9631,19.34466927
9425,63.70105,109.8656,19.03372871
9426,73.02554,153.6723,20.25822368
9427,68.16631,126.7726,19.17967094
9428,64.82933,95.71141,16.0094338
9429,65.8334,119.1656,19.32919017
9430,67.8251,129.8443,19.84254295
9431,69.45504,143.627,20.93070625
9432,63.03704,117.6276,20.81004106
9433,67.58447,125.4967,19.31495969
9434,66.92223,122.307,19.19843512
9435,69.33008,135.0667,19.7542348
9436,71.71882,146.1847,19.97979256
9437,68.66466,137.1764,20.45352558
9438,70.46171,120.4257,17.05171821
9439,64.20227,124.2804,21.19616053
9440,68.54482,122.1992,18.28413449
9441,65.42611,118.5156,19.46384536
9442,69.20541,135.4161,19.87675731
9443,63.51326,105.9244,18.45961029
9444,67.2175,111.7119,17.38161202
9445,69.69215,143.5628,20.77923333
9446,68.78018,132.1932,19.6443573
9447,69.40612,120.9522,17.65117268
9448,67.40414,121.3496,18.77675459
9449,67.40661,109.3581,16.92003701
9450,66.49497,124.8437,19.84926215
9451,67.2151,120.043,18.67920839
9452,69.36059,124.4044,18.17881243
9453,69.68186,147.5598,21.36406613
9454,67.6277,160.2278,24.62884014
9455,67.89343,154.2345,23.52238506
9456,70.64483,129.7265,18.27356395
9457,70.8271,131.8696,18.47996285
9458,66.95277,150.2868,23.5688864
9459,66.46976,123.0618,19.58079708
9460,66.54555,124.8628,19.82213168
9461,68.16788,146.6505,22.18601475
9462,66.2086,115.1943,18.47385394
9463,68.33636,135.8657,20.45320973
9464,64.5222,96.68665,16.3268914
9465,65.57641,117.1727,19.15519104
9466,69.2064,124.3249,18.24823758
9467,69.07345,156.9797,23.13004744
9468,68.94109,130.1473,19.25015349
9469,68.07446,143.6574,21.79289453
9470,72.00843,133.2257,18.06244974
9471,67.20444,139.7736,21.75627516
9472,68.43894,124.1119,18.62782719
9473,68.23881,111.9836,16.90623341
9474,70.52936,122.4652,17.30725272
9475,67.32161,124.3376,19.28629556
9476,69.95585,147.535,21.19348176
9477,67.88682,135.3697,20.64932502
9478,68.15578,106.8394,16.16893372
9479,70.56446,124.0626,17.51556531
9480,68.13215,104.8113,15.87300836
9481,70.25892,129.4346,18.43328643
9482,71.06535,140.4796,19.55477343
9483,66.36966,116.5041,18.59333733
9484,67.17026,135.8317,21.16422658
9485,68.87325,146.9941,21.78482495
9486,70.81794,131.5906,18.4456351
9487,66.72765,121.3333,19.15683127
9488,67.48404,137.405,21.21073476
9489,66.53552,138.7161,22.02800084
9490,68.04662,127.0141,19.28386775
9491,67.85401,129.9666,19.84431197
9492,68.00799,119.6399,18.18492389
9493,74.05895,133.8172,17.15189711
9494,68.49073,130.7902,19.60049046
9495,64.60903,96.02104,16.17094086
9496,67.56038,127.1691,19.58631593
9497,68.62368,123.8232,18.48456952
9498,67.25436,142.156,22.09426869
9499,68.17591,127.1837,19.23644846
9500,67.57397,132.4176,20.38647636
9501,66.05092,103.9482,16.74999016
9502,69.27344,127.5728,18.6887349
9503,69.90864,121.1529,17.42719265
9504,69.28147,140.9313,20.64089836
9505,68.75275,132.5807,19.71766505
9506,67.33384,115.6858,17.93777672
9507,65.05656,111.7393,18.56004739
9508,65.67598,111.3916,18.1549327
9509,66.47819,101.3276,16.11850315
9510,70.52868,134.6246,19.02603273
9511,67.33753,109.9394,17.04489473
9512,69.87287,126.1665,18.16695817
9513,68.73321,125.7578,18.71358535
9514,69.1104,140.1776,20.63227567
9515,69.1176,120.5052,17.73306532
9516,66.72791,116.0508,18.32265561
9517,70.37952,130.6461,18.54211088
9518,64.75996,110.5434,18.52998209
9519,67.50912,145.7528,22.48264162
9520,66.26041,125.1086,20.03245849
9521,67.44271,142.4967,22.02369105
9522,68.68327,139.7883,20.83167642
9523,67.58574,125.2951,19.2832071
9524,66.55002,111.2059,17.65170959
9525,66.3369,148.2612,23.68495101
9526,67.59753,132.7081,20.41696113
9527,66.16875,138.9486,22.31020904
9528,68.38972,118.5898,17.82464998
9529,69.32992,133.9886,19.5966473
9530,66.91635,120.1121,18.85721693
9531,67.20178,121.5752,18.92512535
9532,68.88096,143.4448,21.25405263
9533,68.83944,136.7053,20.27990984
9534,70.43032,121.1569,17.17054794
9535,69.6312,138.6313,20.1005926
9536,66.23915,130.0533,20.83757615
9537,69.57833,140.2363,20.36421945
9538,70.32551,142.6363,20.27494146
9539,65.17576,100.3741,16.61134435
9540,70.81253,118.5751,16.62373481
9541,69.5776,127.2639,18.4808382
9542,64.67472,104.1077,17.49722041
9543,68.0986,114.887,17.41605738
9544,69.48224,135.7121,19.76178972
9545,69.19418,122.8981,18.04518587
9546,68.58131,135.3452,20.22956901
9547,68.46986,143.989,21.59164648
9548,66.52275,116.8098,18.55642099
9549,67.29478,100.4477,15.59310368
9550,68.02127,133.231,20.24282591
9551,69.55433,120.3508,17.488637
9552,70.55274,144.0613,20.34580534
9553,69.43571,107.0716,15.61219102
9554,67.22028,119.5298,18.59648583
9555,64.65699,111.5398,18.75660449
9556,69.51829,138.9221,20.20824055
9557,65.09086,115.2015,19.11496203
9558,66.86091,124.2395,19.53756579
9559,68.59768,107.0438,15.99182347
9560,71.01173,146.3277,20.39960157
9561,71.34761,129.5618,17.8925994
9562,67.74021,121.2672,18.57828401
9563,71.61413,145.0715,19.88565892
9564,68.84447,120.2177,17.83140722
9565,66.83785,128.0275,20.14715128
9566,66.13335,119.3266,19.18012999
9567,65.79023,123.2118,20.01173844
9568,68.73614,140.187,20.85896653
9569,67.57879,131.6685,20.26825642
9570,70.7638,145.0962,20.36990816
9571,67.67495,127.9568,19.6409644
9572,64.5197,128.6015,21.71784256
9573,68.70418,146.899,21.87801135
9574,68.20196,113.2495,17.11582774
9575,68.50077,117.3796,17.58559405
9576,68.18475,131.2772,19.85043943
9577,67.31928,128.0177,19.85849905
9578,69.94028,148.8857,21.3970341
9579,67.49093,141.5919,21.85258959
9580,66.51022,109.6487,17.4253714
9581,70.54908,132.7834,18.75497115
9582,68.31443,134.8167,20.30832568
9583,69.56373,134.7459,19.5751529
9584,69.69727,125.7112,18.19272531
9585,67.72532,132.9298,20.37396449
9586,66.87841,138.0319,21.69516274
9587,68.40503,151.6563,22.78451066
9588,68.11084,120.446,18.25220063
9589,66.86782,109.5053,17.2169467
9590,68.96376,130.3361,19.26540677
9591,70.51308,137.2445,19.40487745
9592,65.1844,126.7683,20.97387361
9593,70.21546,113.0231,16.11599223
9594,69.03164,133.84,19.74444228
9595,66.14828,93.75301,15.06272103
9596,70.63243,136.9783,19.30184401
9597,63.92425,119.5108,20.56038279
9598,67.93981,126.2074,19.22168646
9599,68.94411,120.0772,17.75912393
9600,66.17288,112.4068,18.04628602
9601,68.1199,143.5778,21.75177068
9602,68.01974,136.8445,20.79278855
9603,64.16711,112.8528,19.26826917
9604,69.01036,140.9219,20.80200656
9605,68.91364,129.5028,19.17008788
9606,66.44713,136.0997,21.67005621
9607,65.61804,129.5947,21.15904479
9608,69.11903,122.9885,18.09774899
9609,70.28184,140.9463,20.05962264
9610,66.73051,114.8715,18.13504882
9611,66.72657,135.0653,21.32561235
9612,68.80212,124.2972,18.45920657
9613,69.02745,121.9743,17.99616636
9614,66.62724,133.8779,21.2012062
9615,67.97623,134.8979,20.52326083
9616,65.11298,124.4876,20.64173866
9617,67.89264,129.4893,19.74894113
9618,68.64717,124.6416,18.59401018
9619,65.14223,130.2813,21.58301762
9620,68.65645,124.6263,18.58670213
9621,67.83641,135.3784,20.68135499
9622,67.51286,133.072,20.52433038
9623,66.63689,128.8981,20.40668219
9624,68.34852,134.0701,20.17571937
9625,65.8678,127.5491,20.66742676
9626,67.36679,145.0907,22.47518076
9627,68.35562,128.6526,19.35643792
9628,65.76876,126.7595,20.60139053
9629,67.90471,104.8685,15.98823722
9630,65.54889,122.4253,20.03068579
9631,69.03026,134.7709,19.88256612
9632,66.27542,119.7849,19.17133793
9633,67.88791,126.7626,19.3357751
9634,65.72184,107.6977,17.52840205
9635,68.66079,130.6653,19.484892
9636,68.28397,107.6837,16.23557853
9637,69.17713,128.8322,18.92581836
9638,69.2558,138.4302,20.28961801
9639,69.54643,144.0828,20.94198199
9640,68.97883,141.869,20.96096077
9641,69.23439,151.4362,22.20962819
9642,66.67303,129.5801,20.49242013
9643,66.16115,133.9835,21.51793309
9644,67.43035,131.9753,20.40502612
9645,65.90419,123.7444,20.02879521
9646,67.25626,114.1209,17.73597575
9647,67.83686,132.5467,20.24849597
9648,70.19109,133.1316,18.99645238
9649,66.31564,126.0798,20.15435508
9650,67.66646,117.2472,18.00159105
9651,67.7519,131.9273,20.20445042
9652,68.3228,113.167,17.04291255
9653,72.0803,130.742,17.69038474
9654,68.78572,128.277,19.05932627
9655,68.57754,118.4883,17.71197495
9656,68.37308,124.2885,18.69028758
9657,68.74512,130.1937,19.36696402
9658,69.39088,130.6716,19.07795164
9659,68.61933,134.812,20.12755074
9660,67.23029,121.3587,18.87540468
9661,68.49582,138.0952,20.69215724
9662,69.30757,145.4359,21.28460541
9663,65.61597,118.6455,19.37258117
9664,68.09188,129.8851,19.6935499
9665,67.7166,122.6816,18.80808018
9666,67.4508,115.9856,17.92194699
9667,67.13754,119.8772,18.69653243
9668,64.14983,106.4504,18.18492872
9669,67.65922,135.9871,20.88329694
9670,68.28587,137.0307,20.65910521
9671,65.54248,122.9935,20.1275885
9672,68.82518,154.7341,22.96395285
9673,72.12412,146.2978,19.77115613
9674,67.61816,122.4365,18.82519718
9675,68.49971,137.8023,20.64592406
9676,71.21183,131.1726,18.18419831
9677,71.15269,133.2166,18.49826612
9678,70.31235,132.5313,18.84562549
9679,70.26465,113.4165,16.14945205
9680,65.49772,130.9129,21.45287014
9681,68.06388,117.0789,17.76644572
9682,68.71857,132.3502,19.70297018
9683,69.47394,159.8926,23.28840961
9684,68.27314,125.3854,18.91047946
9685,67.57915,113.2566,17.43385361
9686,68.60227,130.4389,19.48433015
9687,67.10387,144.1473,22.50436185
9688,67.37805,125.1132,19.37410198
9689,70.82184,159.3021,22.32761908
9690,69.13393,125.6548,18.48212559
9691,68.31448,129.3196,19.48023285
9692,64.06191,109.7758,18.80451643
9693,68.21309,121.3595,18.33553798
9694,66.36575,130.7716,20.87280179
9695,70.73365,119.0237,16.72386424
9696,69.35175,129.1685,18.87978709
9697,66.25415,125.563,20.10901672
9698,68.60712,105.1285,15.70136521
9699,70.27709,127.2297,18.10990983
9700,68.2473,124.244,18.75252707
9701,66.9098,129.5755,20.34692363
9702,66.56227,117.7942,18.69058881
9703,68.91759,128.5454,19.02618437
9704,68.80671,141.7393,21.04670063
9705,70.88619,127.9719,17.90386004
9706,73.51383,138.9321,18.07256627
9707,68.56821,131.7526,19.70012106
9708,66.88985,129.5218,20.35062503
9709,69.76635,146.4205,21.14780055
9710,67.44905,131.1587,20.26752672
9711,69.3961,112.2049,16.37936345
9712,69.11016,120.8271,17.78426332
9713,67.00457,139.3125,21.81406294
9714,66.53958,132.7218,21.07353911
9715,70.31894,147.0394,20.90472294
9716,69.95672,119.7538,17.20226963
9717,67.17704,127.8719,19.91997164
9718,73.18256,132.9995,17.4578251
9719,68.17989,116.2537,17.58124057
9720,70.85706,123.5573,17.30045309
9721,68.61586,117.3901,17.52821839
9722,69.99675,131.242,18.83095794
9723,66.89348,156.4495,24.5788707
9724,68.944,129.6552,19.17574788
9725,67.5559,115.2974,17.76021711
9726,68.51482,124.1914,18.59849515
9727,71.15411,151.4754,21.0328174
9728,68.88473,126.2634,18.70625644
9729,70.48065,145.9294,20.6518195
9730,67.04825,124.6696,19.49579713
9731,63.92053,98.7457,16.9899767
9732,65.42959,120.5649,19.7982962
9733,67.06764,152.4888,23.83236946
9734,69.86922,136.3855,19.64046362
9735,66.15786,134.1293,21.5434913
9736,63.92128,113.4515,19.51976754
9737,68.65125,146.1165,21.79504085
9738,69.85696,138.1103,19.89582852
9739,68.94991,126.8747,18.76130078
9740,66.61559,128.5193,20.35972553
9741,68.9697,110.5576,16.339067
9742,64.96032,128.2809,21.37081142
9743,68.71059,110.049,16.38679686
9744,67.44021,129.2538,19.9784052
9745,69.29564,125.0373,18.30556306
9746,68.3902,116.4848,17.50801201
9747,65.57747,117.9638,19.28389528
9748,68.16834,129.595,19.60550955
9749,64.13237,124.2891,21.24387754
9750,69.05347,140.6226,20.73191569
9751,68.4964,133.8031,20.0486903
9752,66.60332,125.173,19.83691945
9753,66.78141,115.7559,18.24682439
9754,68.68124,112.327,16.74029975
9755,69.25972,125.5782,18.40382588
9756,64.27481,107.569,18.30462572
9757,70.17795,132.6043,18.92829853
9758,69.75895,139.3178,20.12621291
9759,67.61169,140.8895,21.66658025
9760,71.41635,146.9978,20.26146575
9761,68.70158,120.3307,17.92248881
9762,65.38354,123.2058,20.26047472
9763,71.82386,136.6557,18.62282632
9764,65.44204,128.948,21.16685222
9765,68.73343,145.1099,21.59316651
9766,68.17608,119.5684,18.0845493
9767,72.05521,136.6193,18.49850385
9768,67.37648,110.3445,17.087927
9769,66.63165,130.7607,20.70481842
9770,66.57454,117.2413,18.59600275
9771,70.2814,148.7963,21.17710788
9772,67.95765,125.4817,19.10112796
9773,68.03122,124.7968,18.95580603
9774,66.2195,106.072,17.00529962
9775,70.60482,134.8661,19.01907643
9776,67.43065,130.2342,20.1356512
9777,65.90857,122.1085,19.76138791
9778,72.47921,138.4836,18.53219101
9779,66.5789,116.9757,18.55144515
9780,67.04159,128.5194,20.10182107
9781,65.89776,139.6527,22.60806312
9782,66.02355,104.0173,16.77502428
9783,70.6596,131.0931,18.45834714
9784,69.32015,133.3684,19.51143801
9785,68.46611,118.6156,17.78876623
9786,68.1011,118.9991,18.03809825
9787,69.10355,131.272,19.32532071
9788,68.98767,124.1313,18.3355387
9789,66.98612,98.47799,15.42854084
9790,68.07886,138.9164,21.07095869
9791,67.14062,131.6581,20.53204529
9792,65.50185,128.1924,21.00440923
9793,68.42655,146.6355,22.01634194
9794,67.80423,110.0665,16.83049561
9795,67.00515,115.8675,18.14264464
9796,70.12939,127.1045,18.16837683
9797,71.59767,131.6252,18.05080566
9798,67.47799,111.0157,17.14018289
9799,69.75215,151.263,21.85610847
9800,70.2609,124.2768,17.6977465
9801,68.46374,128.6835,19.29998404
9802,66.49929,113.3252,18.01556149
9803,68.77449,147.9795,21.99389379
9804,67.53213,132.3461,20.40072386
9805,71.32762,132.2853,18.27895844
9806,69.54265,132.2717,19.22736578
9807,68.84469,137.642,20.41575297
9808,68.45131,117.7085,17.66036286
9809,67.58396,128.4773,19.77399663
9810,68.84619,119.7516,17.76138497
9811,69.41444,118.391,17.27326219
9812,69.85771,120.8858,17.41413569
9813,66.09467,115.8339,18.64052444
9814,68.69118,118.5151,17.65741233
9815,66.91649,120.891,18.97942233
9816,68.61516,135.9551,20.30068385
9817,71.12975,134.8375,18.73542081
9818,68.85924,115.4611,17.11853384
9819,70.58611,136.1071,19.20426139
9820,70.45602,137.7117,19.50248494
9821,65.82729,109.0839,17.69717841
9822,65.53454,106.9057,17.4990985
9823,66.18249,131.9705,21.18097666
9824,71.61882,165.8716,22.73385242
9825,66.95769,128.7377,20.1864591
9826,69.17434,117.2939,17.23219908
9827,70.74903,138.9422,19.51409956
9828,67.5619,126.5968,19.49729417
9829,67.98909,107.9762,16.42120064
9830,66.51309,108.3641,17.21973663
9831,68.42597,147.0716,22.08219379
9832,69.43903,145.7242,21.2461241
9833,68.77366,140.1915,20.83688204
9834,67.44207,131.3793,20.30581781
9835,71.55011,141.6604,19.45284728
9836,70.1884,123.7339,17.65685465
9837,65.2831,100.0283,16.49972383
9838,70.74713,146.572,20.58679244
9839,69.73095,145.2295,20.99708485
9840,68.86778,126.558,18.75913294
9841,68.39148,151.9512,22.83786257
9842,67.41403,128.8079,19.92495021
9843,65.04265,126.6868,21.05184855
9844,68.77248,136.0577,20.22316283
9845,69.84344,122.7778,17.69391469
9846,63.93049,108.3559,18.63767878
9847,70.31106,147.7541,21.01104124
9848,67.98819,123.2582,18.74580899
9849,70.81754,130.6455,18.31336314
9850,68.38637,124.6679,18.74005519
9851,68.22631,125.5255,18.95760711
9852,65.89874,114.3292,18.50794788
9853,69.73748,145.8184,21.07827925
9854,68.42911,132.0335,19.82246583
9855,67.15172,141.4995,22.05951441
9856,67.18709,125.5079,19.54585737
9857,70.49324,121.4159,17.17655026
9858,69.89967,126.9552,18.26650955
9859,68.57785,120.5832,18.02496372
9860,67.44754,132.5691,20.48638849
9861,68.27063,119.3592,18.00293872
9862,68.02518,116.9769,17.7711705
9863,64.47165,110.3828,18.66891856
9864,70.43528,124.8658,17.69368691
9865,70.38848,135.0006,19.15525112
9866,68.9876,157.8304,23.31330841
9867,70.53,145.5456,20.56869025
9868,70.77882,123.2178,17.29108077
9869,68.03476,131.787,20.01548798
9870,66.03888,127.3603,20.53004967
9871,67.24661,128.9941,20.05323209
9872,66.34444,121.7823,19.45048485
9873,68.00358,126.2625,19.19402943
9874,67.5354,131.3948,20.25212272
9875,66.26621,108.9546,17.44281725
9876,69.34812,136.3244,19.92780826
9877,61.30021,120.8819,22.61479618
9878,63.85336,116.1584,20.02803936
9879,67.79112,122.7668,18.77978615
9880,68.84082,117.168,17.38090045
9881,67.23541,128.9174,20.04798589
9882,72.0041,138.0863,18.723691
9883,69.37103,127.227,18.58567447
9884,66.95564,137.1765,21.51100551
9885,66.45619,109.9414,17.50030871
9886,68.13655,134.1517,20.3138025
9887,66.67832,113.69,17.97663057
9888,69.28115,141.7671,20.76350203
9889,70.62015,140.458,19.79905827
9890,67.99465,119.7749,18.21258773
9891,68.48033,130.2865,19.53093584
9892,69.06455,141.4252,20.84355313
9893,71.75345,125.4749,17.13273149
9894,68.12333,142.4333,21.57620817
9895,69.27301,139.802,20.48050175
9896,70.6871,132.7199,18.67286861
9897,71.59803,118.0366,16.18713059
9898,69.19962,132.039,19.38430044
9899,68.50734,138.7054,20.77660026
9900,67.31358,118.7559,18.42490015
9901,69.35559,132.2083,19.32195671
9902,68.04018,123.4858,18.75173414
9903,69.43599,127.4407,18.58207503
9904,68.11666,122.9518,18.62874194
9905,70.38735,115.9033,16.446061
9906,67.68927,117.8434,18.08093681
9907,70.10753,106.1532,15.18305211
9908,65.63803,138.7008,22.63201462
9909,66.1331,131.333,21.1101553
9910,67.98396,139.0779,21.15439128
9911,70.00086,145.8357,20.92244449
9912,68.77748,138.6318,20.60277258
9913,69.55778,136.8985,19.89127352
9914,69.64354,141.6881,20.53652816
9915,67.51477,122.6746,18.91961918
9916,66.32547,109.4408,17.48935977
9917,68.11857,123.5801,18.72288728
9918,68.95567,139.0009,20.55100061
9919,69.47262,159.961,23.29925745
9920,67.36852,133.0522,20.6093062
9921,69.49484,129.154,18.80000944
9922,65.21743,130.2571,21.52927318
9923,66.44053,126.5657,20.15603826
9924,67.4008,111.4315,17.24380881
9925,70.05188,136.1694,19.50721447
9926,70.47453,165.815,23.47009048
9927,67.62136,144.3461,22.19180243
9928,71.26378,147.7777,20.45627336
9929,69.11384,134.8827,19.85096069
9930,69.13058,144.5313,21.26066443
9931,71.76731,145.2951,19.83138093
9932,71.90517,131.6109,17.89480413
9933,68.61716,129.5184,19.33843467
9934,66.30375,120.6304,19.29016352
9935,69.47578,133.7738,19.4831658
9936,67.82661,121.302,18.5363006
9937,66.40842,127.5827,20.33765232
9938,69.29497,140.665,20.59386936
9939,67.41872,113.2182,17.51098457
9940,68.30044,125.6614,18.936958
9941,69.69323,139.8444,20.24040599
9942,66.87896,119.345,18.75774086
9943,67.917,123.5503,18.82964538
9944,68.80858,122.5048,18.18960381
9945,71.0785,148.6654,20.68658112
9946,68.50032,126.3782,18.93399638
9947,68.32165,134.6888,20.28477133
9948,67.44148,118.7423,18.35298025
9949,67.4694,119.622,18.47364902
9950,68.57565,144.6492,21.62377409
9951,69.90495,131.2178,18.87696707
9952,69.06563,133.1598,19.62476676
9953,66.36602,101.9583,16.27370217
9954,68.08525,137.6375,20.87305549
9955,69.76408,132.5028,19.13888522
9956,68.09437,122.4897,18.57087999
9957,67.77372,120.8679,18.49880411
9958,73.1771,162.3663,21.31576042
9959,70.8932,137.9685,19.29861346
9960,66.59118,133.313,21.13461813
9961,68.84406,121.8554,18.07453594
9962,67.82525,120.6637,18.43950069
9963,67.4964,144.1456,22.24310928
9964,66.9367,110.3082,17.30750746
9965,68.73832,136.5058,20.30993822
9966,67.82175,133.7939,20.44813271
9967,67.40266,125.4416,19.41077331
9968,71.91481,151.3634,20.57498488
9969,66.00315,115.9391,18.70923044
9970,66.23591,122.6684,19.65626556
9971,66.05033,129.398,20.85128889
9972,68.59833,131.3191,19.61806352
9973,66.73802,146.5547,23.13174736
9974,68.95236,130.8332,19.34527993
9975,66.8636,134.6229,21.16872764
9976,63.54215,106.5463,18.55110941
9977,68.29415,126.4078,19.05294833
9978,67.18456,155.58,24.23093305
9979,66.93941,128.5959,20.17523894
9980,67.39381,129.645,20.06647455
9981,70.10564,137.8281,19.71456404
9982,67.00791,114.4926,17.92588468
9983,68.00661,112.832,17.15083852
9984,64.75128,96.50653,16.18137078
9985,64.75712,117.9964,19.78103589
9986,65.55869,104.1268,17.03167312
9987,67.94061,101.9043,15.51990117
9988,66.32718,112.5542,17.98597413
9989,67.76335,130.3666,19.9586852
9990,68.84705,143.2721,21.2493808
9991,66.22794,114.482,18.34890025
9992,67.33307,131.244,20.35063433
9993,68.16808,129.6398,19.61243663
9994,66.9724,123.0562,19.28710745
9995,69.16053,127.6593,18.76251957
9996,67.96769,124.3206,18.91879201
9997,71.39143,128.9603,17.78767548
9998,69.17936,142.5122,20.93409977
9999,67.63262,108.6316,16.69548646
10000,68.13844,133.3492,20.19116449
10001,68.57515,132.9664,19.87758884
10002,69.27082,123.9376,18.15757094
10003,68.03694,129.7161,19.69970226
10004,66.78394,128.5766,20.26624031
10005,68.37086,121.5928,18.28610036
10006,69.06702,125.2812,18.46289473
10007,68.68835,120.2494,17.91727977
10008,67.94587,127.063,19.34854457
10009,69.97069,130.5886,18.75116596
10010,67.83678,130.1037,19.87533797
10011,66.57079,122.6824,19.46122469
10012,69.93637,136.028,19.55138214
10013,65.68971,116.112,18.91636745
10014,68.09276,136.1992,20.65037802
10015,68.51531,149.8957,22.4475654
10016,68.66816,129.1077,19.24848924
10017,70.74635,128.3355,18.02577955
10018,68.93456,134.2009,19.85348434
10019,64.55693,115.8225,19.53720894
10020,66.63381,110.4108,17.48145551
10021,66.02983,125.4093,20.22109691
10022,71.83894,128.1898,17.46179815
10023,69.11329,132.1717,19.45228691
10024,68.72609,126.9163,18.88989112
10025,67.67278,140.825,21.61757874
10026,67.97403,115.5281,17.57749237
10027,66.28867,96.43706,15.4283924
10028,66.78936,126.941,20.00518981
10029,70.42997,130.1329,18.44282419
10030,67.34451,128.3837,19.90035474
10031,66.55225,115.0221,18.25623141
10032,67.54453,116.9754,18.02476021
10033,67.11135,121.9965,19.04192043
10034,66.39139,120.8401,19.27271407
10035,70.1004,143.8223,20.57503405
10036,66.29079,129.0103,20.63827148
10037,66.82271,122.2173,19.24154059
10038,68.81388,141.3748,20.98820208
10039,70.7395,118.7482,16.68239456
10040,68.56268,110.8342,16.57500033
10041,66.80278,110.5325,17.4123042
10042,64.49508,109.748,18.54807178
10043,68.00244,139.8746,21.26401112
10044,68.14281,144.8232,21.92569595
10045,66.9929,112.8264,17.67292767
10046,65.95458,117.0548,18.91710324
10047,71.14826,117.7951,16.35889569
10048,69.26366,143.5924,21.04146171
10049,65.33361,113.766,18.73676035
10050,68.07198,139.8559,21.21775114
10051,68.75607,127.0394,18.89172734
10052,68.25481,122.3093,18.45645472
10053,67.6301,126.2598,19.40619374
10054,66.76358,116.2435,18.33347413
10055,68.44489,122.5856,18.39554768
10056,68.6443,137.6504,20.53637762
10057,69.7314,144.728,20.92430859
10058,68.04736,126.1972,19.1594255
10059,66.8011,114.0278,17.96382611
10060,67.31382,114.2178,17.72069055
10061,65.94149,100.0924,16.18225034
10062,68.04148,113.2556,17.19758668
10063,65.76389,121.5449,19.75682155
10064,69.98217,138.5123,19.88240225
10065,66.53339,124.0166,19.69499348
10066,67.30571,118.2689,18.35363382
10067,71.37779,128.3741,17.71358813
10068,65.41261,106.923,17.56723878
10069,69.9379,127.7381,18.35906678
10070,70.94031,129.7535,18.12542684
10071,66.48588,135.3436,21.52455622
10072,70.59467,122.6572,17.30232824
10073,69.26749,134.6498,19.7288666
10074,68.01553,120.2336,18.27111296
10075,67.48435,133.4493,20.59991777
10076,66.64515,124.0263,19.63052946
10077,66.25306,109.1716,17.48449596
10078,70.78006,119.5972,16.78241608
10079,67.46565,126.6369,19.55915903
10080,67.95071,147.4028,22.44259439
10081,67.32652,116.3942,18.05154301
10082,65.49287,130.1238,21.32671758
10083,67.64989,127.9459,19.6538442
10084,66.4175,137.3847,21.89417807
10085,68.52361,118.6287,17.76088601
10086,70.9931,139.3241,19.43342238
10087,68.27507,121.744,18.36024971
10088,68.72072,118.7503,17.67724733
10089,68.14922,122.1772,18.49369598
10090,66.32895,120.6915,19.28527185
10091,67.34775,126.0878,19.54259402
10092,69.17835,124.8283,18.33698723
10093,67.72085,135.3916,20.75402065
10094,67.78477,132.7538,20.31131459
10095,64.52209,128.4876,21.69699999
10096,68.67602,130.5971,19.46608527
10097,65.24442,109.9482,18.15752703
10098,65.99271,124.0657,20.02696455
10099,68.60453,126.4562,18.88816924
10100,64.62503,115.5461,19.44952955
10101,67.63678,130.1742,20.00388709
10102,70.36634,153.457,21.78773598
10103,68.7096,143.9246,21.43164543
10104,66.73859,128.1908,20.23289971
10105,65.80323,121.9802,19.80387801
10106,65.01409,133.769,22.24824863
10107,67.50667,121.3548,18.72056332
10108,67.70298,121.7608,18.67442541
10109,68.18064,133.3395,20.16471091
10110,67.08054,134.2481,20.97347404
10111,66.53602,133.3901,21.18191813
10112,70.85159,155.4236,21.76572248
10113,65.99732,132.6291,21.40629702
10114,69.65644,128.9009,18.67620899
10115,64.36495,113.6952,19.2929475
10116,68.51561,122.5108,18.34639094
10117,67.01001,132.9762,20.81852123
10118,68.65082,122.8115,18.31904809
10119,70.11761,120.1837,17.18488722
10120,67.66432,114.333,17.55526869
10121,67.54436,117.0024,18.0290114
10122,69.24622,135.6679,19.89025199
10123,64.70908,119.9401,20.13674549
10124,67.77202,118.5771,18.14910817
10125,67.88823,138.9753,21.19844349
10126,69.54154,125.8526,18.29485237
10127,69.92873,127.9198,18.39000363
10128,69.47751,135.3065,19.70541086
10129,67.55945,127.4039,19.62301957
10130,67.83063,132.731,20.28037541
10131,71.63342,133.7823,18.32831797
10132,66.93561,126.6451,19.87143659
10133,66.40984,115.8011,18.4587863
10134,67.25458,126.4183,19.64814439
10135,67.42176,119.9688,18.55339835
10136,66.89243,119.7186,18.80888317
10137,64.41136,124.1027,21.02866086
10138,68.08186,119.4421,18.11548355
10139,68.73489,121.9388,18.14440612
10140,66.84196,129.2855,20.34261557
10141,66.38618,124.5214,19.8629597
10142,65.80415,130.1618,21.13159621
10143,65.57517,122.5124,20.02887345
10144,68.65405,140.5776,20.96713665
10145,65.51063,126.527,20.72597567
10146,70.83038,133.8104,18.7502063
10147,65.4054,129.794,21.32960092
10148,71.85374,130.9334,17.82818016
10149,65.69257,124.2145,20.23462292
10150,64.50068,114.1913,19.29566523
10151,67.32663,142.5938,22.11475918
10152,68.82231,137.0983,20.34833616
10153,68.31438,138.8053,20.90918532
10154,68.89476,135.4686,20.06418782
10155,68.45037,122.0752,18.31602255
10156,70.38299,131.0126,18.59229345
10157,66.77655,131.643,20.75415906
10158,70.61416,127.9027,18.03231324
10159,67.99636,150.304,22.8535954
10160,63.91795,126.4849,21.7644818
10161,69.08168,123.5754,18.2037796
10162,67.94687,134.417,20.46777396
10163,66.41264,141.9618,22.62691438
10164,68.4113,114.6332,17.21908439
10165,69.17467,132.8267,19.51400968
10166,68.80945,126.7765,18.823393
10167,67.98949,130.0852,19.78334146
10168,67.47425,120.9892,18.68210455
10169,69.37637,140.4862,20.51945614
10170,66.7457,119.6273,18.87726366
10171,71.81042,146.3814,19.95566882
10172,68.49779,128.8718,19.30901412
10173,66.22373,124.7247,19.9931174
10174,68.48338,127.7586,19.15027855
10175,67.48748,129.8294,20.03927252
10176,66.80122,124.956,19.68537313
10177,69.36031,117.2519,17.13377908
10178,69.44113,134.5996,19.62300595
10179,68.02891,119.5087,18.15381153
10180,65.4401,105.3289,17.29079513
10181,68.05522,130.0591,19.74118348
10182,65.44861,120.9266,19.84615197
10183,69.01128,130.4463,19.25515083
10184,66.13501,107.8115,17.32836417
10185,65.43462,115.348,18.93870261
10186,67.70555,121.7045,18.66437367
10187,72.00385,126.9701,17.21651914
10188,68.22827,122.7364,18.53531568
10189,67.97769,132.02,20.08455661
10190,69.6181,138.8191,20.13539792
10191,71.23192,131.4701,18.21516112
10192,66.21527,125.8998,20.18664086
10193,69.46816,130.0392,18.94340404
10194,67.16775,118.855,18.52043489
10195,67.92821,140.6105,21.42262752
10196,68.02041,120.0773,18.24474292
10197,63.16568,101.9022,17.95463305
10198,67.43271,113.1315,17.49031549
10199,67.57909,148.2058,22.8137063
10200,69.34236,130.11,19.02255135
10201,69.03935,128.1055,18.89425242
10202,66.5898,126.9651,20.12909563
10203,67.04732,142.3191,22.25643842
10204,70.93771,134.4353,18.78080989
10205,66.26707,100.585,16.10248888
10206,66.61921,121.9217,19.31245025
10207,68.54554,123.1625,18.42788174
10208,71.27733,126.1745,17.45918921
10209,68.28034,122.7293,18.50598612
10210,70.04241,149.3332,21.39880568
10211,68.7644,123.3415,18.33737789
10212,70.09987,135.2847,19.35394858
10213,70.42506,136.6994,19.37614974
10214,66.84364,119.8992,18.86476621
10215,70.89055,138.6481,19.39512379
10216,71.60107,138.3052,18.96508569
10217,65.51369,130.2502,21.33386788
10218,66.99057,106.9839,16.75893454
10219,68.35139,112.8812,16.98565274
10220,67.39169,131.0616,20.28701245
10221,68.985,127.1889,18.78863368
10222,66.60289,136.9817,21.70859559
10223,68.2832,124.3849,18.75405802
10224,65.51929,105.4043,17.26137105
10225,71.86969,142.1276,19.34381831
10226,66.19577,126.6438,20.31789827
10227,66.98863,132.0612,20.68846992
10228,64.22788,120.3019,20.50126394
10229,69.09806,138.3934,20.37694135
10230,68.00458,135.4125,20.58437835
10231,68.277,135.3096,20.40492835
10232,71.698,147.4595,20.16573238
10233,67.06982,104.1591,16.27789572
10234,66.98454,130.183,20.39672506
10235,70.71295,170.924,24.03037022
10236,66.30287,137.6953,22.01961828
10237,68.78265,126.7758,18.83796028
10238,69.2984,121.2638,17.75170546
10239,68.03691,107.9584,16.3954221
10240,67.27286,141.7463,22.01847688
10241,61.93152,85.2904,15.63262816
10242,68.44672,134.0838,20.11992474
10243,65.52171,121.4215,19.88293406
10244,68.73061,123.9749,18.44967392
10245,70.32188,119.7992,17.03053525
10246,70.72616,136.5876,19.19580991
10247,67.23886,142.0396,22.08635673
10248,67.42973,115.9108,17.92158378
10249,66.44447,119.4981,19.02824094
10250,65.92998,112.2153,18.14853243
10251,68.45982,123.3502,18.50221304
10252,69.43594,134.1796,19.56469939
10253,65.32774,121.3348,19.98689981
10254,67.30054,126.6744,19.661067
10255,67.6736,125.3719,19.24495822
10256,67.76707,114.1675,17.47673893
10257,66.39375,121.5455,19.3838398
10258,70.14848,116.3663,16.62440156
10259,67.81882,129.6804,19.82116644
10260,68.92743,129.8436,19.21284599
10261,69.97517,135.5642,19.46311802
10262,65.96101,117.1969,18.93637543
10263,68.8375,128.1107,19.00599235
10264,67.46994,121.8602,18.81900093
10265,65.67254,132.8915,21.66131915
10266,72.42515,129.0739,17.2987591
10267,66.33452,127.956,20.44263142
10268,68.16377,145.4734,22.01059129
10269,68.80719,142.8541,21.21194001
10270,67.89934,117.397,17.90116181
10271,69.75835,122.7009,17.7259971
10272,67.65443,133.8413,20.55668081
10273,66.06129,132.3972,21.32750367
10274,68.07253,134.6856,20.43302688
10275,65.00025,118.8709,19.77884021
10276,67.95845,127.4662,19.40275653
10277,68.88694,122.875,18.20308801
10278,65.41879,120.3438,19.76851432
10279,68.1777,120.0616,18.15828213
10280,70.3772,126.5767,17.96574063
10281,68.11999,116.4353,17.63968561
10282,68.35276,124.8255,18.78220292
10283,69.42068,131.768,19.22151223
10284,67.65704,104.6366,16.06989198
10285,67.9709,133.9997,20.38980678
10286,65.89416,113.7654,18.41923848
10287,67.92834,129.1861,19.68199464
10288,67.67419,133.0796,20.42775682
10289,67.17717,112.4891,17.52356076
10290,70.64743,122.3352,17.23114059
10291,71.01751,130.6425,18.20995721
10292,65.9993,115.9772,18.71756223
10293,66.66578,128.0432,20.25377191
10294,64.56593,102.0383,17.20725987
10295,64.96159,107.4868,17.90594171
10296,68.93317,126.2217,18.67380626
10297,68.6422,138.0343,20.59491262
10298,68.77736,154.8517,23.01337421
10299,66.67804,139.1714,22.00592713
10300,67.99234,133.4281,20.29002821
10301,67.73219,120.8693,18.52171068
10302,68.88114,127.9823,18.96289251
10303,67.81179,142.3762,21.76618448
10304,72.26487,136.5009,18.37538251
10305,70.06893,117.0553,16.76082672
10306,66.14966,131.4211,21.11374102
10307,68.69605,133.577,19.89864383
10308,68.47571,131.9537,19.78353107
10309,68.37802,119.9539,18.0358517
10310,68.87878,119.3971,17.69205216
10311,65.80924,112.8845,18.32381456
10312,69.2799,152.5435,22.34264203
10313,67.01129,127.7649,20.00188507
10314,68.20847,112.9406,17.06588441
10315,68.68965,134.1251,19.98401637
10316,66.05144,119.3036,19.22402371
10317,69.09455,127.3372,18.75093963
10318,68.86576,112.7935,16.71986277
10319,67.87248,127.7199,19.49065609
10320,67.02254,114.1688,17.86738503
10321,64.26864,112.2987,19.1131309
10322,69.22231,127.7632,18.7442872
10323,69.18516,115.089,16.90297862
10324,69.28583,146.5881,21.46669535
10325,67.54616,128.8973,19.86084932
10326,67.27501,155.8189,24.20292846
10327,68.14682,124.0938,18.78513062
10328,68.11154,119.0578,18.04146411
10329,68.00907,145.3193,22.087418
10330,66.10884,127.8689,20.56843178
10331,74.36328,164.6643,20.93330025
10332,69.87349,137.2025,19.75570254
10333,64.30282,118.0081,20.06351885
10334,68.1745,154.0079,23.29455407
10335,68.00916,125.3284,19.04890425
10336,68.13485,119.87,18.15211449
10337,66.8495,110.174,17.33157839
10338,68.04704,131.5455,19.97159931
10339,68.95045,129.1584,19.09869845
10340,67.56709,112.434,17.31340772
10341,66.34841,109.9387,17.55678063
10342,67.87075,135.8476,20.73203811
10343,67.06849,118.8617,18.5763423
10344,67.23477,114.1638,17.75398685
10345,69.6254,131.1821,19.02367849
10346,66.96018,134.7602,21.12923372
10347,68.90732,144.3025,21.3647818
10348,71.60814,144.5143,19.81259501
10349,65.20502,118.2572,19.5533355
10350,67.72312,123.8437,18.9825839
10351,65.36188,117.1863,19.28337721
10352,71.26753,125.0196,17.30413982
10353,65.11686,117.0472,19.40570627
10354,71.23323,145.6988,20.18580274
10355,66.98585,109.8113,17.20426854
10356,68.98353,127.9516,18.90210702
10357,67.07174,126.4042,19.75321011
10358,69.87863,141.4678,20.36686389
10359,66.15177,111.9139,17.97862266
10360,67.17694,120.6343,18.79254933
10361,66.65138,111.267,17.6077317
10362,67.02613,131.52,20.58063811
10363,69.05469,134.6582,19.85188588
10364,70.30558,130.5531,18.56790575
10365,69.15782,137.8314,20.25913519
10366,67.70344,108.9052,16.70253808
10367,68.77537,138.0502,20.51759695
10368,68.18873,127.1719,19.22743187
10369,67.00131,129.8178,20.32932608
10370,72.68545,124.1497,16.51984744
10371,67.1693,126.4281,19.69959472
10372,68.52314,146.2621,21.89841178
10373,65.75194,116.2159,18.89747296
10374,69.40466,127.6167,18.62454077
10375,67.27594,131.5767,20.43688804
10376,66.33031,118.3779,18.91480648
10377,66.81347,121.6926,19.16423288
10378,68.20959,128.8569,19.47027681
10379,66.85651,105.9897,16.66984585
10380,68.28564,123.0402,18.54998596
10381,68.86183,134.6779,19.96615973
10382,70.22727,120.4772,17.17309682
10383,68.51085,125.3584,18.775437
10384,68.12993,108.1225,16.37553579
10385,67.45958,133.6881,20.65193789
10386,67.95057,132.93,20.23914312
10387,70.41003,132.8924,18.84457777
10388,68.82861,132.9931,19.73542286
10389,70.88474,132.2668,18.50549345
10390,70.23488,131.4445,18.73234097
10391,65.12636,122.1146,20.23994393
10392,70.7406,128.0491,17.98847626
10393,68.1794,126.5975,19.14582586
10394,66.28166,132.7775,21.24677697
10395,68.59748,135.9033,20.3034109
10396,66.23597,119.438,19.13859472
10397,67.42763,112.0482,17.32544584
10398,70.93428,134.7475,18.82624523
10399,68.2984,121.2823,18.27812697
10400,66.51911,135.1788,21.47687315
10401,67.50653,126.2248,19.47190521
10402,71.31381,144.7622,20.01074328
10403,67.86603,137.0526,20.9188456
10404,68.4164,127.039,19.07971815
10405,70.70831,132.575,18.64129358
10406,67.2978,98.74301,15.32709864
10407,66.98357,120.0619,18.81152293
10408,65.73548,135.6257,22.06468038
10409,63.46952,109.7989,19.16120805
10410,72.31104,152.7759,20.54002465
10411,66.5271,126.2462,20.05286615
10412,65.98844,129.6398,20.92945668
10413,65.54355,114.8749,18.79838548
10414,69.63987,126.6245,18.35511733
10415,69.35826,133.0021,19.43647233
10416,67.58203,107.7908,16.59107607
10417,70.18844,131.0572,18.70186985
10418,67.913,131.565,20.05348531
10419,65.9935,116.3407,18.77952804
10420,68.45079,127.9629,19.19917067
10421,67.8761,132.2874,20.18552476
10422,68.20301,122.2456,18.47487369
10423,68.02558,121.6909,18.48710558
10424,70.11194,130.6004,18.67737608
10425,69.95523,145.4424,20.89324899
10426,70.2156,147.6645,21.05543419
10427,70.92745,129.8921,18.15136837
10428,64.90177,111.0552,18.53451139
10429,65.83748,120.8376,19.59796678
10430,67.36794,131.8412,20.42207831
10431,65.16759,127.1526,21.04831086
10432,65.57954,121.4738,19.85643189
10433,69.5881,128.133,18.60143126
10434,69.20122,139.1962,20.43408532
10435,68.24975,138.9947,20.97738919
10436,70.38081,133.4191,18.93497824
10437,68.32966,133.8127,20.14810193
10438,64.35599,133.6729,22.68928154
10439,66.98202,120.6984,18.91212619
10440,69.39666,126.7731,18.50569064
10441,66.24724,99.07691,15.87055811
10442,70.81716,137.0278,19.20821454
10443,72.21471,135.0052,18.19929139
10444,69.06657,142.6149,21.01766424
10445,70.86115,130.7419,18.30432527
10446,73.33584,133.4109,17.43869963
10447,69.71521,133.5603,19.31868811
10448,68.7218,134.5512,20.0287501
10449,70.15159,143.2453,20.46259311
10450,71.07028,128.1241,17.83241242
10451,68.77062,145.2039,21.58379099
10452,69.30497,114.185,16.71227685
10453,69.12822,147.1321,21.6447219
10454,68.91395,132.5095,19.6149883
10455,67.71189,129.3881,19.83900049
10456,63.00544,116.1438,20.56815131
10457,68.7807,128.5783,19.106882
10458,63.02884,96.47744,17.07271016
10459,68.89673,136.2149,20.17356823
10460,66.21931,132.252,21.20255855
10461,68.06832,141.576,21.48101998
10462,67.57157,128.3205,19.75710686
10463,66.11571,136.9935,22.03159575
10464,66.22051,106.2064,17.02632703
10465,64.08406,111.7218,19.12463752
10466,66.77064,108.8598,17.16531506
10467,67.33892,133.2337,20.65556696
10468,65.75905,140.6289,22.86224338
10469,69.00995,141.837,20.93733667
10470,69.17655,139.7818,20.53469023
10471,65.96052,102.3802,16.54257671
10472,64.14294,115.0981,19.66644018
10473,67.01845,119.8016,18.75120513
10474,68.14749,128.0245,19.37977293
10475,67.35561,119.2536,18.47903449
10476,66.94659,129.5847,20.32600984
10477,69.23785,124.8157,18.30363702
10478,64.77966,89.64885,15.01836723
10479,69.54866,125.9774,18.30924484
10480,68.95676,124.3441,18.38344132
10481,68.80266,138.0014,20.4940768
10482,69.31999,131.6757,19.26388948
10483,72.35849,139.2038,18.69077998
10484,66.13184,118.5572,19.05732964
10485,67.77688,117.444,17.97310095
10486,68.65699,107.8873,16.0900032
10487,67.91922,131.6555,20.06360423
10488,70.34445,131.6005,18.69619321
10489,71.06425,152.8456,21.27678045
10490,68.3927,123.4257,18.54989372
10491,66.79712,131.5125,20.72081736
10492,64.93783,103.7577,17.29737168
10493,70.14231,117.884,16.84418722
10494,64.00875,104.3435,17.90366871
10495,69.51978,129.9665,18.90470786
10496,66.94273,117.6676,18.4588815
10497,70.87794,149.1428,20.87062447
10498,65.24649,116.9904,19.31929367
10499,69.49131,126.0984,18.35709281
10500,68.08959,128.0709,19.41978191
10501,70.65463,149.4745,21.04947078
10502,64.93386,96.67888,16.11923753
10503,68.70534,124.5106,18.54302845
10504,67.11498,119.0296,18.57681983
10505,70.00068,140.9303,20.21879103
10506,72.37892,156.8464,21.04775031
10507,68.172,115.1333,17.41583122
10508,67.24574,135.0178,20.9902107
10509,66.04961,127.901,20.61051054
10510,64.85955,115.5248,19.30557263
10511,69.52955,130.5978,18.99119744
10512,68.82408,132.1751,19.61661837
10513,69.41921,137.9209,20.11991184
10514,69.05841,111.3935,16.42033544
10515,68.89369,119.6711,17.72497842
10516,68.73216,130.2555,19.38346483
10517,69.49069,132.1774,19.24240193
10518,64.10059,121.0721,20.71454253
10519,68.30462,142.3127,21.44365563
10520,68.71525,114.003,16.9732631
10521,65.69719,107.6348,17.53131304
10522,68.09404,115.4798,17.50826636
10523,66.51622,135.7521,21.56983185
10524,68.52534,133.3322,19.96126094
10525,69.20887,135.9792,19.95741508
10526,67.70321,120.999,18.55746224
10527,68.15955,130.7498,19.78531319
10528,67.18814,106.7904,16.63038492
10529,68.50904,119.4901,17.89746352
10530,66.51943,138.5418,22.01096649
10531,66.27868,115.6044,18.50043705
10532,67.47904,114.978,17.75138667
10533,67.17176,134.8531,21.01081043
10534,70.21021,141.9264,20.24034766
10535,66.48457,113.2493,18.0114685
10536,67.38335,139.6947,21.62868211
10537,69.63142,147.2102,21.34433969
10538,69.05892,145.238,21.40898217
10539,67.73576,99.74502,15.28306748
10540,68.0427,127.537,19.36548798
10541,70.50652,143.0547,20.23014039
10542,68.61607,122.2814,18.25845591
10543,70.54593,142.2969,20.10049894
10544,65.89082,118.0925,19.12175798
10545,71.21608,157.4503,21.82441885
10546,68.20518,114.4749,17.29939356
10547,67.74012,138.1428,21.1637029
10548,66.26527,110.327,17.66302934
10549,65.53319,105.8284,17.32347196
10550,66.51322,113.1916,17.98678641
10551,67.35638,131.4344,20.3660542
10552,70.30591,133.8064,19.03042747
10553,67.04142,112.9803,17.67142776
10554,67.7369,110.5975,16.94532883
10555,69.66034,140.415,20.34218734
10556,69.98999,148.9512,21.37605058
10557,66.79277,127.3793,20.07221377
10558,66.00918,133.9975,21.61938548
10559,66.62111,130.0858,20.60447193
10560,69.74276,132.0686,19.08783353
10561,66.16467,131.0357,21.04227328
10562,70.20538,132.2909,18.86880982
10563,68.60463,135.4929,20.23787972
10564,70.62429,111.8873,15.76986332
10565,66.94547,119.7758,18.78806333
10566,70.34761,121.937,17.32176477
10567,65.49205,108.3441,17.75756536
10568,68.89339,128.0101,18.9602671
10569,66.19965,125.1485,20.07564868
10570,66.36441,123.1231,19.65279804
10571,66.77807,137.3777,21.65727644
10572,68.09728,120.4912,18.26632263
10573,68.22134,149.196,22.53574987
10574,70.09705,139.6371,19.97821411
10575,72.1712,128.1616,17.29758179
10576,68.84442,143.5309,21.28939119
10577,69.66256,136.6815,19.80004608
10578,68.7237,132.2889,19.6909044
10579,65.52882,129.2356,21.15791136
10580,70.69497,127.5854,17.94647984
10581,67.00435,119.8816,18.77162452
10582,67.55287,121.7881,18.76171655
10583,68.9392,118.0553,17.46257705
10584,66.89064,129.4493,20.33875331
10585,66.87923,132.1593,20.77162752
10586,69.27991,130.8975,19.17220427
10587,68.63068,112.5824,16.80309271
10588,66.02106,134.9502,21.76526062
10589,67.31835,126.3568,19.60139671
10590,70.64068,121.9356,17.17813859
10591,66.5818,131.6912,20.88339083
10592,66.24792,126.2204,20.21810198
10593,65.96918,126.7294,20.47154084
10594,66.08834,130.1595,20.94987856
10595,68.74671,126.0762,18.75359779
10596,68.38332,152.4418,22.91706673
10597,64.73972,122.4279,20.5349709
10598,68.56976,135.6351,20.27972951
10599,67.50394,124.7759,19.24986961
10600,69.83182,132.6278,19.11979223
10601,66.93919,131.6494,20.65443424
10602,67.87115,117.8922,17.99160805
10603,66.38765,127.8206,20.38832677
10604,66.71594,114.609,18.10151103
10605,69.92883,160.4871,23.07187714
10606,65.60065,116.6834,19.06110682
10607,68.94104,132.7443,19.63430556
10608,67.35421,116.3161,18.02460117
10609,69.2689,126.223,18.49342034
10610,64.78382,124.4218,20.841007
10611,69.00289,131.0501,19.34898202
10612,67.94108,149.5679,22.77869443
10613,69.77799,127.8931,18.46568952
10614,68.26272,127.9975,19.31032725
10615,68.02075,131.2079,19.93574534
10616,69.04822,113.5618,16.7449023
10617,67.98576,137.0912,20.85110088
10618,63.50795,114.8749,20.02277573
10619,69.56909,127.9663,18.58738493
10620,69.10658,119.2041,17.54719557
10621,69.17856,134.1517,19.70645338
10622,67.06151,120.7166,18.87016353
10623,70.89432,131.7651,18.43031842
10624,69.36734,137.5629,20.09770955
10625,66.55432,124.5989,19.77502459
10626,68.00765,129.6789,19.71102037
10627,67.29039,115.1226,17.87350901
10628,66.88356,118.4508,18.61463654
10629,73.22072,137.0768,17.97427129
10630,66.95094,128.8915,20.21465087
10631,65.93861,117.8413,19.05343462
10632,68.06028,98.9001,15.00944359
10633,65.9792,140.0098,22.60995351
10634,69.32477,138.604,20.2746896
10635,68.01965,116.1544,17.64908542
10636,73.88574,135.9816,17.51113182
10637,68.7284,128.3036,19.09508957
10638,66.98669,129.6223,20.30757244
10639,67.65185,147.7052,22.68776711
10640,66.73298,138.5239,21.86749306
10641,67.57886,105.3225,16.21267816
10642,70.88703,139.6806,19.54149812
10643,68.64071,134.5343,20.07357913
10644,66.38501,128.8816,20.55919918
10645,67.74524,128.6228,19.70224491
10646,69.42469,137.1312,20.00155234
10647,64.21102,113.6698,19.38122767
10648,69.04355,135.6615,20.006251
10649,68.44013,143.8953,21.59634628
10650,69.86939,123.235,17.74661351
10651,67.27641,112.1723,17.42269495
10652,69.26705,121.2725,17.76905255
10653,65.83018,129.2681,20.96991188
10654,66.56855,129.3466,20.5197539
10655,66.89784,137.6947,21.62959354
10656,69.58798,113.665,16.50112755
10657,69.61101,136.2898,19.77255577
10658,67.90062,136.0332,20.74210172
10659,66.4422,129.4758,20.61844553
10660,70.1338,134.4689,19.21863046
10661,67.24137,134.0858,20.84802916
10662,71.40024,118.804,16.38275909
10663,68.81761,116.5307,17.29802454
10664,66.00638,120.3,19.41105418
10665,66.82919,125.1578,19.70066341
10666,66.77789,123.6758,19.49730873
10667,64.55809,113.8706,19.20726764
10668,67.49962,137.1728,21.16511696
10669,72.09703,134.2724,18.15964388
10670,71.48656,105.5331,14.51761326
10671,67.70221,130.5761,20.02688145
10672,69.02373,114.3528,16.873504
10673,66.73813,119.0173,18.78526611
10674,64.09479,107.0877,18.32523101
10675,69.55031,115.7306,16.81920212
10676,67.28152,131.3143,20.39274832
10677,70.83864,142.2989,19.93500911
10678,65.30751,119.7157,19.73241238
10679,68.17705,126.0792,19.06875586
10680,67.49175,109.8464,16.95273507
10681,67.69924,123.8695,18.99993534
10682,68.89262,138.0155,20.44267788
10683,66.69777,121.1209,19.14043425
10684,68.02164,131.326,19.95316732
10685,72.32382,130.0773,17.48212115
10686,67.89736,119.9817,18.29635421
10687,65.94463,100.5898,16.26111787
10688,68.43859,137.938,20.70318404
10689,68.34332,129.9947,19.5654043
10690,67.50727,112.6174,17.37239641
10691,65.73491,115.5253,18.79491148
10692,68.45227,122.7969,18.42328281
10693,68.09452,112.6967,17.08607067
10694,66.87642,111.7273,17.56178256
10695,68.78042,118.6681,17.63435856
10696,67.76232,117.16,17.93734473
10697,66.92622,133.9616,21.02534146
10698,70.4839,122.8518,17.38429153
10699,66.90481,126.6455,19.88979947
10700,67.21178,155.0082,24.12232719
10701,67.93338,119.7698,18.24467799
10702,69.36009,138.4303,20.22866346
10703,67.2037,129.3922,20.1408156
10704,66.11772,113.1732,18.19965615
10705,68.87141,141.5641,20.98120893
10706,72.13664,129.6934,17.52110052
10707,66.47378,121.8011,19.37785869
10708,67.44181,136.2936,21.06552821
10709,66.45604,133.1168,21.1894301
10710,64.93446,113.589,18.93830623
10711,71.13511,151.4674,21.0429431
10712,68.14569,130.1973,19.70972281
10713,69.80663,131.1705,18.92335576
10714,69.09198,126.1547,18.57819354
10715,70.73962,141.7215,19.90974145
10716,69.69246,135.3223,19.58633177
10717,67.18323,137.3825,21.39759586
10718,70.75638,123.4866,17.33979453
10719,70.79804,125.7816,17.64127502
10720,67.59872,128.558,19.77777753
10721,69.14817,153.3639,22.54847043
10722,68.47791,137.359,20.59261271
10723,71.2696,145.0339,20.07318133
10724,69.58091,131.7444,19.12966129
10725,67.99813,118.223,17.97477082
10726,67.12516,126.1205,19.67751903
10727,66.94553,118.117,18.52783032
10728,69.35076,141.2216,20.64210596
10729,68.86773,136.9215,20.29529821
10730,67.19725,136.8241,21.3017324
10731,66.15149,123.9501,19.91236962
10732,67.66962,135.2617,20.76551427
10733,63.29618,111.4056,19.54822575
10734,71.77485,145.7175,19.88485597
10735,70.76918,134.8925,18.93454187
10736,65.76134,110.0183,17.88458828
10737,69.57368,136.346,19.80194162
10738,69.7701,111.5563,16.11056367
10739,71.90393,141.4574,19.23427144
10740,71.83818,139.7878,19.04206103
10741,69.74181,124.4227,17.98326391
10742,65.40817,122.8072,20.179721
10743,69.73609,152.6969,22.07345718
10744,68.05785,115.7184,17.56310487
10745,65.56584,101.7955,16.64671889
10746,68.58632,121.2848,18.1253624
10747,70.5479,121.361,17.14218943
10748,68.62838,116.4417,17.38026395
10749,67.30469,125.7158,19.50987702
10750,67.86793,132.4746,20.21895638
10751,68.18436,111.6939,16.88943975
10752,67.12433,123.5312,19.27400901
10753,67.50781,127.5459,19.67495686
10754,69.74866,136.4338,19.71539867
10755,65.94502,119.3141,19.28781741
10756,66.03597,116.2143,18.73500324
10757,66.74873,136.2302,21.49526013
10758,69.30449,118.5162,17.34643764
10759,69.05283,144.8074,21.34927429
10760,68.50867,133.9436,20.06255404
10761,66.63013,118.1453,18.70813319
10762,68.67406,124.6569,18.58173236
10763,69.93061,138.8325,19.95776185
10764,69.11316,151.1101,22.2396177
10765,67.21939,132.8338,20.66687381
10766,68.94888,115.6681,17.10466193
10767,71.6822,138.0712,18.89016593
10768,67.7161,120.4559,18.46713511
10769,66.04065,129.7117,20.90796662
10770,69.56767,129.7364,18.84526513
10771,67.04789,136.4177,21.33319081
10772,66.11294,104.4748,16.80327491
10773,67.56696,117.3571,18.07157212
10774,68.2101,119.4079,18.04226316
10775,69.0425,127.1652,18.75385641
10776,65.20788,132.5724,21.9183714
10777,66.56896,135.5198,21.49881551
10778,69.09239,144.5847,21.29203795
10779,67.34629,118.7027,18.39876067
10780,67.37558,120.6235,18.68022991
10781,69.39824,138.4163,20.20438558
10782,69.52151,145.1544,21.11286337
10783,68.78586,139.9157,20.7885133
10784,66.75113,111.2522,17.55281149
10785,65.84981,136.9029,22.19519273
10786,66.74378,112.7127,17.78715871
10787,69.8469,150.5891,21.69974305
10788,69.66479,144.4128,20.91868349
10789,70.61706,122.7131,17.29923854
10790,64.87192,127.745,21.33957334
10791,68.09578,123.5007,18.72338409
10792,64.12978,125.8286,21.50875088
10793,69.1366,152.2569,22.39320584
10794,70.70527,133.3353,18.74981113
10795,66.38376,115.6821,18.45430925
10796,66.95437,128.1657,20.09876086
10797,69.3349,131.2696,19.19621917
10798,67.6326,123.7498,19.01899937
10799,68.67163,112.0543,16.70433303
10800,66.97528,133.7971,20.96876969
10801,69.32415,118.631,17.3533933
10802,68.65077,117.349,17.50426553
10803,69.52713,130.0545,18.9135087
10804,67.5071,120.5993,18.60378057
10805,68.41559,130.557,19.60854341
10806,67.18894,119.2439,18.56931646
10807,67.64362,129.8738,19.95368861
10808,67.63143,111.9499,17.20607828
10809,71.0885,144.0961,20.04512878
10810,66.35595,135.0814,21.56706939
10811,66.55633,125.1865,19.86708225
10812,69.48096,144.4402,21.0335116
10813,72.13324,141.1153,19.06595435
10814,68.37214,130.76,19.66400113
10815,65.24215,107.3398,17.72799326
10816,68.35973,122.4447,18.42021263
10817,67.12836,123.7953,19.31289625
10818,70.71221,129.5686,18.21655586
10819,70.10355,147.6963,21.12734474
10820,69.91417,128.8815,18.53597754
10821,67.03445,118.5148,18.54094271
10822,68.48906,135.0043,20.23301088
10823,62.50449,126.834,22.82278202
10824,66.28271,122.121,19.54092708
10825,71.18243,147.7423,20.49814502
10826,64.96701,118.9745,19.81634042
10827,66.83755,119.1425,18.74912436
10828,69.31263,143.318,20.97158755
10829,68.00003,124.0098,18.85354941
10830,70.93041,138.5522,19.35993125
10831,69.55078,127.6665,18.55360334
10832,67.04168,125.6018,19.6454242
10833,66.68499,126.4684,19.99314743
10834,66.96568,144.4394,22.64312866
10835,66.45649,106.8881,17.01413534
10836,69.38291,114.7144,16.75206084
10837,68.39972,131.8536,19.81247215
10838,65.99324,118.3222,19.09952907
10839,68.32092,136.5044,20.55864861
10840,69.10337,130.0111,19.13979594
10841,68.42546,121.4558,18.23635898
10842,68.20753,133.0912,20.11129426
10843,67.8287,126.2769,19.29533174
10844,66.20781,123.2416,19.76488117
10845,70.02744,132.5108,18.99634729
10846,72.33837,146.1178,19.63003223
10847,69.07669,133.8041,19.7134079
10848,63.47989,109.4272,19.0901034
10849,68.39232,132.9664,19.98400655
10850,66.38785,107.8609,17.204504
10851,66.35839,141.0786,22.52292472
10852,67.90974,127.899,19.49657562
10853,67.99457,135.2005,20.55820344
10854,69.33638,116.2041,16.99238929
10855,67.60547,134.3536,20.66526411
10856,67.39241,118.188,18.29391824
10857,65.40662,138.0298,22.68217883
10858,67.08266,125.0373,19.5332434
10859,66.1459,117.1214,18.81853106
10860,69.02208,147.0445,21.69841566
10861,65.41424,118.1839,19.41641484
10862,62.44899,97.60294,17.59411341
10863,66.46524,116.9524,18.61123997
10864,70.5789,125.9388,17.7731786
10865,67.11866,129.8029,20.25597562
10866,69.02602,117.0323,17.26773596
10867,65.29178,103.3172,17.03769877
10868,67.25249,122.7412,19.07782905
10869,67.7796,135.983,20.80855583
10870,70.45204,127.5806,18.0697781
10871,71.466,136.1768,18.74388019
10872,67.65154,114.2668,17.55173349
10873,67.83536,133.7095,20.42703446
10874,67.38724,124.5322,19.27887321
10875,67.91087,122.5197,18.67594823
10876,65.85116,119.9984,19.45377646
10877,70.53984,145.7572,20.59284741
10878,65.54683,127.3529,20.83822763
10879,66.72193,124.4206,19.64764108
10880,68.08321,142.2061,21.56718698
10881,69.15879,133.4787,19.61880365
10882,66.47756,121.2549,19.28876764
10883,64.37265,111.2446,18.87258926
10884,72.18026,145.5891,19.644786
10885,69.04682,141.238,20.8266549
10886,66.6879,132.1882,20.89555595
10887,67.05403,116.8532,18.27032051
10888,66.72188,114.0862,18.01573107
10889,67.90779,121.8853,18.58093062
10890,70.29567,135.9697,19.34373416
10891,70.14594,155.0147,22.14741942
10892,64.90698,106.2489,17.72951936
10893,68.15533,155.6542,23.55681216
10894,69.76311,132.7484,19.17489323
10895,65.19432,125.919,20.82701699
10896,68.60431,130.8794,19.54896725
10897,68.31467,139.5657,21.02355104
10898,69.28143,124.0809,18.17299778
10899,66.72096,120.1462,18.97320904
10900,66.2546,136.0814,21.79325101
10901,70.41851,126.6505,17.95513069
10902,69.15107,122.1065,17.95131629
10903,65.90954,119.7513,19.37934082
10904,68.92271,123.6162,18.29388832
10905,68.88487,130.892,19.39191694
10906,64.58076,150.6921,25.40033866
10907,66.58124,120.6348,19.13040548
10908,65.38313,115.8133,19.04506009
10909,68.45964,104.5201,15.67782887
10910,68.08292,106.1436,16.09803215
10911,67.98588,124.5469,18.94308904
10912,65.43668,96.64915,15.86758561
10913,68.35283,145.9472,21.96029106
10914,69.59921,141.6018,20.55017284
10915,67.76728,122.9415,18.81974452
10916,66.54611,128.5828,20.41234296
10917,67.40557,129.7861,20.08130518
10918,71.61858,150.7782,20.66533584
10919,69.78806,140.5096,20.28145326
10920,65.46436,108.0159,17.71875327
10921,69.84842,146.8392,21.1584652
10922,67.59114,126.3141,19.43692748
10923,65.39097,130.7129,21.49008908
10924,69.16565,114.3258,16.80036235
10925,70.8537,139.41,19.5219944
10926,69.64932,137.3018,19.89746706
10927,69.75493,121.4986,17.5540279
10928,67.29615,126.7282,19.67198358
10929,68.00311,103.2192,15.6912761
10930,68.23844,123.0584,18.57840429
10931,69.10888,139.3881,20.51697427
10932,69.16784,132.2421,19.43196122
10933,67.40236,107.6678,16.66061229
10934,66.97412,115.914,18.16674775
10935,68.14213,149.2678,22.59904295
10936,65.77882,111.7485,18.15619634
10937,68.86055,123.2045,18.2658935
10938,68.54418,125.2815,18.74567568
10939,66.24232,123.1627,19.73165246
10940,66.05281,116.5253,18.77556258
10941,66.78253,124.9536,19.69601481
10942,68.22373,105.4156,15.92169463
10943,70.81098,149.8862,21.01434048
10944,67.51193,126.031,19.43889886
10945,68.7292,144.2782,21.47204768
10946,69.03442,137.2801,20.25030417
10947,66.69993,127.0516,20.07634764
10948,67.66684,137.4976,21.1105064
10949,70.04342,156.4566,22.41891173
10950,70.71417,128.557,18.07332914
10951,67.21338,129.1064,20.09054071
10952,69.51067,139.2973,20.26726165
10953,64.84702,99.24033,16.59065294
10954,72.42524,134.8079,18.0671971
10955,69.204,117.0954,17.18829365
10956,70.63329,144.9647,20.42672373
10957,70.21055,122.4646,17.46470053
10958,70.91114,134.6232,18.82115624
10959,67.6791,111.4813,17.1099287
10960,68.51935,127.5446,19.09813383
10961,67.49054,125.2224,19.32642573
10962,70.94239,127.097,17.75329598
10963,68.22454,140.903,21.28111275
10964,67.8618,122.2685,18.66462031
10965,65.79765,104.3895,16.95084594
10966,66.93034,119.7403,18.79098754
10967,65.2842,114.2336,18.842261
10968,69.92925,124.9368,17.96089452
10969,71.99579,120.0237,16.27826569
10970,67.26327,114.2686,17.755229
10971,65.66178,113.5902,18.52127525
10972,66.50243,131.9956,20.98165541
10973,67.66008,144.2397,22.15007094
10974,71.24889,136.9907,18.97099914
10975,64.63061,121.5164,20.4509605
10976,69.61857,133.2628,19.32920812
10977,64.98777,136.4346,22.70997088
10978,70.80755,132.1319,18.52694745
10979,67.21426,105.3348,16.39095873
10980,69.62967,124.178,18.00575399
10981,69.67729,138.7077,20.08507202
10982,66.84127,121.048,19.04686735
10983,67.95575,138.3578,21.06233679
10984,67.91859,103.1035,15.71272142
10985,68.29201,110.3958,16.64056568
10986,70.71797,131.3595,18.46533711
10987,68.38443,143.1785,21.52378626
10988,66.02316,113.8072,18.35407281
10989,66.51135,110.2655,17.52279783
10990,68.05802,110.1398,16.71633201
10991,68.09044,126.9757,19.25323269
10992,67.63946,114.1426,17.538919
10993,68.35095,126.1809,18.98715237
10994,66.916,111.5822,17.51823306
10995,68.87816,120.9969,17.92943049
10996,68.03941,137.2248,20.83851916
10997,71.01294,131.4479,18.32457837
10998,70.58233,140.0745,19.76616536
10999,63.17217,127.2456,22.41540077
11000,69.78974,145.0778,20.93982874
11001,65.67569,123.1591,20.07301195
11002,66.51317,126.2002,20.05395679
11003,68.91807,132.491,19.60990498
11004,67.54731,105.6248,16.27440456
11005,67.16725,117.6846,18.33833177
11006,70.30407,138.4226,19.68799054
11007,67.94455,118.7549,18.08412957
11008,70.17937,134.815,19.24308112
11009,68.84277,123.0811,18.25702545
11010,68.97817,138.3514,20.4416311
11011,67.87172,144.6941,22.08149317
11012,68.30452,122.0263,18.38695785
11013,71.59581,147.0324,20.16476465
11014,70.97786,149.5895,20.87423812
11015,67.04114,121.5026,19.00457295
11016,69.75259,140.9001,20.35850815
11017,69.34609,145.7199,21.30248321
11018,68.47204,131.8399,19.76858825
11019,66.46867,126.7618,20.17017865
11020,71.68515,121.8591,16.67074063
11021,67.58847,118.7126,18.26866916
11022,64.62583,111.3351,18.74024054
11023,68.08467,120.0023,18.19894537
11024,69.04082,110.3399,16.27331493
11025,71.47469,140.2681,19.30232743
11026,68.29856,127.8518,19.26810825
11027,66.48835,118.2103,18.79834144
11028,67.65551,118.4708,18.1953453
11029,69.55965,130.298,18.93120674
11030,68.07654,109.852,16.66358128
11031,69.53635,116.8769,16.99261539
11032,66.55122,116.5006,18.49147031
11033,71.81797,139.7074,19.04182129
11034,69.15297,126.3293,18.57110479
11035,67.38721,135.5659,20.98702283
11036,64.94889,113.0076,18.83300017
11037,68.1155,136.263,20.64625911
11038,67.87942,118.7067,18.11149546
11039,71.15678,153.5749,21.32273905
11040,69.55755,119.7754,17.403412
11041,67.32935,133.2197,20.65926815
11042,67.03618,121.7936,19.05290824
11043,67.08475,132.8759,20.75649087
11044,68.1142,123.9844,18.78655072
11045,67.25607,124.3161,19.32056085
11046,68.93456,134.6034,19.9130296
11047,70.99654,137.4312,19.16753635
11048,66.66773,130.2486,20.60141511
11049,67.14848,124.8785,19.47020956
11050,68.01276,119.6507,18.18401456
11051,68.37466,113.7195,17.10014949
11052,67.63132,127.4093,19.58216596
11053,68.78129,130.9664,19.4614225
11054,67.4519,109.2884,16.88655341
11055,69.05692,129.9515,19.15676681
11056,71.58656,151.926,20.84128256
11057,71.00215,133.315,18.59051165
11058,65.48034,115.4925,18.93595687
11059,64.84197,106.4034,17.7909209
11060,67.77064,142.9326,21.87778977
11061,68.789,120.5641,17.91163957
11062,67.73549,122.7611,18.80977249
11063,67.28621,133.0996,20.66711909
11064,69.14033,131.7311,19.37228043
11065,63.68432,113.8885,19.74104626
11066,66.48606,123.3001,19.6090954
11067,66.82771,133.2493,20.97524791
11068,65.74972,106.1128,17.25580737
11069,70.15496,132.2557,18.89091356
11070,68.03163,124.7543,18.94912216
11071,68.73994,136.6091,20.32434965
11072,66.67274,105.848,16.73945733
11073,70.44164,143.7073,20.35988112
11074,65.21801,107.4109,17.75287089
11075,69.18892,110.2616,16.19222433
11076,65.7164,123.6866,20.13401777
11077,68.20774,124.8594,18.86727802
11078,65.6085,122.0489,19.93283066
11079,66.99553,105.2913,16.49134809
11080,70.96623,131.4938,18.35511595
11081,64.28708,99.82706,16.98072411
11082,63.60355,122.3891,21.26842616
11083,65.05165,118.8598,19.7457524
11084,67.83126,121.3917,18.54746455
11085,65.8442,122.9715,19.93998121
11086,68.81007,136.9345,20.33125587
11087,69.08438,127.0724,18.71745634
11088,67.94823,120.2966,18.31691717
11089,69.52463,129.9461,18.89910345
11090,67.97769,144.7071,22.01467915
11091,64.96741,109.2457,18.19569171
11092,65.55484,129.2687,21.14653341
11093,68.0052,117.0722,17.79610093
11094,68.62033,139.7228,20.86012952
11095,69.17078,131.3516,19.29946839
11096,68.50566,124.308,18.62093545
11097,67.40238,137.9187,21.34165113
11098,65.09312,135.5254,22.48567069
11099,68.9391,137.8963,20.39748957
11100,69.19971,138.739,20.36785695
11101,68.16393,131.1518,19.84359419
11102,69.91225,150.7507,21.68243753
11103,66.13776,112.7742,18.12450341
11104,65.84225,135.3841,21.95400003
11105,66.51608,132.3072,21.0225556
11106,65.39554,129.0537,21.21433999
11107,68.35417,135.2684,20.35268213
11108,65.85458,146.8202,23.79957314
11109,66.08547,126.153,20.30677429
11110,69.56261,130.0292,18.89054461
11111,68.54207,137.6653,20.59991262
11112,71.27061,124.2243,17.19257515
11113,66.03755,129.0106,20.79691013
11114,68.42545,124.8365,18.74397018
11115,69.56302,130.9521,19.02439857
11116,69.77139,143.4356,20.71369271
11117,70.26466,123.3935,17.57007882
11118,70.02833,133.9895,19.20784101
11119,69.23495,131.8937,19.34321285
11120,67.75034,118.8212,18.19811064
11121,65.59472,110.1066,17.98998959
11122,69.77645,149.6136,21.602731
11123,69.46001,145.2864,21.1695002
11124,68.43554,135.4124,20.3259271
11125,67.05033,114.3176,17.87584515
11126,66.57575,127.931,20.29079132
11127,66.15214,128.4151,20.62925875
11128,69.05944,136.7033,20.15061098
11129,66.27918,138.907,22.22927013
11130,67.25881,135.2798,21.02276905
11131,67.83695,127.7505,19.51575272
11132,65.96984,130.823,21.13238759
11133,64.81822,116.6434,19.51736995
11134,68.43412,145.7155,21.87337013
11135,67.49384,113.4681,17.51059214
11136,69.01647,137.0928,20.2331959
11137,68.57292,117.2929,17.53564573
11138,67.87708,123.0777,18.77968894
11139,68.99385,131.2152,19.37843549
11140,66.69195,108.4437,17.14007903
11141,65.30731,118.1043,19.46692895
11142,67.63371,127.8296,19.64537544
11143,67.76547,127.0117,19.44384473
11144,69.46199,124.0249,18.07048331
11145,69.137,123.3187,18.13690597
11146,70.76924,140.8299,19.76792718
11147,69.74567,113.057,16.33872943
11148,70.86609,144.0689,20.16734011
11149,67.96674,148.2726,22.56437708
11150,68.52434,120.6406,18.0617194
11151,70.47887,133.3292,18.86960172
11152,68.13987,133.8585,20.26742981
11153,67.62197,96.74634,14.8735361
11154,67.40406,134.0505,20.74204873
11155,70.70493,144.4624,20.3147161
11156,67.0114,119.1376,18.65120045
11157,70.72181,125.5266,17.64348435
11158,65.0906,113.8999,18.8991433
11159,71.66102,140.5407,19.23939745
11160,69.64489,119.1443,17.26831974
11161,66.06372,140.0926,22.56547453
11162,69.53887,133.4508,19.40087191
11163,66.72469,130.7197,20.64064374
11164,69.14268,161.3014,23.71925499
11165,68.47042,122.3227,18.34241013
11166,68.56545,125.885,18.82429187
11167,70.33392,140.3581,19.94633733
11168,64.83586,128.4784,21.48596643
11169,67.00076,133.8422,20.95988684
11170,67.61172,132.1716,20.32588686
11171,69.2627,122.9415,18.01586
11172,68.05574,125.929,19.11399898
11173,67.01389,114.5908,17.93805782
11174,74.16797,142.7732,18.24606568
11175,67.46023,123.9729,19.15077926
11176,66.59883,140.0618,22.19943029
11177,65.20591,114.1975,18.88156557
11178,69.12252,143.4608,21.10811481
11179,69.04489,125.9477,18.5730181
11180,67.23588,134.934,20.98333591
11181,66.53866,124.4463,19.7601034
11182,69.2864,139.5923,20.44187812
11183,67.22009,133.8821,20.82953916
11184,68.40132,109.7327,16.48778914
11185,68.52054,130.0861,19.47801361
11186,66.77642,148.078,23.34530762
11187,70.20339,137.6673,19.63676542
11188,67.77726,138.0438,21.1253647
11189,65.15073,99.8475,16.5368942
11190,68.77137,129.1743,19.20065701
11191,70.98235,127.8665,17.84067805
11192,67.44011,138.8552,21.4625309
11193,67.5907,137.1565,21.10560621
11194,68.09234,122.353,18.55126073
11195,68.58477,119.8123,17.9061145
11196,63.92414,94.96925,16.33836317
11197,67.13792,126.5541,19.7376653
11198,67.96822,131.4434,20.0024096
11199,67.40732,117.0252,18.10591994
11200,70.08201,142.9877,20.46637405
11201,67.77124,119.2235,18.24846455
11202,69.15034,127.5277,18.74870227
11203,67.00199,137.932,21.59956253
11204,69.23248,132.5571,19.44189268
11205,67.98002,129.1731,19.650103
11206,67.20279,102.0226,15.88097291
11207,68.98976,124.2182,18.34726309
11208,68.5983,126.5379,18.90380555
11209,66.25204,146.6106,23.4813026
11210,63.77589,127.3544,22.01183371
11211,67.96185,125.154,19.04889004
11212,66.16809,111.7997,17.95141827
11213,68.50417,131.5771,19.71068047
11214,67.70934,136.3176,20.90307098
11215,63.33119,112.6251,19.74036677
11216,70.0918,139.5179,19.96415024
11217,68.30094,134.7177,20.30142968
11218,66.46884,138.402,22.02224002
11219,68.88676,127.648,18.91027402
11220,69.38352,122.0678,17.82558472
11221,69.00483,137.6559,20.32315712
11222,70.05784,116.6165,16.70328308
11223,65.10116,123.1258,20.42334794
11224,71.15266,130.5181,18.12357156
11225,67.87661,108.9897,16.63031572
11226,66.02093,127.3182,20.53442468
11227,67.78396,114.3916,17.50231861
11228,69.83424,118.4764,17.0785247
11229,66.39018,108.4403,17.29570794
11230,67.72204,116.2668,17.821776
11231,67.0671,110.0552,17.20072834
11232,70.70367,135.5553,19.06285362
11233,70.03981,138.4753,19.84438852
11234,68.47663,138.7668,20.80444529
11235,69.2047,140.5522,20.63107188
11236,65.23394,112.5476,18.59278057
11237,68.89622,144.4723,21.39681452
11238,71.20184,146.1089,20.26047218
11239,73.45384,142.0065,18.5026758
11240,64.68783,129.2138,21.70796228
11241,66.5181,97.54695,15.49848861
11242,66.56509,111.3128,17.66067853
11243,67.75376,105.9587,16.22651081
11244,62.91681,123.054,21.85333235
11245,65.18677,111.6079,18.46423577
11246,66.5578,116.3412,18.46251866
11247,71.6577,143.3796,19.62984907
11248,64.46785,118.9773,20.12486893
11249,66.28272,112.249,17.96127498
11250,68.42883,119.7445,17.97763965
11251,69.38397,123.9979,18.10720273
11252,65.31926,120.0737,19.7843008
11253,68.66193,123.2477,18.37816452
11254,65.97339,115.6794,18.68416747
11255,69.51667,129.7024,18.86798041
11256,68.22985,122.1816,18.45067674
11257,69.83,136.8307,19.72671588
11258,63.61518,107.139,18.61150069
11259,67.99998,136.646,20.77469604
11260,66.89939,144.4917,22.69623973
11261,68.73884,133.8346,19.91220397
11262,69.17398,139.6385,20.515163
11263,70.58871,131.6732,18.57728418
11264,67.8682,119.9805,18.31189673
11265,68.39892,134.7468,20.24768131
11266,67.88895,121.1382,18.47728926
11267,64.38742,116.0245,19.67446737
11268,66.96466,129.3706,20.28147708
11269,65.86538,128.5607,20.83287221
11270,65.82647,122.1977,19.82518388
11271,70.51289,138.8583,19.633157
11272,70.42931,125.3635,17.76722354
11273,66.10171,118.9452,19.1371322
11274,65.46048,131.205,21.52520715
11275,70.91162,140.5079,19.64360777
11276,68.69449,127.6927,19.0229378
11277,71.75246,149.9238,20.47162492
11278,64.82819,143.4204,23.99045373
11279,66.6091,109.1462,17.29405412
11280,67.779,133.1513,20.37560073
11281,66.56978,128.282,20.350112
11282,68.13511,115.708,17.52172215
11283,68.51757,119.3005,17.86461596
11284,68.07689,121.7782,18.47249088
11285,70.14804,133.7709,19.11110911
11286,70.35962,144.1309,20.46753082
11287,67.58689,118.6697,18.26292113
11288,65.03137,125.7451,20.90261344
11289,67.36342,127.2779,19.71787324
11290,65.76034,109.628,17.82168307
11291,67.10885,122.7538,19.16155177
11292,68.75557,143.1601,21.28930797
11293,70.97344,129.3743,18.05558762
11294,65.26892,127.3683,21.01860188
11295,65.66247,131.7569,21.48296705
11296,66.53827,113.4029,18.0067973
11297,66.90975,128.4934,20.17703427
11298,69.51623,131.5506,19.13708278
11299,66.61461,114.4853,18.13702586
11300,71.62343,119.7512,16.41061922
11301,70.05513,123.5191,17.69332916
11302,67.48898,125.501,19.37031942
11303,68.36694,104.503,15.71780148
11304,69.26121,129.5221,18.98099843
11305,67.87778,130.2365,19.87159748
11306,63.20626,116.3739,20.47815036
11307,69.67947,134.5489,19.48165281
11308,67.37164,124.1367,19.22654649
11309,67.66896,114.7549,17.61763305
11310,67.71607,111.9589,17.16447235
11311,67.58095,136.4722,21.00636623
11312,68.11599,117.5179,17.80578812
11313,68.93673,144.2782,21.34296159
11314,67.62937,120.1249,18.46365517
11315,65.94814,121.1693,19.58586792
11316,69.25978,134.5615,19.7203187
11317,65.95706,128.8891,20.82806567
11318,67.99681,130.7289,19.876955
11319,67.76218,137.1791,21.00238114
11320,66.67503,122.4975,19.37118153
11321,66.98501,125.9014,19.72561859
11322,67.45441,131.5585,20.32607586
11323,66.42304,127.2729,20.27933776
11324,67.08303,128.7227,20.1087523
11325,66.55348,110.5548,17.54653593
11326,66.76286,139.0637,21.93306066
11327,68.62482,147.0216,21.94694287
11328,67.54028,126.4595,19.4886193
11329,68.83293,131.422,19.49983265
11330,67.36371,116.3804,18.02947893
11331,68.47048,133.9893,20.09179315
11332,67.35037,132.3045,20.50453709
11333,68.10823,125.0725,18.95474595
11334,68.51138,131.3701,19.67552931
11335,68.68777,114.4842,17.05854733
11336,66.79129,121.9002,19.20967779
11337,67.79664,115.3191,17.63763
11338,68.8252,137.6658,20.43084946
11339,66.59959,127.6122,20.22573952
11340,65.16559,121.0852,20.04516914
11341,68.93245,127.1722,18.81482055
11342,69.16312,132.6592,19.49591157
11343,69.49148,121.6419,17.70823993
11344,66.46241,132.0125,21.00962062
11345,69.93643,141.8868,20.39343581
11346,68.58906,118.2895,17.67631853
11347,65.72053,127.1461,20.69456272
11348,67.94094,104.2896,15.88302517
11349,68.11806,131.5896,19.9366576
11350,69.43335,140.3956,20.4725803
11351,68.95852,130.0709,19.2291287
11352,68.00487,92.95851,14.13072516
11353,65.62079,100.0969,16.34154234
11354,69.52389,118.3399,17.21148709
11355,64.75006,108.3967,18.17569538
11356,70.17871,121.1313,17.29023681
11357,68.68662,148.4892,22.12615249
11358,65.90203,109.0414,17.65018082
11359,67.41875,122.7271,18.98166939
11360,68.51834,125.1308,18.73725127
11361,70.02573,158.5864,22.73557675
11362,68.74884,129.8334,19.31127756
11363,69.46722,120.5883,17.56712369
11364,67.36649,125.7361,19.47724247
11365,68.23045,140.7733,21.25784055
11366,67.9815,125.7448,19.12774941
11367,68.72434,123.4432,18.37389968
11368,71.81276,136.7116,18.63620394
11369,63.63521,101.8813,17.68702703
11370,67.11628,139.6614,21.79595797
11371,67.51086,114.2835,17.62753464
11372,69.88008,124.5219,17.92644928
11373,66.37702,105.9248,16.90119747
11374,67.77136,126.5531,19.37027164
11375,67.01918,131.7105,20.61472301
11376,66.55379,126.9896,20.15477231
11377,66.72728,111.0062,17.52652097
11378,69.10831,139.2123,20.49143573
11379,70.36453,128.2677,18.21231067
11380,66.25151,131.1318,21.0025383
11381,67.61697,107.4615,16.52330092
11382,67.69783,120.3788,18.46527751
11383,66.46549,117.7681,18.74090555
11384,67.59571,130.1581,20.02572542
11385,70.4309,134.4154,19.04924983
11386,65.11059,97.59535,16.18382559
11387,67.47219,135.7524,20.96299004
11388,66.65897,113.2162,17.9121081
11389,64.2838,126.9371,21.59438374
11390,68.47012,127.5937,19.13296947
11391,66.25226,117.278,18.78323885
11392,68.30287,137.5881,20.73281599
11393,70.01965,130.8984,18.76937416
11394,66.94063,132.4786,20.78363297
11395,65.36655,132.6127,21.8187223
11396,66.4126,114.6091,18.26726216
11397,68.26581,125.0861,18.86939091
11398,68.2852,118.9217,17.92929704
11399,67.42465,141.9674,21.95364071
11400,63.37186,115.6628,20.24678721
11401,69.72835,123.179,17.81038149
11402,66.38974,94.80076,15.12046713
11403,69.55925,131.0935,19.04700528
11404,69.54116,117.8275,17.12845246
11405,67.83505,121.0242,18.48924795
11406,68.22833,143.0423,21.6018192
11407,68.45736,132.6294,19.895499
11408,67.01063,120.9344,18.93292774
11409,67.58458,147.5025,22.70175685
11410,67.11171,111.7266,17.43874786
11411,66.05492,120.0749,19.34626876
11412,65.65432,121.643,19.83881978
11413,67.09664,148.0281,23.1152154
11414,68.93253,109.7752,16.24093862
11415,67.50893,112.6096,17.3703389
11416,67.88135,142.5829,21.75313359
11417,70.51084,130.5145,18.45450123
11418,68.07978,140.6775,21.33750714
11419,69.61803,131.27,19.04045625
11420,65.53941,121.7807,19.9309838
11421,66.70491,134.6241,21.26975723
11422,68.82601,115.8979,17.19989142
11423,70.60592,135.8761,19.16091152
11424,67.08397,124.4171,19.43559708
11425,67.58198,138.0321,21.24582488
11426,67.32686,105.214,16.3174442
11427,67.85523,132.0323,20.1589942
11428,66.15898,146.9268,23.5981927
11429,67.95819,124.9584,19.02116768
11430,65.16544,129.9676,21.51571388
11431,69.54452,146.005,21.2225334
11432,66.35121,121.1278,19.34200361
11433,68.26571,136.2651,20.55581694
11434,70.29475,130.4589,18.56022582
11435,68.02599,142.3053,21.61855482
11436,65.53207,118.0806,19.32974404
11437,70.76347,150.6201,21.14560009
11438,65.3266,123.7902,20.39207777
11439,66.51846,130.4262,20.7221968
11440,66.29182,129.1751,20.66399302
11441,66.16228,125.6023,20.17121189
11442,67.97724,134.5728,20.47319198
11443,66.47067,105.241,16.74480824
11444,67.51785,136.9115,21.11339364
11445,69.16624,135.3094,19.88359729
11446,70.0874,131.5153,18.82139053
11447,68.02869,123.587,18.77344173
11448,67.82592,133.6891,20.42960351
11449,67.61981,104.6315,16.08680821
11450,65.9637,130.3269,21.05616981
11451,67.72006,103.2679,15.83018543
11452,67.48496,91.91782,14.18864919
11453,68.24513,128.9407,19.46265202
11454,67.35061,135.0216,20.92548381
11455,68.18075,135.0446,20.42250445
11456,70.672,124.9177,17.58265848
11457,66.81834,126.3595,19.89627888
11458,68.75229,126.7573,18.8518497
11459,67.35564,126.2663,19.56567545
11460,66.95961,129.0322,20.2314773
11461,67.73721,111.3459,17.05983968
11462,67.64532,140.2121,21.54097257
11463,65.21358,124.1369,20.52013136
11464,65.1571,131.4201,21.7617404
11465,67.40133,122.2223,18.91336676
11466,67.65074,137.8933,21.18133783
11467,63.8874,114.223,19.67335638
11468,66.85228,124.4828,19.58088093
11469,65.93881,125.8178,20.34300949
11470,65.07901,121.0964,20.10039917
11471,68.66259,138.6358,20.67237408
11472,66.63069,144.0267,22.80603118
11473,68.1916,121.9667,18.43889271
11474,64.72033,119.4164,20.04185213
11475,67.76005,129.9217,19.89250995
11476,67.78329,126.7556,19.39443765
11477,68.09923,126.4184,19.16378155
11478,69.21335,128.8556,18.90944936
11479,67.75819,137.4614,21.04808045
11480,70.39946,134.2599,19.04421118
11481,65.93766,127.9704,20.69177707
11482,66.11839,127.0232,20.42649418
11483,66.01019,115.0187,18.55674561
11484,71.63081,135.4107,18.55276245
11485,66.62993,144.5351,22.88705632
11486,68.48521,90.53995,13.57069193
11487,68.10699,129.2909,19.59475825
11488,70.27703,134.3019,19.11660133
11489,69.75105,126.0679,18.21622342
11490,68.98237,115.8649,17.11713177
11491,65.64452,125.3238,20.44522648
11492,68.91636,124.459,18.42200816
11493,66.61896,132.9899,21.06581604
11494,68.60604,125.6796,18.77134581
11495,67.30725,123.1893,19.1163344
11496,70.75095,135.5127,19.03140152
11497,67.58887,124.922,19.22400551
11498,64.50132,123.3747,20.84703184
11499,73.27528,142.7375,18.68867182
11500,68.25937,129.5475,19.54608622
11501,67.91946,118.9415,18.12592954
11502,67.31071,112.7087,17.48817226
11503,67.7966,137.8801,21.08827642
11504,71.29452,144.6277,20.00297103
11505,68.27275,115.1205,17.36253761
11506,66.86544,104.0809,16.36526154
11507,67.73325,106.3248,16.29243775
11508,70.2269,146.4763,20.87928826
11509,69.62197,133.916,19.42205493
11510,67.48527,109.9157,16.96668807
11511,68.09415,131.2306,19.89623186
11512,66.09287,147.1966,23.68884475
11513,67.42801,128.0001,19.79178429
11514,69.08861,111.019,16.35082709
11515,65.70473,119.4562,19.45229067
11516,66.52344,134.9003,21.42983576
11517,68.67632,115.3375,17.19142304
11518,68.36099,131.3844,19.76434563
11519,66.34405,114.0256,18.21183604
11520,65.46233,101.7174,16.68659239
11521,65.38562,92.82921,15.26425059
11522,70.29342,131.0869,18.65027633
11523,66.81702,107.4364,16.91735908
11524,67.09018,126.1098,19.69637244
11525,69.10457,137.515,20.24379172
11526,68.6582,126.1272,18.80958669
11527,67.69463,129.6272,19.88579818
11528,69.41766,135.0258,19.69845407
11529,64.90194,123.585,20.62555909
11530,66.4883,136.8641,21.76478659
11531,71.09216,123.2561,17.1443225
11532,71.94657,134.3756,18.24969259
11533,68.15531,137.0752,20.74506587
11534,68.32479,124.3728,18.72941124
11535,70.93105,119.3693,16.67919916
11536,62.55787,105.7505,18.9965112
11537,68.72459,133.1973,19.82560419
11538,68.56969,123.2818,18.43274095
11539,70.70114,129.2904,18.18313533
11540,67.2195,134.9439,20.99510385
11541,69.42099,145.046,21.15823693
11542,65.2954,122.5997,20.2152706
11543,67.5127,127.4652,19.65966001
11544,68.61443,130.1691,19.43713752
11545,68.23227,129.3011,19.52440936
11546,69.06606,124.9616,18.41630671
11547,67.76769,132.9052,20.34473017
11548,67.19954,131.7003,20.50262597
11549,66.19999,111.3766,17.8662511
11550,67.15817,124.6763,19.43307485
11551,65.80976,119.5688,19.40852725
11552,68.72661,148.7831,22.1441535
11553,71.01527,115.5961,16.11369065
11554,70.3378,122.886,17.46144466
11555,66.60132,117.6958,18.65308275
11556,66.10835,118.365,19.03995826
11557,65.54454,125.6417,20.55966762
11558,67.08775,139.4027,21.77409218
11559,70.91229,151.9319,21.24033065
11560,70.05033,135.0001,19.34055997
11561,67.91474,130.4542,19.88315537
11562,70.44997,140.0553,19.83778815
11563,69.43277,112.1645,16.35617567
11564,70.69946,131.2794,18.46374165
11565,69.62487,120.4721,17.47080882
11566,70.95555,134.9733,18.84648876
11567,69.55239,154.2355,22.41380321
11568,66.67652,116.072,18.35426268
11569,68.94487,136.0275,20.11769072
11570,69.06771,126.5166,18.64458511
11571,68.68065,113.9339,16.98007074
11572,69.75765,118.3588,17.09905838
11573,65.74407,112.5993,18.31377368
11574,69.90579,118.7813,17.08744395
11575,67.49642,144.7324,22.33364516
11576,71.55734,146.4177,20.10205834
11577,68.87168,132.5791,19.64938842
11578,67.23421,117.092,18.20966417
11579,68.63376,119.0942,17.77339337
11580,68.65065,118.3285,17.65043353
11581,66.63756,135.3268,21.42401996
11582,67.87931,113.0279,17.24511702
11583,65.95049,144.2777,23.31945961
11584,69.46751,118.2912,17.23234171
11585,65.32821,107.3803,17.68798742
11586,66.76294,121.2519,19.1237462
11587,68.5428,117.004,17.50783121
11588,68.91044,142.8254,21.1441742
11589,68.84368,150.6553,22.34660668
11590,73.38937,136.7121,17.8441539
11591,66.86841,116.4109,18.30235516
11592,67.52516,107.2826,16.54068044
11593,68.13449,121.8903,18.45824695
11594,68.39998,129.8416,19.50999841
11595,68.75545,141.6232,21.06082941
11596,71.22681,118.0369,16.35634007
11597,69.02697,118.4175,17.4716368
11598,69.36506,149.4627,21.83768594
11599,71.48858,139.2446,19.15403804
11600,70.03975,139.38,19.97407199
11601,65.86983,115.7434,18.75333344
11602,64.18612,112.8632,19.25863211
11603,68.22537,119.4641,18.04267563
11604,67.57609,126.8161,19.52286715
11605,68.32838,125.0752,18.83320713
11606,69.7812,146.0231,21.08142783
11607,64.60544,98.10936,16.52447196
11608,69.35659,137.7401,20.12983681
11609,65.08819,129.1596,21.43273662
11610,67.25428,125.3354,19.48001205
11611,67.29744,111.402,17.29223882
11612,69.06367,128.8616,18.99238647
11613,70.66513,132.245,18.61762427
11614,66.34245,136.4106,21.78815382
11615,66.88466,133.7811,21.02311375
11616,69.83988,132.9299,19.15892045
11617,68.64288,108.615,16.20519041
11618,68.78708,142.8921,21.2299903
11619,68.36723,127.2684,19.14167512
11620,71.12176,119.0967,16.55198418
11621,68.55132,118.0137,17.65452788
11622,71.18105,147.7838,20.50469787
11623,68.32621,125.1014,18.83834872
11624,66.83958,117.8889,18.55072195
11625,69.20216,144.7944,21.25532697
11626,66.77853,128.7692,20.29988667
11627,66.4406,118.4163,18.85817756
11628,69.02771,136.656,20.1621619
11629,65.99368,145.7856,23.53234791
11630,68.21133,126.3564,19.09147723
11631,68.81559,105.3418,15.63804234
11632,69.54378,136.0772,19.77990056
11633,67.04297,120.8592,18.90290491
11634,69.61676,121.0389,17.5570958
11635,69.11044,136.6009,20.1058098
11636,64.55954,123.4204,20.81715712
11637,65.79362,132.5145,21.52044081
11638,68.99934,125.0189,18.46040077
11639,66.16092,137.0073,22.00371248
11640,64.3685,110.0215,18.66749782
11641,69.87282,124.8993,17.98451733
11642,66.0047,116.8211,18.85067445
11643,68.96687,121.3857,17.9408006
11644,67.76358,142.8913,21.87602587
11645,67.2019,118.5255,18.45032485
11646,67.67049,138.3916,21.24547342
11647,65.94121,121.8284,19.6965445
11648,62.62398,113.6392,20.37052219
11649,68.6687,148.4025,22.12477643
11650,64.99303,134.3959,22.36700198
11651,70.14061,133.8105,19.12081684
11652,67.33278,111.0307,17.21651762
11653,71.15018,127.3908,17.69055197
11654,68.05094,123.1092,18.68863478
11655,70.68057,122.0871,17.18007346
11656,66.92683,132.5142,20.79779216
11657,67.32022,121.7055,18.87880396
11658,65.96371,126.1179,20.37613964
11659,66.36048,131.4652,20.98684205
11660,70.09062,141.6373,20.26810573
11661,66.77067,114.939,18.12388389
11662,68.7819,128.8125,19.14101649
11663,68.06198,125.1513,18.99247363
11664,66.87471,124.1839,19.52076334
11665,64.991,120.5915,20.0708416
11666,64.24525,119.3337,20.32527286
11667,64.62759,117.0906,19.7079492
11668,67.47845,125.0172,19.30167046
11669,68.38035,120.3051,18.08742423
11670,67.9413,140.2045,21.35254142
11671,69.38765,120.404,17.58052669
11672,69.72585,141.0221,20.39176737
11673,64.85369,140.5568,23.49296348
11674,71.14569,144.9609,20.13302396
11675,67.93166,116.703,17.7784089
11676,65.8737,130.7339,21.1796816
11677,65.27492,120.7876,19.92897584
11678,64.36283,122.0425,20.71076579
11679,66.53787,116.5946,18.51381729
11680,69.52399,133.0562,19.35178651
11681,69.13837,139.6702,20.54096332
11682,67.67203,123.8558,19.01311456
11683,68.95441,141.2783,20.88847293
11684,71.04477,140.3705,19.55090866
11685,71.39529,149.7633,20.65482892
11686,66.54494,127.3852,20.22293671
11687,68.28091,136.24,20.54288141
11688,67.50144,139.3232,21.49575436
11689,68.29474,133.1216,20.0645462
11690,70.15135,125.669,17.95194124
11691,69.41645,135.8714,19.82250681
11692,69.36098,123.6386,18.06670538
11693,67.16252,130.6726,20.36506927
11694,68.53052,125.4746,18.78205424
11695,69.64804,116.6893,16.91097164
11696,66.68536,116.2552,18.37835823
11697,65.89405,114.064,18.46764511
11698,67.96456,118.3278,18.00848157
11699,64.66704,113.2242,19.03393671
11700,67.83132,131.1598,20.03989925
11701,69.37264,132.3018,19.32611831
11702,64.63475,122.2873,20.57806499
11703,68.45736,121.5602,18.23502811
11704,63.66412,121.3552,21.04864941
11705,68.23574,134.2459,20.26901035
11706,69.90933,145.0568,20.86522814
11707,66.34353,119.2517,19.04683206
11708,71.08621,131.099,18.2382844
11709,69.29874,113.3891,16.59877189
11710,69.26027,136.8925,20.06164862
11711,68.3563,136.5469,20.54376676
11712,68.82059,134.8073,20.00930262
11713,67.11847,123.4971,19.27205332
11714,70.16349,136.7408,19.52679987
11715,67.31192,139.7817,21.68810894
11716,65.99526,117.9879,19.04440059
11717,70.32862,133.2887,18.94455751
11718,66.35638,130.9393,20.90547159
11719,65.46699,113.0275,18.53935837
11720,67.06126,114.7648,17.93992451
11721,69.37876,133.7697,19.53709603
11722,68.55299,132.1181,19.76354474
11723,64.28602,117.6389,20.01120319
11724,66.98559,124.8642,19.56277636
11725,68.3511,129.34,19.46243455
11726,70.92088,138.3304,19.33413409
11727,65.62372,122.5121,19.99919976
11728,67.60294,131.5862,20.24111831
11729,65.45098,109.587,17.9838245
11730,65.9003,124.6232,20.17341582
11731,69.28348,142.1931,20.82449414
11732,69.00879,142.8201,21.08316622
11733,69.72132,127.0407,18.37244693
11734,68.26773,136.2919,20.55864307
11735,65.26077,107.3359,17.71723476
11736,66.6262,136.8962,21.67986781
11737,68.5705,121.4571,18.15948801
11738,71.51468,139.7799,19.21364008
11739,67.97982,121.0927,18.42100274
11740,68.26653,134.6471,20.31125099
11741,66.37001,133.1274,21.24608962
11742,65.56004,114.0317,18.65101641
11743,68.20536,128.2957,19.38788409
11744,70.14549,138.6955,19.81610017
11745,66.01422,114.0106,18.39185625
11746,65.59692,127.598,20.84645899
11747,66.31345,109.8002,17.55315591
11748,70.52695,151.5058,21.41284525
11749,65.76106,113.6272,18.4714088
11750,69.682,135.5456,19.62454223
11751,68.90157,141.6732,20.97900047
11752,63.87521,128.004,22.05536169
11753,69.44937,144.3768,21.04340995
11754,70.3846,166.7687,23.66543952
11755,69.16422,138.4332,20.34382522
11756,71.0881,151.926,21.13457968
11757,64.77026,106.4436,17.83707336
11758,69.03944,115.6827,17.06197186
11759,68.3332,121.3881,18.27544333
11760,67.65971,131.6348,20.21462918
11761,65.95743,129.7027,20.95930567
11762,68.25092,114.8441,17.3319327
11763,70.46955,127.5134,18.05128631
11764,69.87183,154.5964,22.26129709
11765,70.761,128.8214,18.08653679
11766,67.36771,123.046,19.05984022
11767,68.31548,114.5312,17.25205714
11768,65.10293,133.1303,22.08163192
11769,65.23562,107.844,17.81483171
11770,70.83969,136.9762,19.18876989
11771,68.39903,129.656,19.48265134
11772,68.20073,118.2019,17.86494716
11773,66.94098,139.2128,21.83988572
11774,66.07977,131.8414,21.22609412
11775,63.36659,123.006,21.53579694
11776,68.65857,126.6649,18.88957131
11777,67.37221,137.1801,21.2463755
11778,68.43509,136.8554,20.54279716
11779,66.22392,122.5205,19.6396759
11780,71.65466,141.219,19.33568568
11781,66.69573,125.1122,19.77237894
11782,66.8559,122.1614,19.21364876
11783,68.02755,134.7933,20.47641724
11784,67.70778,122.2427,18.74567615
11785,63.85135,120.1494,20.71747214
11786,69.93291,133.902,19.2477154
11787,65.84544,129.7101,21.03186139
11788,66.74059,135.5989,21.40086899
11789,66.49611,132.8285,21.11806457
11790,68.53937,136.0357,20.35766692
11791,68.24023,126.5821,19.10938268
11792,70.03063,139.0857,19.93708861
11793,67.70792,122.902,18.84670056
11794,67.72492,117.4035,17.99448277
11795,68.84977,133.9518,19.86547214
11796,68.71268,126.3643,18.81507464
11797,68.0793,130.2869,19.76177328
11798,68.30545,131.6604,19.83808659
11799,70.86867,126.5751,17.71719803
11800,68.31463,113.4925,17.09602116
11801,67.62648,110.1234,16.9278332
11802,71.14779,142.3998,19.77615582
11803,67.34629,107.1787,16.612556
11804,66.62532,120.6675,19.11027885
11805,66.68854,122.4703,19.35903422
11806,69.90665,159.966,23.01155827
11807,65.51279,108.7832,17.81824658
11808,67.47262,117.2175,18.10058582
11809,66.25672,116.7766,18.7004168
11810,68.30086,127.6778,19.2405894
11811,68.31294,138.8446,20.91598711
11812,68.45399,108.1145,16.21965958
11813,68.64421,140.159,20.91069621
11814,65.31594,106.6611,17.57612046
11815,68.32665,139.0646,20.9407224
11816,69.77082,136.0617,19.64914075
11817,66.20932,133.0581,21.33822979
11818,68.43401,119.8631,17.99272129
11819,65.25387,116.2822,19.19800136
11820,71.7355,162.0943,22.14393556
11821,67.76721,148.8833,22.79093274
11822,70.51655,141.3628,19.9851932
11823,70.4336,136.7627,19.38042149
11824,64.25671,114.8728,19.55850075
11825,69.37609,128.0026,18.69624872
11826,71.07934,134.5151,18.71714439
11827,71.70178,124.1645,16.97824885
11828,67.3987,111.3275,17.22878859
11829,63.62986,113.608,19.72614877
11830,67.13345,116.9574,18.24337132
11831,68.70886,129.1443,19.23114232
11832,67.71809,123.3103,18.90363307
11833,67.72767,128.2164,19.65018456
11834,70.07335,132.9222,19.03036355
11835,64.20874,124.7975,21.28006329
11836,70.10636,114.9911,16.44768258
11837,65.16199,110.9849,18.37513516
11838,68.53018,125.2053,18.74192921
11839,69.79457,131.1487,18.92674989
11840,67.28489,105.2101,16.33720147
11841,69.49036,129.6225,18.87063851
11842,65.42646,111.7143,18.34666994
11843,66.31501,105.8468,16.92035143
11844,65.73484,104.5094,17.00276135
11845,71.30941,152.3587,21.06342046
11846,70.22624,147.9016,21.08285222
11847,68.04495,130.2388,19.77442721
11848,70.27278,138.2409,19.67966079
11849,66.97106,135.2028,21.19174234
11850,68.55277,123.7852,18.51714519
11851,66.17403,118.887,19.08598267
11852,71.37583,143.3104,19.7756465
11853,68.1764,130.5409,19.74393887
11854,66.28408,142.1004,22.73694754
11855,68.15962,113.7851,17.21814653
11856,70.00181,137.8272,19.77296144
11857,65.30659,129.8103,21.39688061
11858,65.67376,120.5005,19.64085597
11859,68.92178,119.6501,17.70742539
11860,67.6359,140.8418,21.64374184
11861,67.91694,119.803,18.25857154
11862,67.48812,130.9508,20.21197817
11863,69.30675,115.0445,16.83720959
11864,67.86395,132.5698,20.23585962
11865,65.71274,124.7391,20.30760834
11866,67.33136,126.6475,19.63890064
11867,69.31735,122.5178,17.9254725
11868,67.52153,136.845,21.10083832
11869,67.79825,120.662,18.45393032
11870,69.26416,131.5304,19.27366573
11871,66.49667,109.7068,17.44171066
11872,66.038,110.9574,17.88643435
11873,68.29789,116.7817,17.60011658
11874,69.05551,130.8969,19.29692071
11875,65.0319,133.1258,22.12914682
11876,69.31651,138.9581,20.33133122
11877,66.21304,128.8419,20.65976561
11878,66.18026,122.4841,19.65975505
11879,68.86646,120.4853,17.8596881
11880,67.86276,148.8508,22.7218381
11881,67.17639,121.491,18.92631695
11882,66.17,112.3456,18.03803078
11883,69.25778,118.8957,17.42546356
11884,72.80628,150.9784,20.02315275
11885,67.49802,145.0319,22.37879999
11886,68.53323,106.9801,16.01238129
11887,67.72701,110.8524,16.98934437
11888,67.403,123.071,19.04375568
11889,70.97371,137.9285,19.2492726
11890,65.88602,127.0234,20.57086295
11891,64.69625,116.2922,19.53204404
11892,65.07999,107.0743,17.77238095
11893,67.33598,107.7602,16.7078029
11894,67.17823,120.969,18.84396555
11895,68.2152,122.5298,18.51120695
11896,68.27877,120.1926,18.12431815
11897,70.32072,125.2459,17.80542012
11898,68.84149,118.773,17.61864593
11899,65.41384,127.5122,20.94921602
11900,66.90698,122.5176,19.24026064
11901,66.92565,109.6505,17.20999506
11902,72.16852,125.865,16.98887837
11903,67.58419,124.551,19.16956763
11904,71.05097,139.1868,19.38265888
11905,68.65329,121.3343,18.09740083
11906,71.13818,125.2209,17.39508863
11907,69.83064,113.8154,16.40832726
11908,69.24294,128.4726,18.83713454
11909,70.80795,148.2193,20.78241633
11910,71.4514,142.4792,19.6193813
11911,68.34795,137.6452,20.71406859
11912,66.96807,123.2171,19.31482343
11913,67.35193,135.7481,21.03725128
11914,66.3123,119.4157,19.09099531
11915,68.38857,153.2032,23.02799445
11916,68.72186,120.7069,17.96791195
11917,64.6156,124.8206,21.01681145
11918,71.04385,149.3598,20.8034839
11919,65.5576,112.7,18.43457582
11920,71.7762,137.0197,18.69723615
11921,67.66805,129.1137,19.82258683
11922,70.38662,113.1486,16.05551677
11923,65.05914,117.2483,19.47355508
11924,69.29376,144.4311,21.14597862
11925,68.92487,123.064,18.2110271
11926,73.23153,140.2285,18.38211158
11927,67.98518,122.4877,18.63027654
11928,66.02174,106.7391,17.21491686
11929,62.50806,121.7353,21.90280893
11930,67.11208,124.9627,19.50447779
11931,67.2525,131.7284,20.47471548
11932,66.86219,107.2551,16.86599947
11933,66.11034,111.458,17.92783264
11934,69.21797,134.1583,19.68498802
11935,66.86285,109.4149,17.20529107
11936,66.72363,103.4764,16.33944516
11937,67.91114,123.3007,18.79484833
11938,70.15546,129.1033,18.44037359
11939,65.1448,108.0862,17.90465938
11940,69.16116,125.1179,18.38866639
11941,69.14544,144.9626,21.31494448
11942,66.79109,114.8214,18.09427143
11943,68.56128,127.5046,19.06879914
11944,67.77908,120.1861,18.39154561
11945,65.8903,108.1277,17.50851531
11946,64.91798,117.1005,19.53368045
11947,65.51983,115.2811,18.87851864
11948,70.39488,121.3756,17.2188669
11949,68.71595,120.2871,17.90850241
11950,69.40879,142.2191,20.75316333
11951,63.95804,93.96913,16.1491712
11952,68.49986,131.1487,19.64897714
11953,65.03967,114.2779,18.99157216
11954,67.09578,123.9914,19.36227913
11955,70.39063,119.3835,16.93830418
11956,69.13445,124.7073,18.3424852
11957,69.81349,127.3314,18.36589686
11958,67.15358,107.2308,16.71616044
11959,66.3247,110.6354,17.68067523
11960,67.2547,133.9845,20.82402159
11961,67.30359,114.8441,17.82327685
11962,68.31411,126.3453,19.03240131
11963,66.84937,121.8716,19.17181371
11964,66.02415,111.5549,17.99029723
11965,69.15659,122.1897,17.96068028
11966,68.93022,109.462,16.19568699
11967,66.03322,102.562,16.53548186
11968,67.12476,120.4642,18.7952382
11969,70.94314,133.0277,18.58132133
11970,67.95293,137.02,20.86041352
11971,68.2514,152.4285,23.00373588
11972,69.5022,126.022,18.34022203
11973,72.63806,146.3356,19.49740641
11974,67.81132,131.4317,20.09329006
11975,71.26903,166.1956,23.00239998
11976,67.11464,124.0268,19.3569235
11977,67.08781,117.2354,18.31162409
11978,66.62197,140.1115,22.19188363
11979,69.37986,139.854,20.42506179
11980,65.72499,112.01,18.22850555
11981,68.05531,108.54,16.47483634
11982,71.06203,142.837,19.88478162
11983,67.01009,135.9007,21.27632503
11984,67.96128,130.9758,19.93532338
11985,69.62918,143.2022,20.76454665
11986,71.18686,128.6857,17.85196145
11987,67.21088,125.6535,19.55468173
11988,69.75744,138.2061,19.96647821
11989,67.93962,108.2722,16.49020518
11990,64.2564,119.722,20.38433311
11991,70.57913,130.738,18.45034794
11992,70.59481,124.6141,17.57830367
11993,69.45839,148.5158,21.64106149
11994,65.57668,125.7709,20.56064064
11995,67.43466,136.0448,21.03153287
11996,69.5304,133.8402,19.46222308
11997,68.71379,124.41,18.52348971
11998,64.83136,127.0468,21.24950371
11999,66.67627,127.5915,20.1759724
12000,67.08247,118.982,18.58739378
12001,69.6942,113.0169,16.35706732
12002,71.94501,119.7111,16.25879637
12003,67.08849,124.6879,19.47527512
12004,66.61029,125.0603,19.81491174
12005,67.39237,119.2096,18.45207013
12006,71.22979,137.0453,18.98873978
12007,68.9821,126.0012,18.61474896
12008,66.29932,109.1158,17.4511808
12009,67.58579,120.2176,18.50174067
12010,69.47049,140.8544,20.51752724
12011,67.6955,119.0652,18.26503759
12012,68.41184,125.8553,18.90446066
12013,66.40097,137.5308,21.92837487
12014,65.84222,117.4226,19.04136536
12015,65.60355,119.848,19.57633707
12016,68.17426,124.7243,18.86537903
12017,68.15865,143.2579,21.67863563
12018,70.33009,106.6697,15.16051842
12019,64.96481,107.2662,17.8674212
12020,70.00114,142.0097,20.37338112
12021,73.12757,132.9793,17.48143513
12022,69.52659,129.1657,18.78454448
12023,65.93632,114.5142,18.51677113
12024,68.30593,138.0436,20.79959047
12025,69.21721,139.1741,20.42140258
12026,69.04623,126.3741,18.63517431
12027,66.51131,122.9418,19.53727047
12028,68.41765,122.2372,18.35787516
12029,67.20049,119.9224,18.66855729
12030,70.56953,138.8804,19.60477371
12031,67.02131,120.5036,18.85947166
12032,60.86977,108.8633,20.65539472
12033,69.59968,133.8641,19.42696518
12034,66.90576,125.7039,19.74135964
12035,65.4273,104.4564,17.15427556
12036,65.45238,118.7077,19.47974777
12037,66.18847,114.58,18.38651662
12038,69.48939,130.0937,18.93976526
12039,67.59082,110.7189,17.03733476
12040,69.67,119.2428,17.27014044
12041,71.81069,132.4703,18.05908098
12042,70.21365,139.1803,19.84677715
12043,64.64602,111.6086,18.77454415
12044,65.31384,123.2647,20.31344638
12045,69.30209,143.2325,20.96545214
12046,67.21984,126.4004,19.6656735
12047,67.89698,105.7861,16.13180695
12048,66.44468,128.4753,20.45759314
12049,66.30217,125.448,20.06150829
12050,66.29508,123.2967,19.72169236
12051,71.81034,120.6109,16.44250253
12052,63.62293,130.8869,22.73129486
12053,70.64303,135.5782,19.0988207
12054,70.85476,131.1407,18.36347042
12055,69.81498,141.8795,20.4633974
12056,66.1487,120.3851,19.34128996
12057,71.03088,146.4631,20.40746953
12058,66.13556,114.9154,18.46985507
12059,65.64932,132.7519,21.65387406
12060,68.58104,133.0067,19.88019821
12061,67.22079,145.6399,22.65836001
12062,66.40365,123.1849,19.6394308
12063,68.52532,125.7403,18.82468305
12064,69.32648,119.6727,17.50459693
12065,65.36659,116.2944,19.13385455
12066,69.04615,133.2845,19.65423015
12067,71.37994,141.1697,19.4780044
12068,67.13772,110.8047,17.28145601
12069,67.3967,124.7118,19.30125764
12070,63.83814,110.9801,19.14432186
12071,68.25068,132.5773,20.00831563
12072,66.36931,115.305,18.40216244
12073,70.85914,137.5541,19.25914977
12074,67.20268,119.3535,18.57878455
12075,65.63288,113.8987,18.58793601
12076,71.2199,143.6782,19.91331137
12077,67.34903,113.7846,17.63502671
12078,67.8991,110.5785,16.86156899
12079,65.07971,133.4616,22.15238211
12080,69.51681,128.293,18.66287795
12081,66.2851,111.2819,17.80524793
12082,69.68337,134.4863,19.4704092
12083,69.65526,151.1571,21.90160999
12084,67.96292,133.2323,20.27779791
12085,71.32203,140.7135,19.44660079
12086,69.05447,138.7171,20.45039653
12087,67.94235,131.865,20.08185078
12088,68.32092,127.3932,19.18642941
12089,69.87217,129.7374,18.68151327
12090,66.83557,137.7577,21.67983116
12091,70.46217,154.0255,21.80900864
12092,67.69032,133.0156,20.40820314
12093,69.10601,133.5459,19.65867518
12094,70.29157,128.9032,18.34055766
12095,70.35631,116.5879,16.55780247
12096,67.3204,106.7376,16.55691362
12097,71.18881,145.0456,20.12039106
12098,65.71934,130.1984,21.19212884
12099,67.40796,120.6435,18.66538211
12100,65.05988,111.5235,18.52231219
12101,68.22719,108.8273,16.43532172
12102,69.53688,135.964,19.76736841
12103,69.94726,125.3808,18.01544308
12104,66.26851,119.7967,19.17722519
12105,66.05849,118.3292,19.06294387
12106,64.25245,109.5647,18.65720546
12107,68.5623,130.1006,19.45646192
12108,67.73521,119.7671,18.3511758
12109,69.59796,141.5493,20.5432916
12110,67.46095,123.7306,19.11294185
12111,68.62535,111.0908,16.58304482
12112,71.25126,142.7636,19.76913733
12113,67.24688,126.8263,19.71607078
12114,67.55773,125.1369,19.27483283
12115,68.57922,112.0673,16.75132448
12116,67.45327,124.3866,19.21865123
12117,72.5565,145.2378,19.39466743
12118,69.50107,122.6854,17.85522086
12119,70.01967,134.8425,19.33490318
12120,67.2572,132.8406,20.64470052
12121,65.22247,118.3554,19.55910235
12122,72.80624,139.7892,18.53923197
12123,69.13179,117.918,17.34522051
12124,67.43053,121.0933,18.72243335
12125,67.28059,131.4824,20.41941827
12126,70.001,138.0392,19.80383368
12127,64.33997,106.0198,18.00448061
12128,67.26735,124.0488,19.27255326
12129,69.17724,130.3436,19.14778645
12130,66.7465,106.6506,16.82912876
12131,69.03417,148.2146,21.86341991
12132,68.34615,133.4005,20.07634599
12133,66.00974,106.4586,17.1759209
12134,69.21559,134.4881,19.73473653
12135,67.07331,130.6017,20.40819886
12136,70.63793,130.712,18.41598094
12137,67.24595,135.5243,21.06882089
12138,68.10686,117.8123,17.85518045
12139,66.90742,111.9697,17.58357883
12140,70.15059,158.4821,22.63981566
12141,71.65992,136.2884,18.65784926
12142,66.80315,125.755,19.81010164
12143,67.04952,106.7259,16.68913411
12144,70.5931,130.7728,18.4479554
12145,65.84071,122.6521,19.89029858
12146,68.79573,116.2171,17.26244836
12147,68.12082,138.7471,21.01936082
12148,64.31209,135.5388,23.03741334
12149,67.99862,128.5274,19.54118288
12150,68.44172,126.6112,19.00140084
12151,71.00788,143.4924,20.00650059
12152,64.07458,121.5426,20.81192783
12153,66.81797,117.2431,18.46103576
12154,68.00128,137.5348,20.90902347
12155,65.46423,124.8913,20.48704792
12156,67.39722,129.1587,19.98918208
12157,66.27501,100.1148,16.02337531
12158,69.6573,140.3259,20.33105372
12159,67.86229,122.4027,18.68483647
12160,68.5617,121.4645,18.16525659
12161,66.77693,130.2914,20.54083896
12162,62.89638,120.599,21.43126128
12163,67.09047,118.2317,18.46577717
12164,67.9903,114.796,17.45774581
12165,70.70392,130.7639,18.38891919
12166,67.82304,134.663,20.58017703
12167,67.15786,114.8141,17.89603635
12168,65.92163,115.4548,18.67718599
12169,70.02526,125.8528,18.04299992
12170,71.12524,140.4603,19.51917362
12171,62.74696,126.8135,22.64307654
12172,68.94674,140.2945,20.74763017
12173,65.25058,127.0436,20.97680611
12174,67.14245,120.5611,18.80044626
12175,68.68723,130.8492,19.49729629
12176,68.62073,145.2174,21.68020149
12177,68.11324,116.5409,17.65918329
12178,66.86238,119.1125,18.7304841
12179,65.40349,101.3363,16.65399851
12180,66.2707,103.4722,16.5628814
12181,66.86583,116.1746,18.26661314
12182,71.66678,134.8888,18.46270932
12183,68.00017,125.8476,19.13287639
12184,68.66882,139.4216,20.78577483
12185,70.35973,129.0875,18.33121228
12186,67.76052,131.0901,20.07112702
12187,69.21882,134.1076,19.67706556
12188,67.74631,105.6764,16.18683892
12189,64.15971,129.8562,22.17651152
12190,67.62334,110.6548,17.01109806
12191,67.89328,117.09,17.85753665
12192,65.48471,129.224,21.18452291
12193,68.32528,103.4745,15.58209405
12194,68.2654,143.7801,21.68966417
12195,72.42057,144.387,19.35350106
12196,66.91696,123.0398,19.31650432
12197,69.43684,137.6724,20.07346346
12198,68.85114,133.1969,19.752732
12199,68.37809,122.8097,18.46520206
12200,66.05187,130.5855,21.0416623
12201,71.2338,125.9994,17.45627507
12202,67.45676,108.6551,16.78628086
12203,67.2524,153.3825,23.84051114
12204,68.11876,124.9622,18.93217543
12205,70.95119,140.1531,19.57215586
12206,66.29131,130.8994,20.94014952
12207,70.1926,135.1047,19.27716318
12208,67.35325,134.6156,20.86092699
12209,64.46167,135.8058,22.9757945
12210,70.85183,143.2765,20.06449091
12211,64.58449,122.8244,20.70062735
12212,67.11487,128.9426,20.12399689
12213,68.2263,127.832,19.30595411
12214,67.15835,127.2791,19.83866234
12215,66.82518,132.5872,20.87260477
12216,69.46473,119.5371,17.41523489
12217,67.51664,125.0381,19.28306425
12218,67.11773,118.6122,18.51015974
12219,69.12468,136.3269,20.05721439
12220,69.29808,118.53,17.35166704
12221,66.9325,127.2762,19.97231615
12222,70.25476,131.7454,18.7645985
12223,69.99264,148.4428,21.30147679
12224,68.38126,127.1378,19.11418651
12225,69.74475,139.2463,20.12407584
12226,70.44609,123.8717,17.54743476
12227,66.91785,118.0017,18.52506032
12228,64.7893,122.4913,20.51417204
12229,71.65016,134.6808,18.44279264
12230,65.12654,114.3412,18.9514332
12231,68.05579,127.2138,19.3089826
12232,65.79014,125.9146,20.4507761
12233,66.94808,132.2477,20.7427914
12234,65.67741,121.675,19.83008811
12235,69.03795,108.3441,15.98029592
12236,69.86852,151.5482,21.82443552
12237,64.77588,113.1183,18.95228381
12238,70.23879,127.2366,18.13064847
12239,67.63708,124.7167,19.16506231
12240,67.51121,138.459,21.35623701
12241,67.82751,112.3725,17.17131755
12242,70.58388,156.3417,22.06069037
12243,69.66437,133.6791,19.36410416
12244,66.28256,108.6047,17.37822429
12245,65.37604,123.3283,20.28527262
12246,70.65344,138.4873,19.50287556
12247,71.38739,144.9405,19.99410978
12248,69.36593,124.3237,18.164223
12249,69.67527,148.3828,21.4872861
12250,70.3007,143.818,20.45734509
12251,65.16553,115.8163,19.17295919
12252,68.33872,132.5597,19.95414654
12253,68.38456,123.041,18.49647898
12254,65.55581,115.654,18.91880092
12255,70.17992,121.6342,17.36142188
12256,67.31808,123.3304,19.13207274
12257,68.58594,115.2254,17.2200084
12258,72.37217,134.1157,18.00079792
12259,70.20267,156.1811,22.27801759
12260,68.39107,116.6836,17.53744604
12261,70.2734,152.4301,21.6992202
12262,69.0748,138.6826,20.43327726
12263,68.4253,125.4829,18.84110855
12264,66.13668,132.1366,21.23702474
12265,67.85165,122.8117,18.75315062
12266,66.95818,114.1717,17.90220441
12267,65.98578,115.7531,18.68905088
12268,67.95387,123.3642,18.78088623
12269,66.27293,117.9091,18.8725379
12270,68.52896,127.998,19.16064951
12271,68.2623,127.3359,19.21075144
12272,66.34027,114.5888,18.3038744
12273,69.37304,137.1683,20.03676612
12274,65.26199,122.0038,20.13761613
12275,68.70917,119.6392,17.81555764
12276,65.52726,123.7422,20.25951951
12277,67.69321,124.275,19.06552985
12278,68.9238,136.1853,20.15334455
12279,66.1141,113.5469,18.26175139
12280,68.06372,127.6532,19.37116177
12281,67.59091,116.9586,17.99744682
12282,68.92378,121.6715,18.00553426
12283,69.89731,148.2053,21.32544662
12284,66.99788,114.555,17.94102508
12285,68.16828,133.9443,20.26352001
12286,68.43843,115.666,17.36044949
12287,67.78708,122.3734,18.72183866
12288,69.60158,121.3371,17.60802876
12289,68.25161,123.1813,18.58978244
12290,66.41627,98.73281,15.73504029
12291,68.20539,116.9375,17.67143171
12292,69.21756,129.3186,18.97508577
12293,64.0896,109.3183,18.70996919
12294,66.27351,127.1996,20.35921955
12295,65.67844,101.6524,16.56636799
12296,68.19255,138.3676,20.91779351
12297,69.44838,137.7202,20.07376015
12298,67.19421,103.7516,16.154236
12299,67.12478,116.941,18.24552556
12300,64.54169,125.1319,21.11750948
12301,69.53675,141.507,20.57332426
12302,67.2357,122.1695,18.99845393
12303,67.95026,129.204,19.67202368
12304,67.426,126.447,19.55280471
12305,67.28909,122.0906,18.95606734
12306,64.99608,136.7717,22.76026115
12307,65.43867,130.2553,21.38364818
12308,68.24171,120.773,18.23162493
12309,67.04762,119.6362,18.70902704
12310,66.53415,112.9701,17.94029633
12311,68.88695,121.8495,18.05116198
12312,67.83407,138.1722,21.10961181
12313,66.37759,123.5915,19.71973015
12314,65.36769,119.7125,19.6955698
12315,70.68318,135.8685,19.11797749
12316,65.49411,141.3237,23.1614548
12317,67.91316,121.3794,18.50088204
12318,70.79802,126.3383,17.719364
12319,68.51827,128.0545,19.17508915
12320,67.47969,126.4347,19.51980388
12321,65.24066,123.3877,20.37935817
12322,64.32772,118.5248,20.13576985
12323,70.41288,152.7421,21.65757696
12324,66.6237,115.2339,18.25063963
12325,65.90593,108.2655,17.5225144
12326,66.52769,112.5525,17.87745045
12327,69.31461,126.7857,18.55137181
12328,62.87739,103.6848,18.43662436
12329,68.92071,130.7199,19.34628345
12330,66.13747,108.3422,17.41236732
12331,69.99833,122.5223,17.57903813
12332,68.46595,138.7703,20.81146126
12333,69.25966,133.9125,19.62527416
12334,69.93628,128.1196,18.41475068
12335,67.01834,123.4636,19.32444048
12336,69.77194,130.8096,18.89006035
12337,68.65212,139.4811,20.80476348
12338,68.44554,111.1441,16.67828651
12339,67.88896,118.4146,18.06185144
12340,68.68925,121.2378,18.06407897
12341,65.56401,105.3675,17.23181348
12342,69.20112,139.431,20.46861325
12343,68.41482,134.6557,20.22458829
12344,69.09655,123.0012,18.11139683
12345,68.9416,128.8854,19.06322317
12346,67.9139,127.2376,19.39337754
12347,68.29377,134.5271,20.276964
12348,66.32216,134.3075,21.46536443
12349,68.20057,126.9387,19.18551063
12350,69.63237,145.2524,21.05989919
12351,68.33465,117.3751,17.67052088
12352,69.88231,143.9678,20.72460149
12353,67.11991,115.2308,17.98130349
12354,70.53097,125.8404,17.78343704
12355,67.83481,135.7228,20.73494606
12356,68.8196,128.3999,19.05880745
12357,68.0312,125.4532,19.05552004
12358,69.03316,134.1379,19.78751789
12359,67.26332,126.7256,19.69078735
12360,66.39875,135.3503,21.58215169
12361,64.7363,109.3803,18.34842064
12362,69.25052,111.9038,16.40416322
12363,69.50292,146.6922,21.34795336
12364,68.11694,128.3326,19.44384087
12365,69.37864,126.2731,18.44227964
12366,66.1219,115.3591,18.54883061
12367,65.43542,127.2422,20.89107104
12368,70.94749,144.8983,20.23692603
12369,65.68418,114.6552,18.68217845
12370,68.70422,131.8082,19.63048038
12371,68.3036,136.9984,20.64351427
12372,71.1963,141.1763,19.57953042
12373,68.57603,141.8451,21.20435098
12374,70.22202,128.7039,18.3484928
12375,67.08514,119.7705,18.70908408
12376,65.68889,120.9908,19.71168847
12377,67.51772,125.2817,19.32001354
12378,70.30046,138.3313,19.67702556
12379,68.71184,119.1353,17.73914284
12380,69.11819,133.7623,19.68359131
12381,65.66806,122.5953,19.98576484
12382,64.35738,104.8098,17.78936746
12383,69.50005,135.985,19.79138087
12384,67.99347,119.7518,18.20970724
12385,68.84027,125.351,18.59507772
12386,66.65667,127.9004,20.23671431
12387,64.57652,125.8364,21.21350035
12388,68.25611,130.0452,19.62305335
12389,70.1304,130.4494,18.64596132
12390,69.15411,137.9543,20.27937537
12391,66.00913,129.3445,20.86869413
12392,65.25623,129.8806,21.44152404
12393,65.38594,111.8541,18.39240365
12394,68.92278,118.3422,17.51335661
12395,67.05723,133.6179,20.8895338
12396,67.30535,136.954,21.2535202
12397,64.88411,140.0156,23.38056743
12398,66.28154,100.9385,16.15202547
12399,70.93763,135.4012,18.91579021
12400,70.63453,133.6095,18.82602124
12401,69.46661,128.8735,18.77442899
12402,67.96774,143.9946,21.91269894
12403,70.0157,134.9027,19.34572886
12404,68.46486,102.6906,15.40105839
12405,65.54388,108.3486,17.73022862
12406,69.57076,134.1768,19.48853798
12407,68.70712,122.7974,18.28693863
12408,66.47937,126.4091,20.10758318
12409,65.6515,138.9004,22.65528422
12410,64.8085,118.4505,19.82568875
12411,69.20954,128.4521,18.85231155
12412,71.2453,140.3166,19.4335409
12413,66.78091,133.1914,20.99553006
12414,66.66698,118.2094,18.69759609
12415,67.46012,130.3946,20.14284045
12416,68.39734,132.1677,19.8610513
12417,66.05758,106.7136,17.1921336
12418,70.74289,129.1447,18.14121279
12419,69.0472,112.5379,16.59441658
12420,65.25487,113.0535,18.6643762
12421,70.83969,136.1852,19.07796
12422,66.48308,129.5826,20.61008356
12423,64.86362,131.524,21.97647169
12424,64.89809,104.151,17.38420915
12425,66.91413,131.8421,20.70016301
12426,68.79811,138.0315,20.5012583
12427,68.26946,139.016,20.96849101
12428,68.87518,145.2094,21.51912272
12429,68.51555,116.7877,17.48936872
12430,64.25854,117.9964,20.08918762
12431,71.84377,149.3361,20.33957634
12432,71.08684,148.1875,20.61524394
12433,64.2151,121.7215,20.75144264
12434,62.63566,108.8842,19.51088071
12435,65.81205,120.7095,19.59232327
12436,67.33833,137.2586,21.27993057
12437,65.81917,113.1984,18.36922402
12438,67.99186,114.8133,17.45957552
12439,69.11226,137.8176,20.28382328
12440,71.84641,132.2059,18.00511988
12441,72.71856,134.3143,17.8561176
12442,67.57166,127.0006,19.55383389
12443,66.86178,124.9583,19.65009095
12444,67.18912,131.2947,20.44582382
12445,67.68132,122.2843,18.76672052
12446,66.23406,113.5248,18.19212017
12447,64.74007,87.3791,14.65603734
12448,67.97426,120.9928,18.40881679
12449,70.57709,131.9995,18.62945353
12450,72.00389,147.4338,19.99127369
12451,67.60891,130.389,20.05341821
12452,66.68001,118.2663,18.69928593
12453,70.70574,124.06,17.44527252
12454,67.75154,123.0129,18.83942483
12455,69.21119,134.49,19.73752466
12456,70.08521,120.7698,17.28466291
12457,68.45585,122.5019,18.37710154
12458,68.86915,129.1183,19.13787346
12459,67.92791,117.2508,17.86383237
12460,70.4825,136.7279,19.34861435
12461,69.32572,122.6077,17.93429434
12462,67.52547,148.9945,22.97155162
12463,65.62965,131.0125,21.38296291
12464,67.89239,128.1211,19.54041527
12465,68.12894,116.1115,17.58600923
12466,69.54996,146.4172,21.27911949
12467,66.8999,125.8277,19.76426399
12468,67.60053,113.744,17.49780692
12469,65.23102,127.9767,21.14354933
12470,68.51538,127.1196,19.03670155
12471,71.76225,123.2438,16.82396328
12472,66.54347,132.6527,21.06010495
12473,66.45278,123.5997,19.67643583
12474,69.74047,128.9735,18.64172388
12475,68.15836,129.8696,19.65280585
12476,66.03258,120.1757,19.37561307
12477,64.73717,113.7689,19.08409034
12478,65.58498,112.9359,18.45774158
12479,66.54497,122.2424,19.40647806
12480,69.41557,140.4464,20.49048076
12481,70.6516,148.6669,20.93753776
12482,69.55188,132.2138,19.21384866
12483,67.89495,132.9517,20.27562612
12484,67.31471,138.8578,21.54297349
12485,63.75295,118.195,20.4434345
12486,67.2233,125.6088,19.54050283
12487,67.54931,126.4352,19.4796653
12488,66.91107,122.745,19.27361526
12489,69.09424,122.6279,18.05763738
12490,67.09958,118.5781,18.51485046
12491,70.47341,140.9829,19.95589418
12492,69.68349,127.9623,18.52582577
12493,68.56579,133.3859,19.94574581
12494,67.43454,123.6383,19.11364657
12495,66.55213,115.8177,18.3825748
12496,68.0387,138.3228,21.00569631
12497,69.78338,124.3807,17.95578183
12498,67.94391,131.2025,19.98004048
12499,66.63849,126.9132,20.09147514
12500,68.45079,127.414,19.11681536
12501,70.07106,113.5241,16.25421567
12502,69.31026,114.3171,16.72905726
12503,71.75837,135.6142,18.5146438
12504,69.71622,140.662,20.34531647
12505,66.99944,130.037,20.3647893
12506,72.48928,138.7557,18.56344542
12507,66.28225,117.5711,18.81314582
12508,66.00195,130.7777,21.10452037
12509,68.5202,118.5414,17.74958213
12510,67.26404,121.9478,18.94800097
12511,65.81057,120.8452,19.61523092
12512,68.39663,140.8006,21.15877024
12513,69.54723,139.1849,20.22962222
12514,68.82906,126.3249,18.74565463
12515,67.68691,121.9448,18.71152714
12516,68.60051,110.8007,16.55172036
12517,67.02558,127.5396,19.9581009
12518,69.32334,139.7775,20.44719016
12519,67.76623,123.344,18.88194388
12520,66.76197,109.2005,17.22351015
12521,67.098,117.2866,18.31405741
12522,68.96237,136.63,20.19654292
12523,66.68073,136.6551,21.60630378
12524,70.07508,129.9514,18.6041179
12525,66.38605,126.2915,20.14539509
12526,69.05442,131.9593,19.45415467
12527,69.49012,140.5831,20.46644051
12528,68.12397,128.8785,19.52252105
12529,68.40195,139.1229,20.90340242
12530,69.40097,132.3228,19.31340849
12531,69.55725,143.996,20.92285504
12532,68.71036,126.5518,18.84426504
12533,65.21573,116.8032,19.30657988
12534,69.36761,135.5201,19.79910576
12535,69.12651,139.0078,20.45056132
12536,66.89099,137.6137,21.62129735
12537,65.4888,134.2944,22.01299642
12538,68.20845,135.3887,20.45791558
12539,66.29682,111.8809,17.89476013
12540,67.53607,111.545,17.19229533
12541,67.54041,125.1986,19.29422826
12542,69.88988,144.1664,20.74869512
12543,68.55332,110.9255,16.59318424
12544,67.19021,125.038,19.47086953
12545,67.35534,131.0543,20.30778396
12546,71.49612,138.8885,19.10102464
12547,68.82757,130.4426,19.35752809
12548,69.11661,119.6437,17.60679479
12549,64.63422,127.7079,21.49057642
12550,64.58205,100.557,16.94899612
12551,65.9946,124.2257,20.05164356
12552,69.0528,129.5877,19.10541696
12553,69.80507,154.9924,22.36102949
12554,68.4173,144.9684,21.77192392
12555,67.12852,116.2219,18.13130867
12556,66.85993,117.9136,18.54331555
12557,68.75888,125.4433,18.65285042
12558,66.11846,131.5019,21.1466654
12559,64.64742,112.8034,18.97470882
12560,65.59808,122.1915,19.96246028
12561,69.41123,132.3657,19.31395899
12562,69.86767,118.2363,17.02760767
12563,67.74429,115.3566,17.67064416
12564,69.57154,126.382,18.35596899
12565,66.93873,126.2335,19.80500754
12566,67.32014,130.6583,20.2675992
12567,67.45694,113.2988,17.50359926
12568,70.22599,135.254,19.28011865
12569,66.03134,111.0406,17.90345725
12570,68.38498,119.4007,17.94902033
12571,68.63206,127.0706,18.9647157
12572,71.10527,128.6674,17.89040905
12573,68.03731,116.0219,17.61980222
12574,66.68726,121.7474,19.24550329
12575,66.76614,104.8083,16.52869113
12576,70.56704,122.4718,17.28970662
12577,64.74464,99.72601,16.72461494
12578,67.86554,108.1438,16.50662681
12579,66.55172,121.0529,19.21374201
12580,70.99403,138.9722,19.38383026
12581,68.30178,125.0544,18.84474469
12582,67.90843,134.2875,20.47121096
12583,68.97747,128.9206,19.04860258
12584,66.45071,117.6418,18.72913563
12585,66.34292,112.5733,17.98049142
12586,68.24008,135.0878,20.39352968
12587,66.51948,113.9957,18.11115317
12588,64.81528,121.5109,20.33366947
12589,65.92603,107.3163,17.35829914
12590,68.65183,130.1741,19.41671124
12591,65.82599,107.6702,17.46851736
12592,70.27704,135.9964,19.35779182
12593,68.84244,117.9071,17.48971664
12594,69.4594,133.9838,19.52295535
12595,67.2644,127.0181,19.73560261
12596,71.28234,134.0145,18.54142973
12597,69.14869,125.0073,18.37903844
12598,69.431,124.9502,18.22155515
12599,71.17918,135.0057,18.73274705
12600,66.45775,134.571,21.41980621
12601,67.25106,117.7898,18.30900492
12602,68.36867,135.2021,20.33407866
12603,68.58773,148.6514,22.21424051
12604,64.15953,112.875,19.27661354
12605,68.69334,138.6052,20.64931183
12606,68.72121,148.0597,22.03994948
12607,67.7996,130.667,19.98328958
12608,64.32884,109.5509,18.61057685
12609,67.22786,121.3151,18.86998746
12610,70.60144,137.5583,19.40059309
12611,68.79806,135.2602,20.08967756
12612,67.94924,120.2593,18.31069335
12613,62.57873,96.11534,17.25418862
12614,68.41549,113.0067,16.97268825
12615,69.01353,141.7589,20.92363695
12616,65.74831,139.774,22.73068536
12617,71.81629,132.7127,18.08930486
12618,69.37019,119.1947,17.4127154
12619,66.40565,115.9791,18.48949269
12620,70.68742,135.3749,19.04623824
12621,66.25324,126.0192,20.18263194
12622,68.71076,122.2045,18.19671608
12623,67.26793,116.1981,18.05253621
12624,69.09202,146.6689,21.59919572
12625,72.35308,139.6808,18.75763117
12626,69.04342,134.08,19.77309874
12627,70.73303,143.2831,20.13287371
12628,68.36911,144.1253,21.67582801
12629,72.1229,157.6616,21.30761753
12630,67.91302,120.1835,18.31867618
12631,70.73081,127.2146,17.87619233
12632,68.66401,116.9992,17.44535822
12633,65.75594,127.2348,20.68670186
12634,65.95131,105.3219,17.02264951
12635,67.46588,115.8773,17.89720915
12636,69.63874,132.5026,19.20781286
12637,68.20571,128.1029,19.35854972
12638,70.12075,143.4512,20.51003519
12639,69.33824,128.5652,18.79892984
12640,65.04011,120.0564,19.95161737
12641,67.13403,126.3556,19.70899062
12642,65.34843,117.1063,19.27814615
12643,70.1839,123.7718,17.66452797
12644,66.3978,124.6117,19.87040716
12645,68.70525,134.5751,20.04195985
12646,68.48066,133.0611,19.94667721
12647,68.83329,134.5825,19.9685652
12648,70.39459,127.3152,18.06163302
12649,65.43292,104.3383,17.13193739
12650,70.09461,135.1397,19.33610644
12651,68.76244,154.024,22.90029964
12652,69.35571,128.516,18.78227007
12653,67.04356,132.4941,20.72228918
12654,72.99632,157.8664,20.82778556
12655,67.38058,152.7149,23.64652062
12656,64.82189,116.4536,19.48340529
12657,66.06893,114.6445,18.46349881
12658,68.60001,125.1518,18.69580059
12659,67.05224,131.9155,20.62645394
12660,66.25923,107.9334,17.2829715
12661,69.41316,139.3844,20.33695198
12662,69.8588,144.9464,20.87952026
12663,69.90593,132.8098,19.1054562
12664,69.7052,132.7173,19.20226715
12665,69.63663,140.4612,20.36273963
12666,67.99399,117.8776,17.92443834
12667,69.70857,126.5658,18.31046385
12668,69.33609,133.7583,19.55948299
12669,71.24983,137.2504,19.00646188
12670,65.96176,107.8183,17.42060906
12671,67.58381,135.656,20.87896613
12672,69.98799,129.377,18.56800991
12673,69.93978,147.0146,21.12843199
12674,68.58929,115.6961,17.28866384
12675,69.65638,131.1921,19.0082094
12676,68.67033,126.5642,18.8680898
12677,69.2782,131.6396,19.28184949
12678,67.07981,125.7229,19.64201632
12679,67.70003,136.0609,20.86944704
12680,68.54715,120.4416,18.01992735
12681,69.91993,135.924,19.54562229
12682,66.98397,126.9148,19.88501062
12683,65.48047,108.2565,17.74948396
12684,69.07402,130.6905,19.25616863
12685,63.83188,114.8563,19.81686156
12686,67.4815,122.7798,18.95452002
12687,66.69107,106.3925,16.81632021
12688,67.34666,122.1811,18.93769996
12689,68.28734,116.2769,17.52945355
12690,71.91512,132.4214,18.00002388
12691,70.24886,133.7254,19.0498109
12692,67.30216,137.5719,21.35143432
12693,70.24521,126.039,17.95671308
12694,69.1209,138.9805,20.4498641
12695,67.3079,119.5167,18.54606752
12696,68.67791,129.9471,19.36813379
12697,68.60468,115.5747,17.26277515
12698,66.93601,122.582,19.23368
12699,69.67793,132.9082,19.24494264
12700,66.9517,91.22631,14.30711987
12701,68.2565,134.6433,20.31664734
12702,70.76077,148.3999,20.8354955
12703,70.30436,136.2413,19.37758211
12704,69.60703,126.7617,18.39234787
12705,66.90735,120.1773,18.87252935
12706,64.22389,117.6816,20.05721711
12707,64.36145,114.8832,19.49665961
12708,71.54765,146.309,20.09257598
12709,68.14466,119.8608,18.14549579
12710,68.54325,127.7214,19.11127271
12711,64.64412,106.2843,17.87995354
12712,66.19854,113.9223,18.27541497
12713,65.56816,141.3379,23.11149111
12714,66.58173,106.1254,16.82924042
12715,67.63379,136.1838,20.92923353
12716,70.49459,141.9638,20.08266588
12717,70.17511,124.9465,17.83664695
12718,67.13912,131.6294,20.52848679
12719,70.74149,132.4381,18.60457959
12720,69.09462,142.8177,21.03046592
12721,67.47896,127.436,19.67481671
12722,68.55825,143.5287,21.4671618
12723,69.07966,147.9838,21.80063368
12724,70.35436,121.3196,17.23075318
12725,62.70318,92.59193,16.55576786
12726,67.59562,138.9259,21.37476912
12727,68.14798,140.0075,21.1934008
12728,69.27571,155.7563,22.81597204
12729,69.07472,120.2972,17.72444225
12730,69.09439,117.6279,17.32128449
12731,68.6144,130.4149,19.47385795
12732,62.398,89.1971,16.105148
12733,69.12922,139.877,20.57682296
12734,67.33389,126.0962,19.5519426
12735,65.08376,131.736,21.86324028
12736,71.12569,137.2863,19.07785486
12737,68.07031,117.5196,17.82995195
12738,65.54023,117.5058,19.23086001
12739,70.37267,124.7668,17.71113135
12740,65.68487,124.5331,20.29127958
12741,65.1396,127.773,21.16919006
12742,72.15147,148.5491,20.06018724
12743,65.05276,103.6491,17.21826573
12744,65.00704,95.01295,15.80583138
12745,69.52238,134.7143,19.59384921
12746,66.51322,114.55,18.20264387
12747,70.00383,138.3081,19.84080722
12748,65.98143,123.4941,19.94151213
12749,66.13459,101.1344,16.25537139
12750,69.87842,138.228,19.90055534
12751,66.66719,126.0355,19.93535223
12752,66.89316,139.7169,21.95031927
12753,68.49506,122.879,18.41257346
12754,66.52004,126.5041,20.0980963
12755,67.96291,114.4191,17.41445632
12756,66.29951,126.7682,20.27425999
12757,70.03377,120.3446,17.24911913
12758,66.20352,107.0425,17.16917417
12759,68.22162,124.1618,18.75423135
12760,68.33014,132.5046,19.95086176
12761,66.68585,130.3999,20.61413904
12762,65.81999,112.6146,18.27403278
12763,66.79436,119.7033,18.86174471
12764,70.05224,115.3835,16.52931971
12765,66.30361,124.7241,19.94487662
12766,65.92122,121.5372,19.66138373
12767,71.33496,138.7443,19.16750702
12768,65.93792,131.6449,21.2857461
12769,66.80261,119.4744,18.82102716
12770,67.88451,127.7094,19.48214693
12771,68.57765,124.3734,18.59163713
12772,67.63851,131.859,20.26175403
12773,67.44645,128.5003,19.85826377
12774,70.78508,132.6894,18.6169315
12775,66.20549,114.1363,18.30590087
12776,64.01757,101.5315,17.41637461
12777,69.51099,144.765,21.06259863
12778,66.19759,100.7474,16.16236144
12779,68.114,137.3945,20.81861831
12780,68.89748,114.6844,16.98450902
12781,66.08796,128.0759,20.61474888
12782,65.69337,140.7693,22.93085211
12783,66.84988,130.5163,20.53141183
12784,68.13243,126.5235,19.16102621
12785,65.85355,121.6208,19.7153639
12786,66.46148,111.3949,17.72885209
12787,70.16892,135.7384,19.3806557
12788,70.47648,126.461,17.898784
12789,68.83992,125.6376,18.63778265
12790,68.16224,124.5737,18.84924592
12791,69.75698,115.3657,16.66697139
12792,67.07932,121.7021,19.01411404
12793,66.45796,133.9175,21.31565322
12794,68.10467,124.2443,18.83120073
12795,70.18297,148.1467,21.14383794
12796,71.06812,136.7636,19.03602187
12797,66.12689,137.2242,22.0612358
12798,70.02419,132.5,18.99656227
12799,63.95983,110.9671,19.06930917
12800,68.29421,138.0009,20.80029395
12801,66.78712,125.2584,19.74134565
12802,70.31549,118.2843,16.8182349
12803,67.87672,115.7531,17.66225946
12804,64.98948,115.7612,19.26780405
12805,65.73625,103.3949,16.82072038
12806,67.18713,113.77,17.71784521
12807,63.7027,111.5551,19.32542594
12808,72.22326,146.7823,19.78221139
12809,68.74167,125.3766,18.6522684
12810,64.83708,122.7266,20.52329711
12811,67.87607,130.0423,19.84296605
12812,67.37786,118.0533,18.28096134
12813,65.1186,129.3106,21.4377569
12814,69.23622,125.7028,18.43459404
12815,65.09077,111.4222,18.48792778
12816,70.31072,126.3652,17.96965436
12817,68.26941,129.7347,19.56857395
12818,67.6398,137.9234,21.19281515
12819,66.55938,122.7599,19.48019569
12820,68.89767,142.6513,21.12622927
12821,67.73688,138.6194,21.23875044
12822,69.4266,133.8572,19.52294212
12823,69.1415,121.8042,17.91183147
12824,70.88688,138.8487,19.42519644
12825,67.4992,134.3789,20.73428938
12826,67.48566,129.2513,19.95111839
12827,65.80458,122.6509,19.91195129
12828,69.4832,108.9489,15.86421372
12829,64.95436,112.0785,18.67501757
12830,66.4238,111.2181,17.72080155
12831,67.79983,120.5562,18.43689004
12832,70.35784,145.1015,20.60640498
12833,65.93427,124.9365,20.20329736
12834,72.14741,152.714,20.6249397
12835,69.02285,141.9567,20.94717422
12836,67.95237,114.0617,17.36544626
12837,64.88273,120.3929,20.10471731
12838,66.88904,108.9186,17.1138393
12839,68.16321,121.259,18.34717649
12840,67.31487,126.8506,19.68003326
12841,70.8218,138.0774,19.35280874
12842,69.2295,125.0231,18.33847418
12843,67.98989,116.7557,17.75598379
12844,69.10378,147.7595,21.75239744
12845,65.19866,114.6411,18.95912673
12846,70.6943,130.9471,18.41969407
12847,67.95665,141.4925,21.53896456
12848,64.71795,110.6855,18.57789705
12849,67.77693,121.1735,18.54381947
12850,66.65039,109.8503,17.3840588
12851,68.66554,114.5278,17.07609506
12852,70.60726,141.8837,20.00732898
12853,71.14677,131.3756,18.2456635
12854,66.39228,120.6284,19.23843437
12855,66.31944,115.0054,18.38196171
12856,68.59114,142.5636,21.30237064
12857,69.32005,114.6814,16.77762861
12858,69.02579,131.297,19.37257524
12859,69.92046,135.0288,19.41659981
12860,69.21391,109.8219,16.11600934
12861,70.50711,135.185,19.11692352
12862,68.22468,122.0414,18.43229835
12863,64.42053,125.1623,21.20216809
12864,66.66605,121.3495,19.19481226
12865,66.25687,134.2611,21.50025914
12866,69.05579,114.318,16.85270998
12867,63.6611,101.3054,17.57274648
12868,65.78795,140.3781,22.80142438
12869,65.16658,102.3367,16.94091543
12870,68.15122,135.4779,20.5057903
12871,69.38984,135.9126,19.84372836
12872,65.78621,122.6126,19.91685184
12873,68.2597,120.6736,18.20701892
12874,69.52348,124.3154,18.08078373
12875,68.04861,130.1638,19.76091395
12876,65.09478,133.7183,22.18471452
12877,67.92363,126.3504,19.25263472
12878,67.96986,136.9789,20.84376886
12879,68.83982,125.9746,18.6878294
12880,66.47793,119.8167,19.0597721
12881,69.22774,128.9968,18.92230133
12882,66.9221,132.8417,20.85213983
12883,68.83985,120.0603,17.81045107
12884,71.58499,167.8045,23.02051265
12885,68.54065,137.9769,20.64739522
12886,66.50759,117.7984,18.72200233
12887,69.98011,126.927,18.22049195
12888,70.8198,122.0349,17.10527193
12889,67.05275,127.4661,19.93043764
12890,68.3326,143.762,21.64429975
12891,68.9573,132.012,19.51678324
12892,67.34256,137.6082,21.33145087
12893,71.28917,128.8965,17.82991748
12894,68.7694,130.0066,19.32547847
12895,68.12962,126.3372,19.13439078
12896,66.39812,117.4012,18.72045048
12897,65.23885,137.3238,22.68237592
12898,66.44001,127.4717,20.30063975
12899,70.93311,137.8625,19.26209284
12900,67.31072,128.5575,19.94730697
12901,70.72584,130.6364,18.35960361
12902,68.11148,126.047,19.10060855
12903,68.46257,147.0739,22.05893485
12904,68.0129,114.4355,17.39135861
12905,66.96139,131.5032,20.61781914
12906,68.42376,127.3903,19.1283634
12907,69.0915,127.5051,18.77732133
12908,67.83572,130.7118,19.96885863
12909,67.0104,116.4421,18.22975926
12910,67.9803,132.8359,20.20712993
12911,69.40901,140.1526,20.45148198
12912,68.17666,143.5168,21.70634118
12913,68.82236,122.6466,18.20336663
12914,69.59401,120.2946,17.46054257
12915,69.79599,139.6795,20.15705372
12916,69.57154,123.7094,17.96779533
12917,66.17372,130.3693,20.92953404
12918,68.56311,145.1008,21.69921956
12919,68.00701,148.8339,22.6229807
12920,68.20627,120.9951,18.28413874
12921,68.41836,124.8028,18.7427941
12922,66.87925,124.0546,19.49779094
12923,67.17012,128.4136,20.00848002
12924,67.01381,134.9587,21.12650181
12925,66.27923,122.9582,19.67695594
12926,66.31152,128.7993,20.59163644
12927,67.42453,129.8299,20.0767861
12928,67.2625,129.1298,20.06484427
12929,66.85661,115.8562,18.22157452
12930,68.30887,119.1643,17.95342406
12931,67.3835,146.1098,22.62181993
12932,70.43142,150.9456,21.39158153
12933,69.94726,141.3873,20.31535017
12934,69.17938,135.8499,19.95544042
12935,66.56538,116.9042,18.54763787
12936,68.67972,143.4218,21.37536119
12937,64.81954,99.80369,16.69898345
12938,70.49047,126.5028,17.89759395
12939,68.10777,126.735,19.20695738
12940,68.41482,125.2798,18.8163767
12941,68.2052,120.8053,18.25602996
12942,64.71503,133.1455,22.34969003
12943,65.65007,114.6888,18.70707755
12944,70.11281,133.7564,19.12824607
12945,66.9713,122.9566,19.2721298
12946,67.37563,124.9457,19.3495541
12947,70.20955,119.9669,17.1089904
12948,65.60368,117.7954,19.24098288
12949,65.99327,126.8598,20.47764692
12950,64.12511,114.9245,19.64769925
12951,67.89782,113.589,17.32127832
12952,69.76854,126.3972,18.25464992
12953,66.68039,123.661,19.55202828
12954,71.3082,129.1532,17.85589191
12955,68.92387,153.6931,22.74418537
12956,70.98202,137.4036,19.17152799
12957,70.09326,121.8786,17.43934878
12958,68.2703,123.8796,18.68493093
12959,68.43097,130.4136,19.57820251
12960,67.48521,122.9673,18.98137875
12961,65.28618,124.4946,20.5335161
12962,69.12615,128.2417,18.86686981
12963,70.05579,135.7679,19.44752578
12964,66.26599,121.7592,19.49286746
12965,67.66477,126.609,19.43992942
12966,67.29123,137.2435,21.30738615
12967,68.77873,118.0382,17.54161595
12968,69.70939,137.5337,19.89673826
12969,70.67986,141.8843,19.9663328
12970,69.66769,139.9762,20.27433896
12971,67.15104,132.4239,20.64506301
12972,68.98937,135.7329,20.04823272
12973,67.42939,124.1274,19.19218945
12974,67.78729,137.1755,20.98627371
12975,64.43099,145.4739,24.63489968
12976,67.67702,121.8942,18.70922991
12977,69.99401,132.7112,19.04325359
12978,69.71816,117.6143,17.01075618
12979,69.41796,133.882,19.53142017
12980,64.96373,123.9581,20.64849156
12981,67.53047,132.6457,20.44791147
12982,69.31009,129.1492,18.89966559
12983,66.40906,134.3405,21.41448426
12984,68.40781,128.4416,19.29521658
12985,66.74614,114.8763,18.12731385
12986,67.0559,124.9848,19.54062872
12987,69.04014,111.9708,16.51417108
12988,69.84443,135.6318,19.54579302
12989,68.11787,109.8296,16.63997265
12990,67.96711,127.1728,19.35316283
12991,64.26845,109.7383,18.67746371
12992,66.38069,113.3612,18.08573798
12993,69.65186,141.0062,20.43281002
12994,67.50995,111.4264,17.18730769
12995,68.59905,149.7418,22.36980362
12996,65.38762,113.4099,18.64726885
12997,69.754,139.7871,20.1968754
12998,66.40135,122.4853,19.52924605
12999,69.97896,119.6409,17.17512983
13000,69.31752,133.772,19.57196869
13001,65.80662,144.3102,23.42681154
13002,66.85982,140.6987,22.12661624
13003,70.3717,135.4761,19.23188821
13004,66.50564,129.2973,20.55075713
13005,66.29807,121.9226,19.50014177
13006,70.79659,138.0529,19.36315756
13007,66.9188,143.6876,22.55684352
13008,67.86452,101.8559,15.54733485
13009,69.26225,135.6449,19.87767582
13010,63.83449,115.8313,19.98345007
13011,68.60409,127.3747,19.02560532
13012,67.03402,123.9735,19.39517302
13013,67.39559,119.7485,18.53371361
13014,65.21454,131.9907,21.81774124
13015,68.28765,126.7902,19.11422425
13016,69.10579,128.4257,18.90507456
13017,68.35335,130.4412,19.62684542
13018,68.07782,127.7648,19.38006655
13019,67.84152,132.4672,20.2335712
13020,65.28594,127.6072,21.0470475
13021,68.1933,122.6322,18.53857849
13022,67.74053,114.4872,17.53941397
13023,67.04758,123.7627,19.35436317
13024,65.4041,137.16,22.54098312
13025,66.17018,115.5937,18.55943958
13026,66.80868,116.272,18.31321886
13027,67.29029,125.8577,19.54025901
13028,70.09532,116.7931,16.71069319
13029,66.80156,120.9025,19.04659719
13030,66.63488,118.1354,18.70389868
13031,69.56506,125.3899,18.21526748
13032,70.60646,128.7028,18.14907289
13033,71.964,130.4404,17.70666852
13034,66.99211,106.3826,16.66397525
13035,64.63998,124.5983,20.963559
13036,64.46369,113.8868,19.26630327
13037,67.48073,118.8642,18.35045566
13038,71.0274,149.722,20.86359339
13039,66.57652,124.7905,19.79222725
13040,68.8576,130.9752,19.41961575
13041,66.25434,118.0379,18.90375741
13042,68.59622,119.9239,17.91681047
13043,70.5651,124.2969,17.54832624
13044,68.19129,135.3963,20.46936212
13045,68.631,145.9199,21.77856169
13046,66.95137,121.817,19.10487887
13047,65.73162,120.4355,19.59571765
13048,69.39596,131.8885,19.25279905
13049,68.4177,155.2243,23.31192269
13050,68.5373,118.7651,17.77420483
13051,65.89888,119.7408,19.38391128
13052,71.79395,134.9478,18.4054075
13053,64.61857,126.0336,21.21910104
13054,67.95083,135.7588,20.66968146
13055,69.24678,120.7578,17.70399795
13056,69.09927,117.0254,17.23012946
13057,68.66631,117.8159,17.56595681
13058,67.96796,128.4943,19.55377968
13059,68.36887,110.7174,16.6515398
13060,66.49471,127.7524,20.31188365
13061,66.10701,133.2153,21.42961669
13062,69.66455,150.5807,21.812275
13063,70.8961,127.1952,17.79022157
13064,63.23763,119.1795,20.95104616
13065,67.19734,117.7393,18.33042822
13066,67.85778,123.0461,18.78554864
13067,67.22801,131.9317,20.52125758
13068,69.7057,131.1593,18.97657492
13069,68.84395,107.803,15.99022633
13070,72.34677,133.7865,17.96922409
13071,71.26584,134.0578,18.55600992
13072,69.44174,122.8241,17.90596481
13073,67.29233,118.7096,18.4293507
13074,66.81163,101.159,15.93146515
13075,68.86359,128.1226,18.99335777
13076,66.49126,126.8115,20.16437841
13077,68.04236,140.7966,21.37906736
13078,70.0192,122.6033,17.58017508
13079,67.83242,130.1143,19.87951259
13080,69.44946,138.989,20.25806726
13081,67.26935,116.3762,18.07944251
13082,66.54396,127.1921,20.19287602
13083,70.04568,118.2566,16.94408034
13084,66.75437,112.4253,17.73617548
13085,64.46778,104.1932,17.62419426
13086,66.85722,111.022,17.46094496
13087,67.45724,133.9342,20.69139048
13088,69.45109,132.5114,19.31303089
13089,66.60452,129.8988,20.58510367
13090,67.06108,131.6097,20.57321371
13091,68.42116,113.0609,16.9780144
13092,69.493,116.8366,17.00795564
13093,70.46411,140.5955,19.90631187
13094,68.9279,112.8921,16.70431928
13095,64.0927,122.0211,20.88204976
13096,69.8857,120.2619,17.31038578
13097,70.98109,133.7989,18.66906379
13098,70.75683,134.2516,18.85115915
13099,69.29064,122.7467,17.97281089
13100,67.34605,118.8282,18.41834428
13101,71.60653,145.4865,19.94677844
13102,68.73423,127.9355,19.03707637
13103,70.23183,132.2244,18.84512231
13104,67.73289,128.6208,19.70912387
13105,64.52831,119.7817,20.22298294
13106,66.63655,116.8298,18.49626121
13107,69.76077,116.2196,16.78851064
13108,65.56703,127.0848,20.78154879
13109,68.77343,121.1138,18.00145403
13110,69.40668,140.9985,20.57629965
13111,69.43534,137.473,20.04525578
13112,68.30511,142.7223,21.50506555
13113,63.7744,115.913,20.03524735
13114,65.68321,128.3344,20.91171597
13115,68.33718,120.9561,18.20828297
13116,69.86703,147.7559,21.2792145
13117,65.7249,124.3421,20.23548672
13118,68.1319,130.2268,19.72216979
13119,70.9089,139.7271,19.53594725
13120,67.84388,108.6559,16.59538315
13121,67.27281,133.2515,20.69894899
13122,66.14906,124.3751,19.98211315
13123,67.9919,118.8748,18.07718362
13124,67.75147,129.3329,19.80737372
13125,69.95487,126.1978,18.12888947
13126,65.25717,130.0705,21.47225534
13127,68.78511,136.2792,20.24864788
13128,68.53751,144.8563,21.67884142
13129,66.68688,120.6248,19.06826299
13130,65.88737,129.3868,20.9527462
13131,67.70939,124.5234,19.09450889
13132,63.53168,116.9152,20.36318104
13133,69.49591,139.4006,20.29090773
13134,70.25639,133.0404,18.94816709
13135,68.33535,142.8504,21.5053215
13136,68.20992,143.3398,21.65843334
13137,71.61247,131.4263,18.01607993
13138,68.30837,133.0776,20.04991061
13139,68.79576,128.3906,19.07063736
13140,66.11011,110.656,17.79895613
13141,71.17064,151.2357,20.98978081
13142,65.96844,132.1259,21.34375639
13143,69.49436,131.419,19.1299733
13144,66.1988,130.2737,20.89834234
13145,67.05559,124.3257,19.43776208
13146,70.82173,136.5632,19.14061762
13147,67.84611,136.8583,20.90145704
13148,66.01755,112.6355,18.16819616
13149,66.2288,124.778,19.99859903
13150,66.66816,133.0192,21.03936939
13151,65.48562,131.4137,21.5428958
13152,67.62,148.1053,22.77065862
13153,68.82866,119.503,17.73354266
13154,68.43031,126.7202,19.02410174
13155,64.88057,112.4524,18.77996335
13156,70.71452,129.2147,18.1656128
13157,68.29645,126.0144,18.99237344
13158,68.57851,128.5564,19.21644013
13159,65.66804,101.8834,16.60927388
13160,68.35718,126.9565,19.10037922
13161,68.30827,121.8879,18.36408723
13162,67.97439,114.888,17.47991661
13163,65.44622,110.3052,18.10431826
13164,66.41683,135.3551,21.57116806
13165,67.76647,107.941,16.5238801
13166,70.12719,112.8635,16.13377385
13167,66.45294,119.4764,19.01993611
13168,67.25909,132.5905,20.60467454
13169,67.90183,140.1277,21.36566235
13170,65.12247,118.1968,19.59292676
13171,70.54615,137.335,19.39947254
13172,67.93419,127.8738,19.47870557
13173,68.4073,131.5761,19.76639345
13174,68.0543,125.3733,19.03045797
13175,66.81613,125.5772,19.77440775
13176,71.46482,156.698,21.56920659
13177,66.1986,130.4507,20.9268629
13178,67.78284,131.1426,20.06594383
13179,65.98122,137.0717,22.13412923
13180,71.18172,119.8668,16.63095853
13181,66.63714,107.6969,17.05005675
13182,65.21006,108.4938,17.93622512
13183,72.02198,145.489,19.71765986
13184,67.73998,130.4849,19.99058272
13185,66.80834,118.4648,18.65878192
13186,69.82781,151.5249,21.84653113
13187,69.066,134.8918,19.87981169
13188,67.74345,130.8209,20.04000552
13189,69.05112,112.3061,16.55835604
13190,65.9683,104.3853,16.86258236
13191,69.13584,129.2356,19.00776267
13192,67.40931,130.2442,20.14994913
13193,67.92429,130.3329,19.85908198
13194,68.87862,122.1128,18.09454387
13195,70.78535,147.0279,20.62853146
13196,67.94063,116.9758,17.81526184
13197,68.55731,124.1189,18.56460468
13198,67.95809,143.184,21.79553266
13199,67.14299,124.7983,19.4608874
13200,66.31973,135.487,21.65546196
13201,69.86703,123.4288,17.77572274
13202,70.34807,128.6677,18.27765555
13203,68.33013,118.3628,17.82157413
13204,69.25117,126.0558,18.47838143
13205,69.50442,119.8007,17.43371064
13206,64.7488,136.3069,22.85649947
13207,71.18038,136.9996,19.00877017
13208,68.20414,136.4564,20.62185649
13209,67.20821,138.9231,21.62146582
13210,68.09341,129.9965,19.70955495
13211,67.57946,133.9151,20.61367576
13212,66.36966,121.0705,19.32210667
13213,70.44008,115.5771,16.37523107
13214,69.59612,118.1955,17.15482178
13215,73.18845,141.6274,18.58735134
13216,64.8038,114.1008,19.10042666
13217,63.38823,116.9479,20.46117183
13218,68.42439,122.0094,18.32005392
13219,68.20646,130.3053,19.69093715
13220,68.47766,124.3275,18.63908991
13221,68.13698,109.9892,16.6548071
13222,66.5642,120.0656,19.04989064
13223,71.6742,142.782,19.5390335
13224,67.05255,128.7431,20.13022782
13225,68.85466,117.8856,17.48032114
13226,68.65248,122.2601,18.23591718
13227,64.16886,110.911,18.93569712
13228,67.16001,142.7395,22.24733487
13229,65.06853,123.8455,20.56333567
13230,69.67259,136.5818,19.77990705
13231,67.28347,135.4397,21.03219239
13232,69.90543,129.4083,18.6163971
13233,66.39269,113.8244,18.15307344
13234,69.0075,132.1928,19.5150891
13235,68.90949,128.4623,19.01835488
13236,66.02741,108.1906,17.44601857
13237,68.22004,130.7162,19.74516648
13238,70.8693,136.1507,19.05719235
13239,64.98984,117.714,19.59261962
13240,67.12295,119.9848,18.72145019
13241,67.83454,123.3862,18.85038157
13242,70.74203,140.0149,19.6686496
13243,64.27586,103.4251,17.59889832
13244,68.62938,125.9597,18.80038711
13245,71.83546,129.9557,17.70406126
13246,69.13802,124.1999,18.26596812
13247,69.14398,135.7985,19.96832098
13248,69.86294,123.7869,17.82938226
13249,68.0071,122.3199,18.59276289
13250,64.28003,119.2213,20.28416042
13251,64.80749,98.27368,16.44910001
13252,68.44135,137.1619,20.58503846
13253,67.33811,118.3226,18.34430167
13254,66.23568,111.8243,17.91874193
13255,65.38226,135.7816,22.3293659
13256,69.70013,127.6917,18.47782364
13257,70.21141,131.4104,18.74000372
13258,67.25972,127.8096,19.86134661
13259,68.19324,126.6439,19.14506966
13260,69.34903,127.2285,18.59768768
13261,70.82622,136.3402,19.10693928
13262,68.95895,145.2939,21.47936441
13263,66.35313,123.3383,19.69384225
13264,67.70155,113.0354,17.33694522
13265,66.01282,126.4426,20.39821528
13266,64.67146,121.8473,20.48075225
13267,65.26196,116.2627,19.19002339
13268,64.32105,126.3531,21.47014492
13269,68.19311,114.3672,17.28923666
13270,70.63372,138.5337,19.52030503
13271,67.32161,137.0611,21.25986737
13272,69.07423,134.9462,19.88309007
13273,67.38292,112.8386,17.47082286
13274,66.9492,110.6838,17.35995529
13275,69.37345,135.2223,19.75227202
13276,67.17327,128.3909,20.00306691
13277,64.82297,113.3591,18.9650444
13278,69.74366,131.9008,19.06308945
13279,69.05523,122.8494,18.110699
13280,68.52817,119.1168,17.83159017
13281,65.77416,135.7006,22.05090773
13282,70.49366,129.384,18.30356895
13283,71.53026,135.0245,18.55189576
13284,68.16348,110.3596,16.69790298
13285,70.15896,153.1741,21.87632552
13286,68.67804,141.0451,21.02216998
13287,64.07479,118.5714,20.30303156
13288,65.63973,99.81515,16.28614199
13289,67.91191,129.3775,19.7206938
13290,67.775,146.1935,22.37403619
13291,69.18617,132.9471,19.52520553
13292,68.01384,131.7207,20.0177271
13293,62.48941,117.7949,21.20649841
13294,67.96079,127.3995,19.39126812
13295,67.82376,134.2977,20.52391348
13296,66.92886,111.183,17.44885195
13297,67.39775,134.5976,20.83060312
13298,67.41853,143.8567,22.24983839
13299,66.08383,118.2815,19.04064859
13300,69.40233,119.7774,17.48163727
13301,68.42976,124.3332,18.66604905
13302,68.65284,126.7226,18.90133087
13303,67.71085,110.5105,16.94502982
13304,66.92357,113.5576,17.82433476
13305,67.28097,128.3507,19.9328353
13306,67.60201,132.2953,20.35075484
13307,69.39436,120.7939,17.63404638
13308,66.10454,113.4298,18.24819514
13309,68.63883,129.8796,19.38012275
13310,66.93124,119.3294,18.7260009
13311,66.52196,134.1469,21.31110125
13312,64.39478,118.0702,20.0167837
13313,67.87061,127.3809,19.43999429
13314,70.43201,121.1751,17.17230315
13315,70.40373,118.6765,16.8317285
13316,68.88718,127.3501,18.8659119
13317,69.10626,124.0148,18.25551389
13318,69.20993,131.5479,19.30645
13319,66.95677,127.1894,19.94422906
13320,68.55278,139.2787,20.83482644
13321,67.34935,121.2197,18.78718503
13322,70.08442,146.126,20.91413245
13323,66.55493,120.4965,19.12358433
13324,68.39772,134.5794,20.22323659
13325,69.17551,127.7031,18.76082902
13326,67.88832,130.9674,19.97691436
13327,69.23136,151.7222,22.25352072
13328,66.39321,136.1953,21.72051471
13329,66.29156,129.0251,20.6401596
13330,69.27872,133.8416,19.60409212
13331,67.04849,123.7323,19.3490839
13332,66.08908,120.447,19.38616478
13333,65.40789,106.4048,17.48462273
13334,64.41176,100.5481,17.03722509
13335,68.99911,147.0279,21.71041381
13336,63.96038,98.96049,17.00572264
13337,67.25019,111.6628,17.35708569
13338,70.13072,138.9752,19.86442679
13339,73.11393,154.7801,20.35495707
13340,68.46228,135.4161,20.31060734
13341,69.36312,131.0502,19.14854473
13342,64.95313,113.1035,18.84652138
13343,66.01722,106.2152,17.13276792
13344,66.2941,114.7051,18.34798155
13345,70.67693,125.1185,17.60846509
13346,67.33243,135.8197,21.06054063
13347,63.68425,127.6135,22.12013983
13348,67.05486,125.9922,19.69874073
13349,71.57334,125.7925,17.26265158
13350,70.74414,149.5795,21.01098725
13351,67.90413,123.895,18.8893375
13352,70.23876,134.9732,19.23309593
13353,66.42802,143.3147,22.83197333
13354,68.27668,120.5478,18.17899306
13355,69.23481,132.964,19.50025934
13356,66.24127,124.8096,19.99613296
13357,71.24159,150.798,20.88736708
13358,64.23067,106.6067,18.1658164
13359,68.13972,129.562,19.61698587
13360,70.5219,138.8618,19.62863532
13361,68.80228,123.557,18.34919514
13362,71.47939,122.5102,16.85644154
13363,66.25554,117.2567,18.77796809
13364,67.65893,125.1901,19.22538567
13365,66.24544,118.1862,18.93259376
13366,69.4015,117.9695,17.2181842
13367,63.68623,124.7147,21.6163264
13368,67.70352,117.4804,18.01765405
13369,64.58855,97.81632,16.48373315
13370,67.90312,121.7761,18.5668371
13371,69.31825,132.5327,19.39024027
13372,68.78074,133.8886,19.8959755
13373,65.16747,103.7879,17.18067919
13374,67.39659,123.8458,19.16729208
13375,64.41103,100.447,17.02048015
13376,71.47445,139.9332,19.25637108
13377,66.08011,114.2059,18.38663908
13378,69.12359,127.9635,18.8273356
13379,70.18251,142.0535,20.27446819
13380,69.52844,149.3159,21.71382887
13381,65.45636,124.7121,20.46257178
13382,72.1365,133.2988,18.00824668
13383,64.01521,112.954,19.37718078
13384,66.94399,121.8452,19.11351505
13385,70.76624,129.2601,18.1454428
13386,67.1248,127.1223,19.83403419
13387,70.91403,137.6657,19.24494786
13388,69.05992,96.98373,14.29558942
13389,68.87014,132.286,19.60682525
13390,70.56427,139.1888,19.65123773
13391,68.74068,140.9494,20.96963681
13392,66.04751,133.5623,21.52416515
13393,71.5113,131.3287,18.05367516
13394,67.61109,131.3793,20.20442027
13395,67.65123,120.4534,18.50218393
13396,69.26124,130.3283,19.0991276
13397,68.05308,111.5429,16.93174368
13398,70.66922,120.3896,16.94664378
13399,63.44163,115.5336,20.17971208
13400,66.15659,114.6908,18.42203842
13401,68.17946,146.4593,22.14956313
13402,67.26248,122.2184,18.99092712
13403,69.54205,135.2309,19.65786216
13404,68.23248,117.6804,17.76957938
13405,68.37902,133.9223,20.13550285
13406,63.64125,112.1593,19.4676358
13407,71.46636,141.1508,19.42832427
13408,69.26616,140.8013,20.63097563
13409,69.24025,155.7611,22.84005135
13410,67.95744,121.5092,18.49653872
13411,66.88315,123.9898,19.48533365
13412,69.59355,130.8852,18.99800006
13413,70.21228,136.9528,19.52990311
13414,66.76888,109.2297,17.22454995
13415,67.03536,134.7424,21.07908289
13416,72.72333,135.6775,18.03497911
13417,71.27092,149.2486,20.65574489
13418,70.04237,120.8985,17.32425518
13419,67.30938,125.4023,19.4585129
13420,70.92362,142.0399,19.85106879
13421,70.86617,136.8164,19.15206294
13422,71.16906,125.1008,17.36332733
13423,71.27803,126.8942,17.55843164
13424,69.02346,134.2947,19.81621688
13425,70.32898,142.0952,20.19603409
13426,64.65613,110.0386,18.50465398
13427,68.30144,116.1683,17.50585145
13428,68.02501,129.2719,19.63912925
13429,69.54645,135.4922,19.69335396
13430,69.66515,120.5153,17.45686921
13431,66.61978,120.8916,19.14895428
13432,70.70351,144.7056,20.34973296
13433,66.84578,123.4342,19.41971451
13434,66.91022,104.7945,16.45541726
13435,70.46769,117.2765,16.60298789
13436,67.7792,125.5647,19.21454086
13437,65.6698,107.2109,17.47683876
13438,66.92797,132.8552,20.85060099
13439,66.83788,142.0706,22.35703502
13440,66.2109,125.9366,20.19520689
13441,71.51674,137.7854,18.93839225
13442,69.25899,127.4162,18.67358341
13443,66.38182,128.5337,20.50567282
13444,67.98866,103.9803,15.81369753
13445,69.10657,121.7137,17.91662129
13446,66.93244,128.6671,20.19061385
13447,68.78738,111.3942,16.55009029
13448,71.69889,127.9976,17.50379777
13449,71.58625,155.8226,21.37600518
13450,70.22459,123.7852,17.64597352
13451,67.80333,129.0836,19.73896361
13452,66.99804,141.1636,22.10822393
13453,66.69938,126.4284,19.97820075
13454,67.81842,107.4346,16.42117242
13455,65.52188,102.8837,16.84725694
13456,66.26517,112.6468,18.03447695
13457,66.61056,132.1592,20.93951202
13458,69.2276,135.7117,19.90737807
13459,69.76883,131.289,18.96098023
13460,67.25415,126.2261,19.61852321
13461,71.94325,146.1599,19.85196296
13462,70.42889,131.4166,18.62532521
13463,69.14838,135.2424,19.88401922
13464,66.35698,117.5543,18.76811344
13465,67.72308,120.2195,18.42709351
13466,69.32816,144.6047,21.15039029
13467,67.18685,119.0143,18.53471496
13468,64.98016,128.0163,21.31370955
13469,69.50141,131.0541,19.07298673
13470,66.21749,117.7252,18.8746685
13471,66.87048,146.4228,23.01946105
13472,67.26667,110.8618,17.22413391
13473,68.84698,118.8636,17.6292735
13474,69.64577,137.3837,19.91136552
13475,68.42511,127.5529,19.15202295
13476,66.12824,130.6234,20.99918214
13477,66.50649,118.7096,18.8674458
13478,68.22237,117.7128,17.77974019
13479,70.89547,132.2301,18.49475912
13480,66.49191,129.8035,20.63973472
13481,65.92614,110.2858,17.83855313
13482,70.60162,133.4747,18.82456485
13483,69.90771,125.1461,18.00207195
13484,68.17237,135.0448,20.42755583
13485,67.93822,114.7389,17.47582467
13486,67.26702,127.2478,19.76975243
13487,70.93422,134.1138,18.73773955
13488,65.43279,132.7763,21.80143146
13489,68.50404,136.0545,20.38148701
13490,65.32412,124.1597,20.45449886
13491,67.15877,124.869,19.46276289
13492,64.08903,104.5371,17.89197885
13493,64.87852,119.364,19.93548567
13494,68.06382,112.3071,17.04236642
13495,67.85512,138.274,21.11205971
13496,68.69451,136.9217,20.39781026
13497,71.83913,138.6279,18.88355863
13498,72.68296,134.195,17.85773807
13499,72.97709,129.5139,17.09616194
13500,68.69342,111.9045,16.67142022
13501,68.68038,125.2037,18.65980537
13502,70.61549,135.1449,19.05263433
13503,68.58312,133.3172,19.92539925
13504,67.87132,122.0944,18.63281529
13505,67.36301,133.484,20.67957305
13506,70.012,125.7454,18.03443179
13507,71.00838,140.3572,19.56909815
13508,69.54254,153.5616,22.32219283
13509,67.29908,126.9459,19.70406127
13510,68.91619,133.2555,19.72413421
13511,66.98198,110.6282,17.3342561
13512,67.52527,131.6131,20.29185661
13513,68.68913,153.1047,22.81223393
13514,68.0705,145.1079,22.01549734
13515,65.34667,106.6298,17.5544407
13516,68.27458,129.4259,19.51903956
13517,68.43948,138.6668,20.81202871
13518,68.63517,125.4484,18.72091296
13519,65.9169,115.5298,18.69200106
13520,68.75507,121.4015,18.05385378
13521,67.50336,121.0915,18.68177783
13522,67.35686,119.5916,18.53072174
13523,68.74911,123.4175,18.35683944
13524,65.82688,125.1802,20.30880752
13525,63.66383,100.9581,17.51100086
13526,66.73418,123.5122,19.49703295
13527,68.7669,121.9292,18.12609098
13528,63.50262,115.3714,20.11269186
13529,67.76649,125.1451,19.15751575
13530,68.57622,123.7199,18.49472168
13531,69.26441,135.5441,19.86166556
13532,69.68345,122.2247,17.69518129
13533,68.79655,124.5403,18.49830402
13534,71.45548,149.4462,20.57638701
13535,67.08221,107.519,16.79677164
13536,66.30983,107.8446,17.24240731
13537,67.05289,130.3873,20.38710763
13538,66.69178,112.7728,17.8244062
13539,67.73043,122.5769,18.78435525
13540,68.00003,137.312,20.8759193
13541,66.63813,102.5589,16.2361508
13542,65.65274,108.267,17.65817091
13543,69.22019,113.4516,16.64563533
13544,64.23796,127.21,21.6717058
13545,67.5943,133.0013,20.46402516
13546,70.42984,136.3197,19.31970733
13547,67.11274,128.19,20.00780898
13548,67.98772,113.4182,17.24952424
13549,69.89944,143.3529,20.62597159
13550,67.47588,118.6167,18.31487876
13551,70.73882,133.249,18.7199059
13552,67.09517,127.4636,19.90485371
13553,64.63916,124.0617,20.8738061
13554,65.95318,114.1656,18.45096597
13555,70.34111,131.5517,18.69103519
13556,65.08001,117.1925,19.45180566
13557,67.01532,127.5686,19.96875199
13558,67.44816,140.1632,21.65953437
13559,64.62936,114.2821,19.23418667
13560,67.18612,128.9279,20.07904769
13561,69.1269,125.3568,18.44204424
13562,67.48529,111.7304,17.2467966
13563,68.60783,133.3954,19.9227283
13564,66.35991,111.3237,17.77179851
13565,67.23519,123.6025,19.22158989
13566,68.10568,124.4485,18.86159105
13567,64.73949,138.3973,23.21370146
13568,68.29833,127.7477,19.25254936
13569,69.22544,131.9046,19.35012686
13570,68.59662,142.6983,21.31909134
13571,66.28389,120.2258,19.23698582
13572,66.43058,112.2964,17.88895907
13573,64.0014,116.3801,19.97354273
13574,67.44234,152.4923,23.56882758
13575,65.15728,102.1984,16.92285093
13576,65.33919,112.9692,18.60235319
13577,65.70654,130.7918,21.29701048
13578,64.35914,112.2244,19.04680576
13579,65.57652,126.7799,20.72569
13580,71.05843,136.3315,18.98105391
13581,67.23561,122.0408,18.97849073
13582,65.16695,110.5248,18.2961736
13583,69.84415,152.3574,21.95628225
13584,66.61845,124.8794,19.78140255
13585,67.50831,150.5015,23.21569457
13586,66.40242,124.3254,19.82199561
13587,69.02896,123.8979,18.27917581
13588,69.10557,149.6609,22.03117045
13589,68.44275,126.72,19.0171568
13590,68.64999,139.3151,20.7812927
13591,72.40603,131.9203,17.68957844
13592,67.91361,132.3644,20.17496954
13593,66.90988,116.3878,18.27604767
13594,66.08598,134.0194,21.57269111
13595,67.66889,121.2939,18.62156512
13596,68.76862,131.9744,19.61843693
13597,66.98014,117.2521,18.37315982
13598,68.74833,125.9501,18.73395772
13599,70.79517,133.642,18.74524122
13600,64.31269,110.4079,18.76558571
13601,68.92165,120.3599,17.8125383
13602,67.70132,137.2192,21.04630866
13603,71.41874,139.3438,19.20518996
13604,72.51415,114.3909,15.29330256
13605,68.8114,127.7579,18.96803323
13606,67.13979,109.7144,17.11035422
13607,66.74072,130.6229,20.61545248
13608,69.70146,156.5445,22.6521479
13609,72.75144,157.7481,20.9525205
13610,67.66406,139.4558,21.41291537
13611,68.27904,144.4879,21.78773034
13612,69.24852,136.1629,19.96149781
13613,70.34305,138.67,19.7013257
13614,72.09527,135.252,18.2930228
13615,67.11737,127.7587,19.93774093
13616,71.75284,138.0633,18.85191115
13617,66.32216,123.6735,19.76581165
13618,68.59531,128.7746,19.23962878
13619,67.84571,129.0955,19.71612875
13620,69.33815,118.5346,17.33229065
13621,66.37336,122.3126,19.51816191
13622,66.26652,110.3988,17.67385752
13623,64.87171,132.5079,22.13535056
13624,67.92885,109.6037,16.69829064
13625,70.33507,153.9626,21.87896197
13626,66.34491,120.7221,19.28088161
13627,68.64508,137.0787,20.45061963
13628,67.34987,120.2499,18.63659319
13629,69.2373,132.8112,19.47644902
13630,69.88961,131.3,18.89708502
13631,65.71516,125.3647,20.40795329
13632,69.20236,137.538,20.18999535
13633,72.83266,143.9874,19.0821573
13634,63.90262,122.0885,21.01806612
13635,65.38753,125.0461,20.56059184
13636,65.11627,123.6793,20.50563927
13637,68.0761,125.6445,19.05941087
13638,70.38111,143.9183,20.42486156
13639,68.29328,125.3891,18.89988524
13640,66.17228,121.1097,19.44384077
13641,69.01299,126.3802,18.65403022
13642,64.39616,118.3443,20.06239278
13643,69.66799,137.5244,19.91904543
13644,70.11684,148.1291,21.1812233
13645,70.67615,138.4174,19.48050651
13646,71.67171,154.5974,21.15738447
13647,70.98541,132.011,18.41735485
13648,68.69251,120.464,17.94708144
13649,66.13051,130.6484,21.00175929
13650,72.18172,145.7772,19.66937119
13651,64.49398,120.2569,20.32483236
13652,71.09941,120.904,16.81372735
13653,68.20045,130.0656,19.65817936
13654,66.33023,113.2041,18.0881635
13655,67.04367,138.0165,21.58593055
13656,68.30547,127.9004,19.27153285
13657,69.18392,125.2414,18.39470838
13658,68.03723,135.8445,20.63023319
13659,66.57552,133.4506,21.16638646
13660,67.96196,126.5701,19.2643632
13661,70.04325,131.8625,18.89487626
13662,66.82989,136.6633,21.51125437
13663,66.06785,119.3338,19.219339
13664,66.73451,114.521,18.07754722
13665,68.59738,131.6491,19.66790773
13666,67.93096,118.3885,18.03554784
13667,68.29048,140.8166,21.22701118
13668,65.61713,136.7163,22.32241405
13669,68.83511,133.5565,19.81528544
13670,68.41749,121.6358,18.26764091
13671,68.29963,125.9208,18.97649923
13672,67.07739,120.9513,18.89790033
13673,65.28695,127.0931,20.96160522
13674,69.56663,132.7942,19.29001214
13675,69.96385,139.112,19.97894354
13676,71.49172,156.6047,21.54014514
13677,72.06918,130.0836,17.60673027
13678,68.32088,136.4392,20.54885304
13679,69.41193,124.4338,18.15622051
13680,69.30554,141.7445,20.74558271
13681,70.28825,149.8366,21.32100998
13682,74.74047,155.5462,19.57505909
13683,67.89908,128.0993,19.53324071
13684,63.31957,124.2271,21.78189991
13685,68.88209,117.1974,17.36443554
13686,66.09881,117.9989,18.98654759
13687,68.39956,135.4289,20.349796
13688,65.81467,119.0041,19.31398248
13689,66.51669,123.0958,19.5585791
13690,66.68897,128.9492,20.38289923
13691,68.85866,122.1515,18.11077334
13692,65.28602,117.6903,19.41134406
13693,67.45382,121.8754,18.83034514
13694,65.72572,104.7868,17.0526233
13695,69.1809,138.1944,20.29893975
13696,67.19123,119.7814,18.65174748
13697,67.95791,115.3964,17.56578479
13698,69.90153,133.6208,19.2245432
13699,69.36667,120.1496,17.55399465
13700,68.2609,123.5765,18.64434779
13701,67.73458,123.3573,18.90163166
13702,67.99545,124.5313,18.9353851
13703,67.02058,120.1386,18.80275676
13704,68.0984,118.3992,17.94858751
13705,69.07483,136.2293,20.07179444
13706,68.55788,150.1478,22.45740334
13707,67.88128,91.79628,14.00491125
13708,64.57218,117.3649,19.78803458
13709,65.66127,111.9679,18.25703722
13710,67.40301,122.1909,18.90756519
13711,67.55072,136.2613,20.99268012
13712,66.3712,110.5685,17.64523324
13713,69.03177,140.8798,20.78289452
13714,69.56693,139.21,20.22181262
13715,67.997,142.6499,21.68938771
13716,67.77191,116.9825,17.90510089
13717,70.25823,146.4642,20.85894792
13718,67.55181,129.5468,19.95758716
13719,68.46142,123.4447,18.51552232
13720,66.27821,118.7967,19.01157776
13721,67.16134,128.4656,20.02181616
13722,70.74503,127.2149,17.86904883
13723,64.41245,130.2909,22.07647716
13724,69.93806,135.9627,19.54105211
13725,66.89486,141.925,22.29609107
13726,69.35583,129.5942,18.93978058
13727,70.31031,115.0746,16.36427516
13728,65.16672,108.6499,17.98593133
13729,66.13636,116.5107,18.7258077
13730,69.9459,118.4187,17.01574971
13731,65.77942,130.5573,21.21174538
13732,65.37242,123.4043,20.30002129
13733,67.52532,112.6009,17.36056619
13734,65.66027,130.1065,21.21529087
13735,68.08438,125.6412,19.05427491
13736,70.20405,141.2656,20.14964549
13737,68.09138,126.8049,19.22680354
13738,69.8622,130.7656,18.83494344
13739,71.2364,165.4348,22.91808195
13740,67.73715,118.1487,18.10216138
13741,68.97119,139.1271,20.56040283
13742,65.20052,116.3499,19.24062701
13743,68.44766,143.052,21.46505708
13744,69.85374,123.8261,17.83972654
13745,68.53738,133.8745,20.03540796
13746,67.83017,131.8549,20.14678666
13747,66.23251,127.9094,20.49818268
13748,65.89304,115.487,18.69861054
13749,65.6772,121.1499,19.74463575
13750,66.76883,136.4819,21.52201118
13751,69.74836,122.1892,17.65713126
13752,66.02269,110.8825,17.88265113
13753,67.8839,142.7609,21.77865384
13754,67.9508,132.0453,20.10430778
13755,68.08386,129.7618,19.67949031
13756,67.34271,116.0603,17.99110488
13757,68.1341,112.7088,17.06805775
13758,70.01101,140.5868,20.16355874
13759,67.81576,132.5872,20.26728888
13760,71.44931,152.6402,21.01978034
13761,66.86293,132.6471,20.85846173
13762,66.96378,97.03296,15.21229305
13763,70.86922,142.2524,19.91130026
13764,66.07424,124.2275,20.0036256
13765,63.1202,131.0273,23.11960364
13766,66.13073,123.7088,19.88608473
13767,68.49757,128.567,19.26346931
13768,67.64703,126.1548,19.38035092
13769,64.13542,111.5291,19.06108581
13770,65.18415,111.5203,18.45122652
13771,65.28989,102.8829,16.96706207
13772,66.93899,130.9771,20.54908009
13773,69.76519,131.7523,19.02987641
13774,70.14971,131.6752,18.81081238
13775,69.76427,128.3103,18.53321385
13776,66.79976,111.8919,17.62804576
13777,64.24878,111.8224,19.04383295
13778,66.26232,130.8118,20.94445055
13779,67.36842,140.4376,21.75334262
13780,69.54224,136.2962,19.81261141
13781,70.7088,135.0448,18.98830755
13782,68.30583,107.0114,16.12388994
13783,68.77584,115.0584,17.10022594
13784,64.57222,110.4544,18.62288281
13785,70.37127,131.4099,18.6548874
13786,65.67011,126.3269,20.59281303
13787,70.20753,146.1756,20.84792432
13788,64.77025,121.1153,20.29566041
13789,71.3765,137.7634,19.00984962
13790,67.69573,141.5469,21.71366513
13791,67.51762,124.1185,19.14069017
13792,67.19765,137.8119,21.45526458
13793,67.1093,133.0114,20.76245824
13794,69.1917,123.958,18.20211623
13795,69.15525,119.1435,17.51359763
13796,69.86536,121.2642,17.46482059
13797,66.32886,127.9168,20.43985663
13798,67.86215,121.1058,18.48694028
13799,68.27113,116.4098,17.55782377
13800,65.76944,126.6246,20.57904057
13801,67.92933,130.5733,19.89276
13802,71.2216,123.3636,17.09696047
13803,66.912,119.4482,18.75542511
13804,67.41402,131.0606,20.27342038
13805,67.22463,119.8691,18.64686078
13806,68.55061,134.7133,20.15315998
13807,70.89052,141.621,19.81101184
13808,64.97357,100.993,16.81795315
13809,67.54977,115.0079,17.71883848
13810,69.25733,147.6032,21.63314238
13811,68.42616,141.9304,21.31014548
13812,66.83894,128.7245,20.25617456
13813,69.12521,123.8116,18.2156106
13814,65.94202,126.6764,20.47983929
13815,69.15548,137.3675,20.19231531
13816,66.63132,130.1165,20.60301904
13817,69.7449,122.1703,17.65615178
13818,68.182,125.3675,18.95836227
13819,63.34895,108.9061,19.07781746
13820,65.91937,120.2951,19.46153835
13821,68.34026,117.7427,17.72295203
13822,69.17937,147.5066,21.66773784
13823,65.73096,124.0377,20.18222666
13824,65.25774,137.7447,22.73872786
13825,66.95904,117.1612,18.37048825
13826,67.46686,102.788,15.87511006
13827,64.5303,109.287,18.45000385
13828,68.22274,106.3999,16.07082712
13829,69.74043,149.3723,21.59017446
13830,66.82473,115.1647,18.13010337
13831,66.7667,106.6478,16.81850556
13832,66.60791,104.4031,16.54310803
13833,66.22167,106.6763,17.10105925
13834,66.96213,126.4268,19.82147419
13835,70.45353,144.5438,20.47148169
13836,71.72731,127.6123,17.4372813
13837,69.12426,136.6216,20.10081664
13838,68.64719,125.4496,18.71453656
13839,65.7677,112.6545,18.30958754
13840,69.92728,137.5083,19.7692852
13841,66.95014,131.6857,20.65337177
13842,68.99774,143.0834,21.12880062
13843,71.31319,127.6948,17.65179234
13844,65.88245,131.4081,21.28325159
13845,68.39531,117.7972,17.70262411
13846,69.5689,133.7194,19.42314138
13847,69.82927,127.2561,18.34674102
13848,67.95272,111.2289,16.93398913
13849,68.98352,133.427,19.71098575
13850,65.59897,111.5773,18.22792077
13851,66.58067,146.9392,23.3021865
13852,67.7046,133.8558,20.52845031
13853,69.99147,144.8165,20.7817991
13854,69.95446,121.3657,17.43494064
13855,69.13713,129.0169,18.97488852
13856,67.36034,123.4454,19.12589183
13857,64.50897,104.6736,17.68285031
13858,64.64068,112.5689,18.93921239
13859,69.21305,134.9969,19.81085163
13860,70.40988,141.6769,20.09033425
13861,68.39682,130.6472,19.63286186
13862,69.95437,150.2712,21.58745176
13863,67.70414,129.5662,19.87085686
13864,70.21315,143.1277,20.40995761
13865,71.55881,140.8115,19.33157463
13866,65.74844,118.1262,19.21014543
13867,65.92318,115.5208,18.68698407
13868,68.39851,139.0805,20.89913379
13869,67.13347,117.7219,18.36260942
13870,69.06374,113.4222,16.71680229
13871,69.31382,107.9401,15.79423053
13872,68.40244,130.7315,19.64230189
13873,66.16601,109.7068,17.61647371
13874,68.7271,134.0751,19.95480172
13875,67.8651,100.6523,15.36335414
13876,65.13709,103.7386,17.18854053
13877,68.3908,128.9968,19.38826264
13878,69.0989,140.9024,20.74586025
13879,70.78829,116.0327,16.27844364
13880,66.82614,103.8567,16.34922202
13881,68.51919,135.0276,20.21870952
13882,63.42416,115.1669,20.12674544
13883,68.67133,138.4376,20.63756572
13884,68.69668,141.5566,21.08695884
13885,68.74929,132.1818,19.66031862
13886,67.80121,149.1847,22.81417252
13887,66.66077,133.2206,21.07589657
13888,65.65457,125.0592,20.39581427
13889,67.32239,123.0962,19.09329667
13890,65.64744,135.0891,22.03636938
13891,66.16885,115.675,18.57323953
13892,68.84435,129.7317,19.2426476
13893,70.3845,132.3889,18.78680117
13894,64.15154,121.0638,20.68023425
13895,65.93081,121.1675,19.59587451
13896,66.42939,124.7448,19.87271696
13897,67.0965,128.85,20.12055774
13898,67.67338,118.6532,18.21373628
13899,67.32413,135.3278,20.98943976
13900,70.519,129.3913,18.29144902
13901,66.28763,124.8871,19.98057225
13902,66.89899,131.4067,20.64114154
13903,68.60623,129.9693,19.41194245
13904,65.64473,111.3161,18.15990509
13905,67.57584,116.4266,17.92357487
13906,67.27226,117.229,18.21035237
13907,68.58803,143.4394,21.4351796
13908,69.20003,131.5186,19.30767308
13909,69.54645,115.0614,16.72380313
13910,66.96253,110.8142,17.37348856
13911,64.22288,124.7478,21.26222287
13912,65.11698,129.2592,21.43030182
13913,67.36456,123.3457,19.10805066
13914,67.49718,124.9092,19.27429469
13915,68.31028,142.7313,21.50316639
13916,70.80122,127.9696,17.94653685
13917,66.93479,133.0576,20.87811091
13918,67.75842,131.14,20.08001178
13919,63.81449,119.4379,20.61858599
13920,68.51883,132.3252,19.81426683
13921,70.23493,125.7225,17.91686517
13922,68.61403,133.7697,19.97501996
13923,68.03872,136.8378,20.78017204
13924,69.29088,122.7787,17.97737186
13925,71.26954,135.0683,18.69394013
13926,64.91601,110.2655,18.39464197
13927,67.18613,124.0557,19.32025245
13928,70.79073,125.8297,17.65166613
13929,69.88144,129.0521,18.5779038
13930,66.10857,122.8552,19.76211136
13931,70.34043,129.3487,18.37838544
13932,70.71954,128.7553,18.09845848
13933,68.49864,113.5357,17.01076595
13934,64.68471,118.1635,19.85342321
13935,67.81336,125.1218,19.12748113
13936,67.32677,116.7349,18.10424763
13937,70.80715,139.2165,19.5205391
13938,68.27181,133.8987,20.19523224
13939,67.79985,144.0007,22.02228923
13940,70.24363,127.7861,18.20644056
13941,69.0627,108.916,16.05313664
13942,68.64606,109.8435,16.38696237
13943,68.43749,122.3513,18.3643587
13944,66.564,118.0219,18.72574492
13945,68.73434,132.5926,19.72999967
13946,70.34988,131.2347,18.64134679
13947,68.32147,132.9566,20.02399931
13948,68.85217,150.0004,22.24397905
13949,70.0906,138.4704,19.81493793
13950,71.53276,125.8273,17.28702414
13951,68.42484,131.4501,19.73734192
13952,68.58043,122.8021,18.3552672
13953,68.58863,121.4833,18.15380429
13954,66.78852,125.8598,19.83529768
13955,71.05294,140.8371,19.61138626
13956,67.87961,119.2717,18.19759761
13957,68.17244,135.1764,20.44742032
13958,70.42742,141.1003,19.99860508
13959,67.19885,119.4295,18.59273406
13960,68.59893,123.1239,18.39344191
13961,68.32595,117.3794,17.67566869
13962,65.62714,121.2559,19.79207135
13963,70.04301,154.9343,22.20103888
13964,68.38119,122.0905,18.35540151
13965,67.52926,126.9393,19.56894636
13966,68.10619,124.0167,18.79586533
13967,65.46141,108.8987,17.86517642
13968,67.06246,128.834,20.13848776
13969,65.34267,129.1537,21.26514873
13970,70.5704,130.5011,18.42147238
13971,72.34839,157.8066,21.19447903
13972,60.27836,110.1138,21.30464096
13973,67.61855,103.0198,15.83960402
13974,71.49569,144.1566,19.82577312
13975,68.74794,124.4705,18.51409043
13976,69.91849,135.1641,19.43715067
13977,65.19504,112.8648,18.6674385
13978,68.38232,126.0162,18.94497526
13979,67.25518,122.1221,18.98008312
13980,68.93483,127.7623,18.90081924
13981,68.44699,123.1308,18.47622818
13982,66.32658,132.9695,21.24868958
13983,69.33376,117.9713,17.25210865
13984,67.53281,125.2872,19.3122283
13985,70.46549,125.7753,17.80728602
13986,66.48216,114.7755,18.25552285
13987,65.5645,124.9968,20.44168599
13988,68.55191,136.3553,20.39803013
13989,69.95594,139.5419,20.04521708
13990,69.92062,140.3966,20.18837552
13991,67.83218,133.3225,20.36982155
13992,67.42913,130.3175,20.14943869
13993,66.70177,124.9376,19.74120994
13994,70.21284,122.9461,17.53222365
13995,67.96958,126.7309,19.2845128
13996,67.92194,120.0718,18.29684389
13997,68.80637,134.3642,19.95177795
13998,69.10289,139.7602,20.57531141
13999,70.25784,123.1635,17.54073387
14000,66.35824,122.6852,19.58654265
14001,66.29874,118.2763,18.91657496
14002,69.23979,134.1059,19.66489927
14003,69.96459,123.4101,17.72349807
14004,70.33325,130.2675,18.51271143
14005,67.8791,123.0713,18.77759476
14006,69.80115,140.0347,20.20532473
14007,71.85087,149.4641,20.35298695
14008,68.86095,135.3824,20.07111568
14009,68.26626,139.32,21.01631503
14010,68.22977,132.8191,20.05709555
14011,68.87266,134.2836,19.90144393
14012,68.69331,119.1176,17.74607746
14013,69.50191,124.9842,18.18934081
14014,67.13278,126.6367,19.75357229
14015,68.07784,112.9545,17.13354884
14016,65.60161,132.3679,21.62265445
14017,66.25651,108.6773,17.40351825
14018,65.57211,117.4159,19.19746652
14019,69.01055,100.181,14.78800913
14020,64.2501,107.6959,18.34031874
14021,70.00883,129.8113,18.61925007
14022,67.42102,147.3407,22.78701387
14023,65.37725,142.2231,23.39225924
14024,66.4546,122.3176,19.47126555
14025,66.25961,135.4493,21.68874084
14026,64.69471,112.4972,18.89554825
14027,70.89926,149.3595,20.88838057
14028,67.05572,126.9729,19.85156288
14029,66.16531,132.4495,21.26889587
14030,67.22303,135.8181,21.12889612
14031,69.51503,124.8695,18.16578914
14032,65.44081,115.6159,18.9790975
14033,66.5001,109.6408,17.42941955
14034,66.04055,121.2501,19.54411761
14035,67.5518,132.2297,20.37091263
14036,69.06258,129.0295,19.01773285
14037,65.86704,129.4721,20.97950432
14038,66.38913,136.9183,21.83850318
14039,67.06884,123.9572,19.37249211
14040,65.41938,119.476,19.62560942
14041,70.53863,128.5198,18.15813853
14042,66.42745,128.774,20.5157949
14043,67.52661,121.3385,18.70699592
14044,70.4217,123.358,17.48677149
14045,69.38026,130.7818,19.09988663
14046,66.94303,134.8107,21.14798324
14047,66.50907,123.5263,19.63147846
14048,67.29972,128.9403,20.01324383
14049,69.81584,139.2252,20.08007082
14050,67.38016,120.8477,18.71240629
14051,67.70214,126.4529,19.39453295
14052,69.10227,130.6785,19.2386608
14053,67.94031,121.4563,18.49781039
14054,68.26271,123.7273,18.66610952
14055,67.5991,132.0902,20.32095411
14056,70.1651,143.8473,20.54067649
14057,68.83927,134.9782,20.02379751
14058,68.96635,117.2842,17.3348605
14059,67.11342,128.5372,20.06159319
14060,67.68551,121.7078,18.67593381
14061,66.45664,123.3311,19.6313954
14062,66.89404,106.7602,16.77219305
14063,69.61824,120.5271,17.48211419
14064,74.04804,149.6303,19.1843786
14065,69.64822,142.7772,20.69160325
14066,68.92365,115.4178,17.08014606
14067,67.36277,119.6295,18.53334191
14068,68.34878,134.3189,20.21300659
14069,66.00426,128.4332,20.72472114
14070,69.14864,126.6413,18.61930213
14071,68.49425,117.5148,17.60920144
14072,68.06637,134.2341,20.36821638
14073,72.93887,144.9647,19.15576606
14074,66.18115,132.6478,21.29054397
14075,67.99965,119.7057,18.19938871
14076,66.96461,117.8036,18.46814177
14077,67.74233,137.5251,21.06769557
14078,67.25235,127.1944,19.77007819
14079,68.93064,118.6825,17.55971203
14080,67.66692,122.408,18.79370082
14081,68.36323,127.859,19.23275417
14082,68.5151,124.2807,18.6117163
14083,68.59649,126.3488,18.87655156
14084,67.89703,117.1268,17.86117593
14085,68.54559,123.3066,18.44941543
14086,68.57763,130.224,19.46621035
14087,65.30062,129.1373,21.28984098
14088,69.64468,132.1716,19.15656237
14089,68.60546,139.3675,20.81610517
14090,66.67257,120.0443,18.98464482
14091,67.51525,135.3145,20.86872432
14092,69.19989,128.2222,18.82381912
14093,69.93288,144.365,20.75173498
14094,67.73185,129.3353,19.81921842
14095,69.01928,126.148,18.61636329
14096,68.85323,122.8646,18.21937435
14097,64.28729,107.047,18.20872715
14098,72.16006,143.1819,19.3307932
14099,67.89779,141.3709,21.55778173
14100,69.10375,122.7892,18.07641335
14101,65.65523,137.5148,22.42673815
14102,68.82547,117.8694,17.49274745
14103,68.48097,122.2078,18.31953494
14104,66.68648,117.8087,18.62331978
14105,66.62504,126.9058,20.09841598
14106,64.97433,103.1333,17.17396682
14107,61.90725,78.56785,14.4117649
14108,66.97721,139.1241,21.80236408
14109,66.48817,111.8809,17.7919077
14110,66.08182,128.2333,20.64391929
14111,67.8436,120.26,18.36786821
14112,68.57876,148.3076,22.16866168
14113,68.22504,142.7289,21.55656936
14114,65.79376,113.9473,18.50503673
14115,69.42855,137.6963,20.08174302
14116,69.73313,128.2394,18.53951993
14117,66.27846,96.95428,15.51591861
14118,70.91261,149.4527,20.89354582
14119,69.76864,138.425,19.99168234
14120,66.6929,123.4958,19.51858402
14121,67.84359,138.9076,21.216009
14122,69.76751,123.4689,17.83226286
14123,70.53942,148.3832,20.9641032
14124,68.88232,134.5561,19.93623682
14125,67.76694,132.0017,20.20687236
14126,69.68007,115.6036,16.73822984
14127,70.30177,114.5099,16.28792802
14128,68.39681,131.135,19.70617122
14129,68.67559,137.2308,20.45512425
14130,67.25836,113.6762,17.66575998
14131,68.33766,135.9751,20.46890001
14132,68.73641,133.9187,19.92612536
14133,69.74424,135.1867,19.53766233
14134,66.69188,119.4333,18.8770809
14135,62.52876,108.1177,19.43983125
14136,65.53571,117.106,19.16807298
14137,66.18274,115.6559,18.5623788
14138,69.41864,117.3108,17.11358985
14139,67.08846,119.7923,18.71063741
14140,65.80637,134.2886,21.8001058
14141,70.23935,147.1002,20.96078872
14142,65.33009,112.1983,18.48055837
14143,65.74455,121.3022,19.72897345
14144,68.90467,126.1829,18.68351199
14145,69.09536,121.7585,17.92903216
14146,68.01171,130.9674,19.90449402
14147,67.90225,120.5844,18.38561329
14148,67.34009,123.8478,19.19977929
14149,66.46165,108.9752,17.34366042
14150,66.75233,134.2032,21.17314334
14151,70.18221,120.1313,17.14578692
14152,66.7024,122.7568,19.39625848
14153,67.3595,128.4038,19.89461284
14154,69.08157,123.6703,18.21781725
14155,70.2507,132.496,18.87368838
14156,69.6539,138.9897,20.13942498
14157,68.02248,139.3765,21.17580632
14158,69.56277,127.1687,18.47488833
14159,68.46777,137.1892,20.573249
14160,67.83868,124.7676,19.05909911
14161,65.61422,107.7261,17.59058657
14162,69.45527,139.142,20.27697467
14163,66.28291,126.9862,20.31929889
14164,67.56837,129.8583,19.99577097
14165,70.12988,120.9723,17.29159565
14166,68.93421,124.3325,18.3937545
14167,68.81879,126.6826,18.80434577
14168,65.99333,130.4177,21.05192312
14169,66.81007,127.9307,20.14866368
14170,67.94457,124.4599,18.95288222
14171,71.4938,145.451,20.00484885
14172,65.07798,131.2823,21.7918135
14173,69.62029,137.4994,19.94272369
14174,67.5144,139.3524,21.49200599
14175,68.40947,134.8715,20.26016888
14176,66.00603,110.5781,17.84256237
14177,68.33191,123.6727,18.62010162
14178,67.87778,112.5046,17.16604889
14179,68.97539,119.726,17.69112572
14180,68.35379,130.8928,19.6945419
14181,67.18885,139.5173,21.72646011
14182,64.66663,125.7713,21.14347746
14183,70.8471,141.3167,19.79268243
14184,65.85219,123.4676,20.01556649
14185,65.77447,117.2936,19.05965022
14186,67.52969,133.6229,20.59902695
14187,67.40883,137.1679,21.22141001
14188,66.12206,126.2247,20.29583491
14189,67.61112,133.3822,20.51242192
14190,65.59254,128.3061,20.96494521
14191,66.38916,121.0049,19.30029445
14192,68.18774,121.2644,18.33479482
14193,66.10402,112.9015,18.16348981
14194,67.64821,122.4457,18.80988951
14195,66.43868,125.0148,19.91016067
14196,63.50433,117.6413,20.50729899
14197,67.40581,140.1673,21.68739398
14198,68.88553,144.6597,21.43121912
14199,64.19132,109.6336,18.70451223
14200,64.87451,124.6717,20.82452122
14201,67.55913,128.8533,19.84644724
14202,71.62407,143.172,19.61983835
14203,67.8134,121.2207,18.53109463
14204,67.20623,127.9349,19.91247718
14205,67.80392,114.6993,17.53906699
14206,67.19869,130.2931,20.2840713
14207,67.85377,109.7363,16.75551085
14208,66.70262,128.6075,20.32056764
14209,72.60211,142.884,19.05638154
14210,68.85807,120.9967,17.93986452
14211,69.56765,121.9698,17.71711363
14212,66.10458,120.3264,19.35767294
14213,67.18371,132.8096,20.68506207
14214,71.11644,128.7753,17.89978765
14215,70.62083,144.7966,20.41023731
14216,66.12419,120.1358,19.31554825
14217,68.95687,150.6544,22.27317168
14218,65.39463,119.9506,19.71848643
14219,70.83034,134.1303,18.79505357
14220,68.86758,132.4712,19.63573449
14221,68.49492,132.0698,19.78983256
14222,72.26615,149.0804,20.06808991
14223,65.71143,105.5179,17.17906915
14224,67.46158,105.7427,16.33400572
14225,68.12008,114.3532,17.32420637
14226,69.77291,140.5532,20.29655781
14227,67.17396,104.8758,16.33912176
14228,69.58187,149.3951,21.69199452
14229,64.85647,112.4751,18.79771663
14230,66.92813,113.5514,17.82093296
14231,66.84465,116.7548,18.36947574
14232,66.43222,115.7098,18.43180794
14233,70.39773,142.9501,20.27787669
14234,69.64527,112.6102,16.32111414
14235,67.05199,112.1167,17.53082233
14236,66.43058,144.3144,22.98946711
14237,67.29006,127.7941,19.84103383
14238,67.97572,123.5864,18.80262021
14239,68.42735,105.5294,15.84416481
14240,66.59713,131.487,20.84141082
14241,68.31497,130.6901,19.68639756
14242,64.94728,106.985,17.83020273
14243,68.8079,138.3584,20.54396418
14244,71.29561,144.5436,19.99072817
14245,66.60855,110.2896,17.47551276
14246,71.44829,138.6818,19.09814194
14247,69.38522,126.5717,18.48238442
14248,69.28534,138.3463,20.26003395
14249,67.09518,104.3434,16.2943734
14250,66.14266,127.4558,20.48102158
14251,65.73548,122.9376,20.00047816
14252,68.80922,119.2303,17.7030743
14253,66.25755,123.4953,19.77584314
14254,67.38101,118.9634,18.4201711
14255,65.25753,123.4155,20.37341204
14256,67.71714,114.8697,17.61017195
14257,65.88163,125.7726,20.37101612
14258,65.66446,123.9655,20.21135393
14259,66.97416,129.4752,20.29211734
14260,68.27905,114.2066,17.22152426
14261,66.07261,114.2463,18.3973192
14262,67.56389,110.8099,17.06493332
14263,67.94376,116.0348,17.67032059
14264,64.40307,105.3112,17.84911742
14265,69.2191,123.4273,18.10984184
14266,67.70481,140.9132,21.61065624
14267,65.15201,129.0039,21.36498182
14268,67.30379,135.3481,21.00527864
14269,66.98384,114.4659,17.93458661
14270,68.08508,109.06,16.53929198
14271,64.70474,122.3172,20.53859178
14272,66.42674,122.363,19.49483495
14273,66.91386,125.1168,19.64440081
14274,67.22538,114.5379,17.8171407
14275,70.21976,134.8329,19.22350252
14276,71.3139,132.3451,18.29425869
14277,65.53063,116.6307,19.09323513
14278,69.46173,134.8631,19.64976099
14279,66.22806,118.1414,18.93535148
14280,70.16115,124.8956,17.8364765
14281,68.41222,135.25,20.31539316
14282,69.82319,148.0173,21.34363719
14283,67.17432,120.4157,18.75995888
14284,69.29115,129.6002,18.97603437
14285,67.82581,130.5398,19.9484102
14286,66.40623,132.3121,21.09294581
14287,67.73226,124.3289,19.0518118
14288,69.2642,139.6425,20.46233994
14289,69.89742,126.3862,18.1858117
14290,69.27103,112.6904,16.50969138
14291,70.4306,118.9721,16.86078056
14292,64.2193,110.3825,18.81587487
14293,66.07677,121.521,19.56631536
14294,68.1361,124.7791,18.89481441
14295,64.23356,105.3489,17.94987156
14296,65.91925,119.0062,19.25308809
14297,69.39355,138.3937,20.20381739
14298,67.73392,125.8656,19.28634603
14299,69.48989,129.9777,18.92260502
14300,67.33814,132.0128,20.4667618
14301,66.07833,126.8215,20.41879428
14302,65.98334,117.0051,18.89259117
14303,66.44921,124.4335,19.81130106
14304,69.69715,147.0065,21.27462059
14305,67.12772,133.4775,20.82378138
14306,66.57638,129.6103,20.55675152
14307,68.47646,159.4214,23.90117998
14308,66.73179,124.7975,19.70133526
14309,69.19577,145.742,21.39838303
14310,68.83063,124.7159,18.506047
14311,67.66406,123.54,18.96910394
14312,65.43432,124.2937,20.40766208
14313,66.14658,113.9478,18.30823509
14314,67.8811,128.1522,19.55166055
14315,68.13498,119.9046,18.15728474
14316,67.73894,135.291,20.72752459
14317,65.59068,141.912,23.18943562
14318,67.95201,133.4959,20.3244423
14319,69.19122,135.3263,19.87172444
14320,69.51645,140.1555,20.3887358
14321,68.74287,121.1786,18.02710283
14322,66.52495,123.7826,19.66282038
14323,69.12783,145.0336,21.33625061
14324,67.94469,126.01,19.18886527
14325,66.97412,114.544,17.95203301
14326,68.3347,118.5872,17.85297331
14327,67.80615,125.4137,19.17618159
14328,68.84585,118.6805,17.60269483
14329,66.41209,123.1756,19.63295702
14330,70.29823,112.5476,16.01042214
14331,69.26533,146.1078,21.40902608
14332,66.6775,112.6632,17.81471141
14333,67.20009,134.6615,20.96327171
14334,66.72465,123.5835,19.51386099
14335,68.44557,117.5098,17.63350816
14336,68.83239,124.6579,18.49649471
14337,69.08936,140.3997,20.67755409
14338,67.16286,116.5837,18.16915779
14339,67.39555,132.9801,20.5816191
14340,66.28334,116.9799,18.71792929
14341,68.24699,117.2319,17.6943301
14342,64.78907,113.6457,19.03289453
14343,64.50572,106.108,17.92697445
14344,70.29401,136.8676,19.47239359
14345,65.22177,110.3999,18.24478895
14346,65.86641,123.509,20.01363357
14347,66.10418,99.16114,15.95287607
14348,68.80487,119.6668,17.77013166
14349,69.24299,131.5827,19.2931212
14350,66.09521,110.0727,17.71311617
14351,71.18037,150.4801,20.87920286
14352,68.1098,124.4662,18.86199153
14353,68.53379,134.3146,20.10337848
14354,63.70189,109.2781,18.93144765
14355,66.46061,122.5196,19.49989393
14356,68.8741,127.0227,18.82455815
14357,66.09188,142.6998,22.96584758
14358,65.6822,134.6381,21.9395602
14359,68.95243,126.922,18.76692334
14360,67.89356,122.4413,18.67351582
14361,64.73622,110.5326,18.54176348
14362,68.01956,107.7515,16.37234973
14363,69.49761,128.5874,18.71604156
14364,65.30787,115.544,19.04459248
14365,70.31537,115.9457,16.48577769
14366,67.79292,120.1893,18.38452655
14367,66.2732,114.6297,18.34748743
14368,68.62718,152.5129,22.76510184
14369,69.24794,125.3082,18.37050519
14370,66.17435,127.7298,20.50539733
14371,68.1089,100.4395,15.22131363
14372,68.11469,101.8313,15.42961339
14373,70.97341,139.3387,19.44624422
14374,69.87424,132.6157,19.09484215
14375,71.52707,147.3411,20.24595944
14376,68.44659,129.7181,19.46490421
14377,66.41665,144.0879,22.96301471
14378,67.10768,120.6801,18.83850941
14379,69.32189,138.5631,20.27039102
14380,68.39004,118.9528,17.87904341
14381,65.45785,129.6689,21.27490741
14382,72.09267,137.1995,18.55776339
14383,67.60688,133.6038,20.54907833
14384,66.92747,122.0855,19.16066576
14385,70.1229,116.8609,16.70724398
14386,69.09843,127.5529,18.78059306
14387,67.41743,122.343,18.92300329
14388,69.45134,128.3776,18.71041061
14389,66.41985,105.8868,16.87335205
14390,65.69863,114.4188,18.63545869
14391,65.31739,130.3437,21.47769767
14392,64.80359,122.8058,20.55777329
14393,68.13705,133.896,20.27478579
14394,70.08693,130.9994,18.7478106
14395,64.03691,107.6519,18.45509517
14396,67.33761,118.6397,18.39373685
14397,71.8434,136.2137,18.55249659
14398,69.1154,118.8989,17.49780249
14399,65.39821,90.24255,14.8332037
14400,65.70757,135.8894,22.12636607
14401,69.66027,116.0218,16.80833198
14402,68.84382,133.186,19.75531596
14403,65.39271,101.6976,16.71888681
14404,70.31722,134.6496,19.14419052
14405,69.19909,136.7189,20.07165178
14406,66.2882,100.3062,16.04762068
14407,66.12228,119.4939,19.2134529
14408,68.15336,121.0773,18.32498
14409,67.44349,122.0805,18.86781256
14410,66.41455,112.3032,17.89867934
14411,65.35315,103.4902,17.03419054
14412,69.30321,137.4465,20.11788442
14413,67.12751,150.4042,23.46465716
14414,69.30029,139.6598,20.44356525
14415,69.11462,123.185,18.12897724
14416,69.26369,129.9973,19.04927309
14417,66.93177,107.3342,16.84336379
14418,70.80801,126.0434,17.67301543
14419,66.77406,135.7989,21.41095364
14420,65.86587,126.4569,20.4916529
14421,66.72211,121.3037,19.15533842
14422,64.44234,116.1346,19.65958517
14423,69.67413,135.2951,19.59269979
14424,64.92037,107.1751,17.87669579
14425,67.63239,133.8608,20.57307795
14426,68.70454,137.8656,20.5324308
14427,68.82445,111.7483,16.58481957
14428,68.93421,113.9161,16.85275191
14429,70.01339,139.3902,19.9905781
14430,71.44878,119.4079,16.44366992
14431,66.91364,126.6312,19.88230522
14432,68.4292,122.169,18.34143954
14433,68.45391,113.4185,17.01542125
14434,65.33618,119.0882,19.61176036
14435,71.88803,147.8657,20.11451677
14436,68.62216,135.2735,20.19478732
14437,68.10589,115.1755,17.45605438
14438,65.49264,129.8366,21.27979623
14439,66.33612,125.7748,20.0931871
14440,69.07199,143.9889,21.21682538
14441,68.76917,131.4778,19.54430305
14442,68.89473,133.2498,19.73557962
14443,68.77062,142.0926,21.12131271
14444,68.33215,125.3459,18.87188524
14445,67.72393,134.167,20.56443253
14446,65.49304,103.0317,16.88635408
14447,71.06055,138.7811,19.32095199
14448,69.50278,120.9324,17.5992291
14449,68.61663,125.2735,18.70491622
14450,68.54709,133.5241,19.97730679
14451,69.26721,157.2972,23.04734626
14452,70.14424,119.6536,17.09610067
14453,65.9849,140.6229,22.70503884
14454,66.281,108.7205,17.39757277
14455,65.7289,126.3947,20.56702424
14456,70.38391,142.3535,20.20117802
14457,67.47381,133.874,20.6719334
14458,66.16001,128.3664,20.61652962
14459,66.57927,120.7005,19.14195699
14460,69.6185,134.1051,19.45141931
14461,65.77941,117.2822,19.05493542
14462,69.46372,125.2725,18.25135005
14463,63.93234,99.99409,17.19841628
14464,70.09165,134.6921,19.27369055
14465,64.94173,98.26427,16.37959841
14466,68.09547,109.3772,16.58233494
14467,68.83226,134.4107,19.94367138
14468,66.96947,128.823,20.19272868
14469,65.08668,124.1525,20.60281466
14470,69.08362,131.3282,19.34475098
14471,66.0827,116.0096,18.67556271
14472,67.05865,110.0584,17.20556377
14473,68.9081,108.0602,15.998547
14474,66.81199,119.9277,18.88713197
14475,66.52751,118.3217,18.79391196
14476,67.59674,125.118,19.24968448
14477,68.57752,127.8544,19.11205791
14478,65.15613,125.1617,20.72603447
14479,69.88332,136.8899,19.70514672
14480,67.76589,131.4036,20.11593833
14481,69.48716,122.6178,17.85252791
14482,68.99586,118.7286,17.53333809
14483,71.62687,154.9613,21.23374655
14484,68.30079,143.765,21.66491751
14485,66.99909,126.4922,19.80985346
14486,67.16066,127.2396,19.83114132
14487,68.84511,118.3629,17.55596579
14488,69.77163,126.8724,18.32165674
14489,67.24519,111.6843,17.36300945
14490,67.28553,133.6576,20.75418235
14491,68.62133,136.9199,20.44107049
14492,72.50636,143.4605,19.18383627
14493,71.5681,124.3189,17.06292605
14494,64.55855,122.9763,20.74288752
14495,68.77468,130.5148,19.39804357
14496,65.10069,104.1238,17.27166282
14497,71.21872,148.4113,20.5699846
14498,65.66079,108.9173,17.75987827
14499,64.2657,116.527,19.83459814
14500,68.88757,107.0324,15.85582552
14501,68.44905,146.4124,21.9683953
14502,70.33787,155.1755,22.04956637
14503,71.22339,140.4949,19.47020853
14504,65.94774,133.6787,21.60815589
14505,67.91684,128.4836,19.5815957
14506,65.97902,129.7483,20.95295499
14507,69.27942,146.3625,21.43762441
14508,68.53226,126.4504,18.92715875
14509,71.2069,123.6671,17.14609965
14510,67.2503,125.7628,19.54875352
14511,65.30132,131.154,21.62185473
14512,69.08772,127.8638,18.83220665
14513,66.59265,124.9371,19.80588034
14514,66.49666,138.0897,21.95416617
14515,70.95412,162.4844,22.68881217
14516,65.49834,121.217,19.86361412
14517,69.39388,124.5431,18.18162328
14518,65.27883,118.9227,19.618932
14519,67.52017,134.0552,20.67149734
14520,68.14598,111.6476,16.90146047
14521,68.81275,136.0553,20.1991438
14522,67.89924,114.0947,17.39766521
14523,69.5175,136.6971,19.88503387
14524,68.07055,129.4733,19.64341641
14525,71.2464,149.7435,20.73850545
14526,68.71642,121.0296,18.0188003
14527,63.99425,114.3488,19.6293098
14528,67.65074,126.7524,19.4700207
14529,66.52185,133.1447,21.15195779
14530,67.39334,124.7861,19.3146826
14531,72.31226,150.9437,20.29300894
14532,68.0661,104.7306,15.89158378
14533,65.20757,114.5092,18.93213851
14534,70.31989,137.4822,19.54543915
14535,66.73391,126.6537,19.99309658
14536,67.2038,124.1829,19.3298935
14537,68.97216,136.0664,20.1075226
14538,67.7248,132.6022,20.32406579
14539,69.56606,120.6638,17.52820764
14540,67.86326,148.5846,22.68086887
14541,69.23555,130.78,19.17954786
14542,63.85084,121.5242,20.95486492
14543,69.77742,142.0076,20.5039294
14544,67.25759,133.6365,20.76815014
14545,64.55164,116.6069,19.67274732
14546,65.91736,127.4018,20.61252892
14547,66.34956,137.8456,22.01264039
14548,62.92407,121.7441,21.61571659
14549,67.15032,127.7838,19.92209243
14550,65.46455,131.0676,21.499992
14551,70.09519,142.3265,20.3640737
14552,68.66443,146.0821,21.78154542
14553,64.54016,110.5523,18.65791164
14554,66.50297,122.3483,19.44783145
14555,70.7413,140.665,19.76038048
14556,67.63475,118.3144,18.18248142
14557,65.29548,102.0506,16.82692077
14558,67.6782,136.8665,21.00655751
14559,68.11521,131.2592,19.88826409
14560,66.43231,109.4461,17.43399461
14561,67.45289,135.255,20.89813501
14562,67.88061,127.982,19.52597572
14563,65.27546,127.3989,21.01943902
14564,71.80443,142.3012,19.40266607
14565,68.32755,119.5403,18.00022647
14566,68.86515,115.9509,17.18820217
14567,67.11834,110.0601,17.17524
14568,66.53695,122.495,19.45126759
14569,67.1505,110.2815,17.19330978
14570,68.68724,130.5799,19.45716335
14571,68.22897,136.0111,20.53960313
14572,65.42104,132.8507,21.82148412
14573,67.63027,126.2376,19.40268405
14574,66.9449,129.0043,20.23599285
14575,67.98826,127.4057,19.37654451
14576,69.67882,139.1821,20.15288076
14577,66.46151,120.111,19.11602982
14578,66.54514,126.768,20.12483264
14579,69.65715,133.1626,19.29328538
14580,67.36842,114.6626,17.76087618
14581,67.21698,125.2345,19.48593812
14582,69.12349,135.3012,19.90699278
14583,67.93756,115.0436,17.52257383
14584,68.46766,116.7778,17.51235867
14585,70.4462,111.9601,15.86001011
14586,67.64692,125.7248,19.3143556
14587,67.07315,140.2758,21.92000624
14588,65.37352,99.56696,16.37822498
14589,65.3428,116.0859,19.11346021
14590,69.51448,131.435,19.12122878
14591,69.33945,126.1415,18.44389032
14592,66.86743,124.1513,19.51988852
14593,65.10865,126.4611,20.97176097
14594,72.1849,144.6639,19.51743653
14595,69.02571,141.4309,20.86785763
14596,65.04762,112.8743,18.75372629
14597,69.27824,148.6852,21.77857071
14598,69.11397,136.755,20.12643516
14599,65.39362,126.2681,20.75765129
14600,64.92242,103.2442,17.21993821
14601,68.01742,124.8878,18.97732657
14602,66.84525,117.8475,18.54106153
14603,66.5209,115.0964,18.28524704
14604,67.07104,124.4466,19.44770149
14605,66.20762,123.8278,19.85900702
14606,68.65422,131.0723,19.54932518
14607,67.81484,130.5051,19.9495602
14608,67.97735,137.2246,20.8765552
14609,64.20041,105.6563,18.0208437
14610,71.04071,127.05,17.69764209
14611,71.69734,131.2912,17.95497711
14612,67.752,115.235,17.64799985
14613,69.64704,149.9833,21.73666452
14614,69.3531,128.1011,18.72304269
14615,68.69464,136.1453,20.28206987
14616,67.23085,122.6459,19.07529027
14617,69.33763,124.0222,18.134967
14618,65.86675,128.6403,20.844904
14619,68.70414,130.2447,19.39767012
14620,68.64444,118.1935,17.63348633
14621,68.6705,118.7838,17.70810631
14622,66.83271,134.949,21.23962537
14623,68.69297,143.3212,21.35212843
14624,66.51348,117.2734,18.63526186
14625,68.28119,132.4379,19.96941985
14626,69.39405,123.72,18.06137322
14627,67.3979,129.8379,20.09389265
14628,72.86535,125.1006,16.56428167
14629,67.52936,138.9031,21.41322083
14630,64.60023,106.0584,17.86620314
14631,69.98289,134.2094,19.26435682
14632,70.333,127.7615,18.15670521
14633,64.3196,115.4439,19.61731859
14634,67.49125,113.672,17.54340473
14635,67.80629,118.8678,18.17521615
14636,65.30266,104.9205,17.29632881
14637,70.81212,133.9088,18.77367304
14638,68.19915,117.0917,17.69797237
14639,69.13698,140.5356,20.66906672
14640,66.59934,144.2746,22.86679789
14641,70.58075,131.9826,18.6251366
14642,66.90518,105.7686,16.61087821
14643,66.74813,115.058,18.15490327
14644,66.83292,119.15,18.75290265
14645,69.35713,151.3173,22.11371362
14646,68.63272,128.2595,19.14178553
14647,69.12693,125.7313,18.49712329
14648,67.0631,128.2475,20.04642729
14649,67.46642,124.2242,19.18607785
14650,66.60284,131.8328,20.89263922
14651,70.1147,135.0549,19.31290083
14652,70.12917,131.9033,18.85443784
14653,68.76147,131.2722,19.518111
14654,70.05388,150.4834,21.5565637
14655,68.16839,122.3354,18.50722894
14656,67.51951,119.7932,18.47263833
14657,68.27418,132.6718,20.0087962
14658,67.30217,113.9822,17.6902604
14659,66.31157,128.2458,20.50311536
14660,70.05639,121.4094,17.39050242
14661,70.24768,140.4239,20.00471571
14662,69.86768,123.2387,17.74801506
14663,68.9313,112.5828,16.65690974
14664,67.73389,134.9801,20.6829763
14665,67.93682,113.7462,17.32534107
14666,67.92146,130.6895,19.91507728
14667,70.4633,118.4807,16.77555817
14668,68.16156,131.5248,19.9014139
14669,68.81242,144.2511,21.4161202
14670,70.05484,125.4148,17.96502492
14671,65.61528,111.0683,18.13574818
14672,70.77456,124.4918,17.47196356
14673,68.13409,134.5848,20.38085592
14674,68.87718,135.3765,20.06078352
14675,66.85615,114.1814,17.95841327
14676,65.19143,115.6044,19.12267631
14677,69.53261,134.0578,19.49262599
14678,71.28136,135.9541,18.81029818
14679,66.47317,106.9388,17.01366398
14680,69.85972,137.5864,19.81879069
14681,66.56784,120.5673,19.12739956
14682,64.99896,121.0243,20.13794214
14683,65.5967,131.1701,21.43019838
14684,65.11179,119.3086,19.78371309
14685,72.43607,137.4056,18.40983934
14686,66.27465,129.0097,20.64822883
14687,67.6844,118.539,18.19028139
14688,64.94671,129.5048,21.58374884
14689,66.09981,117.7368,18.94380133
14690,66.84125,114.8767,18.07582592
14691,67.23393,127.1033,19.76674483
14692,67.9501,110.3671,16.80408059
14693,66.34338,130.6015,20.85971173
14694,71.54739,152.425,20.93263677
14695,71.10011,133.8311,18.61109077
14696,66.80152,124.965,19.68661416
14697,71.09075,120.9877,16.82946669
14698,67.42631,131.6672,20.35982961
14699,68.87576,135.248,20.04256813
14700,67.6317,118.7798,18.25565024
14701,65.61406,138.9284,22.68571837
14702,67.09963,113.8329,17.77390581
14703,68.15761,119.3325,18.0586532
14704,67.06521,104.9855,16.4093005
14705,67.00626,138.5947,21.7005725
14706,69.21534,133.6759,19.61569629
14707,65.49959,119.6168,19.60064405
14708,67.12282,131.6157,20.53632056
14709,66.27818,129.3183,20.69541614
14710,68.05092,129.3991,19.64348678
14711,71.21378,150.0079,20.7941599
14712,65.8059,128.0218,20.78306461
14713,69.01341,127.8369,18.86881308
14714,64.38771,103.3323,17.52207208
14715,71.28885,132.8358,18.37499556
14716,68.01059,136.4326,20.73578092
14717,67.40277,131.675,20.37526015
14718,65.86277,122.7182,19.8876889
14719,70.04407,141.6413,20.29562745
14720,64.66349,118.2509,19.88114985
14721,66.20468,129.3437,20.74546739
14722,72.42652,142.1927,19.05624769
14723,68.18756,125.1862,18.92785854
14724,65.09832,134.0936,22.24455969
14725,64.94607,123.7487,20.62482241
14726,68.74582,132.8903,19.76769418
14727,67.48779,124.9625,19.28788539
14728,65.11114,94.45359,15.66257616
14729,68.70291,123.1642,18.34381029
14730,64.81203,122.4859,20.49888193
14731,68.35035,128.6184,19.35427654
14732,72.14415,142.8257,19.29120892
14733,68.23639,147.0343,22.1994338
14734,66.90007,121.555,19.09303674
14735,68.96221,145.2393,21.46926273
14736,69.44312,119.8432,17.47069862
14737,65.04087,131.9553,21.928528
14738,67.33467,126.2769,19.57950756
14739,70.00111,139.7206,20.04499322
14740,65.86413,114.5532,18.56370385
14741,66.76124,121.4799,19.16068194
14742,68.6178,138.031,20.60906931
14743,66.49285,129.3542,20.5677111
14744,68.45981,119.1174,17.86730913
14745,69.6046,125.9209,18.27162865
14746,71.62721,151.8017,20.80060133
14747,66.56949,100.3424,15.91803113
14748,65.36772,115.6658,19.02977339
14749,71.5466,134.8652,18.5215456
14750,67.9212,121.8751,18.57203997
14751,68.53005,127.0172,19.0132239
14752,66.29177,125.542,20.08284046
14753,70.0892,148.1898,21.20661886
14754,66.45724,137.0889,21.82091788
14755,66.90417,124.4345,19.54293365
14756,71.96531,160.8373,21.83210935
14757,65.79737,111.0351,18.03011695
14758,71.99473,135.4855,18.37582003
14759,67.88118,125.1443,19.09271246
14760,67.9713,132.0724,20.09630635
14761,66.68833,124.6627,19.70571375
14762,69.08259,120.4445,17.74210214
14763,67.7725,120.6289,18.46288991
14764,67.54727,127.846,19.69821472
14765,64.64468,122.7172,20.64406333
14766,69.69364,126.2985,18.27962248
14767,68.70439,134.8945,20.0900303
14768,68.16991,120.5405,18.23487843
14769,68.33163,123.6751,18.62061557
14770,65.19663,120.1252,19.86731389
14771,69.12973,147.2327,21.65857504
14772,66.76336,149.5213,23.58207514
14773,66.10726,114.3077,18.38791542
14774,68.69461,118.3486,17.63084492
14775,69.51345,129.3136,18.81316397
14776,67.15638,116.1097,18.0987788
14777,66.52538,118.2619,18.78561637
14778,71.057,150.4875,20.95279756
14779,69.19665,124.4735,18.27519784
14780,66.76492,120.8445,19.05836097
14781,68.09253,121.9168,18.48502058
14782,67.35046,129.862,20.12594491
14783,68.25237,114.1292,17.22331027
14784,67.66866,121.0367,18.58220498
14785,66.21079,116.8308,18.73506206
14786,70.37472,141.5234,20.08862533
14787,67.8132,118.614,18.1327135
14788,66.42694,115.2073,18.35468053
14789,68.20158,114.2983,17.27452937
14790,68.77079,135.0788,20.07864921
14791,70.60585,124.6664,17.58018221
14792,68.09479,129.3895,19.61672888
14793,64.8915,121.5407,20.29090567
14794,67.12568,137.1491,21.39788704
14795,69.97844,129.5848,18.60290955
14796,67.77866,130.9258,20.03524254
14797,71.39205,144.5625,19.93936253
14798,67.96867,144.8993,22.04977026
14799,72.76728,158.5479,21.0495849
14800,73.38719,154.6609,20.18809503
14801,69.32501,135.3784,19.80271879
14802,66.65826,124.0843,19.63198503
14803,68.63739,137.5213,20.52124818
14804,70.10928,126.2247,18.0529699
14805,68.39804,141.12,21.20589365
14806,72.29783,123.4305,16.60073392
14807,70.62523,136.39,19.22286447
14808,71.44332,141.1457,19.44015488
14809,70.41386,133.5107,18.93019523
14810,64.86518,114.7467,19.17221428
14811,68.80394,111.0717,16.49423307
14812,69.49145,138.1768,20.11535532
14813,66.01854,113.5605,18.31685003
14814,70.48654,127.2451,18.00462196
14815,66.80862,125.5152,19.76908849
14816,70.6607,132.6907,18.68271287
14817,66.68431,104.9599,16.59324821
14818,65.58814,132.2702,21.61557064
14819,66.36507,124.7192,19.90717012
14820,67.09404,97.52424,15.23000385
14821,66.48373,109.9676,17.48998019
14822,68.82707,132.1645,19.61334098
14823,64.69002,114.4221,19.22165014
14824,69.01948,113.5284,16.7539215
14825,69.43111,141.7182,20.66677617
14826,70.07435,133.3257,19.08758753
14827,66.8212,121.7781,19.17326071
14828,68.06909,129.9501,19.71660127
14829,69.6444,124.8979,18.10247927
14830,64.80698,121.6822,20.36755091
14831,67.37179,125.3064,19.4076256
14832,67.39488,108.6014,16.80880892
14833,68.39465,118.6916,17.83737926
14834,68.4231,156.2505,23.46233587
14835,69.41607,124.4915,18.16247293
14836,66.82138,120.3149,18.94278624
14837,65.58027,109.5115,17.90064385
14838,71.02776,160.1136,22.31142507
14839,67.8096,141.57,21.64433225
14840,71.01235,136.6575,19.05114255
14841,67.45353,137.7991,21.29081771
14842,69.77346,143.6829,20.74817443
14843,64.07515,111.1404,19.03040441
14844,68.36516,143.9045,21.64512164
14845,69.40935,119.8486,17.48849091
14846,66.43953,104.0047,16.5636173
14847,69.77091,126.6292,18.28691362
14848,71.29182,148.3832,20.52393611
14849,67.26889,119.2626,18.52810807
14850,68.52627,140.521,21.03693042
14851,63.95467,100.0358,17.19357747
14852,68.27822,114.3188,17.23886231
14853,69.01564,129.8548,19.1654179
14854,68.33275,131.6805,19.82526468
14855,65.91471,111.3135,18.01102678
14856,65.5471,119.9587,19.6281836
14857,66.88448,124.6394,19.58664107
14858,67.50342,116.6803,18.00119386
14859,71.35101,148.2762,20.47512314
14860,66.5912,128.9648,20.44526913
14861,65.14281,105.1575,17.42057963
14862,67.26097,128.2402,19.92752026
14863,68.77974,134.0494,19.92044977
14864,66.92786,125.5997,19.71197091
14865,70.20106,154.8632,22.09104267
14866,68.1684,109.4807,16.56253043
14867,65.9685,121.0642,19.5568022
14868,69.2944,139.0479,20.35745493
14869,68.18398,115.8062,17.51146337
14870,67.3956,138.3648,21.41498905
14871,69.32049,127.5045,18.65338224
14872,66.66937,120.5405,19.06494739
14873,68.62135,145.4409,21.71317651
14874,69.82043,135.6144,19.55672341
14875,68.00272,139.2716,21.17216752
14876,69.35468,129.8923,18.98397649
14877,70.19606,147.7932,21.08551945
14878,69.94747,138.2673,19.86693112
14879,69.48896,117.94,17.17057444
14880,70.48888,119.9716,16.97432666
14881,65.70003,115.1262,18.74987425
14882,69.24694,126.8539,18.59764593
14883,67.30239,133.8636,20.77575674
14884,69.64951,135.6532,19.65844842
14885,65.50558,130.4526,21.37231033
14886,72.17516,134.4131,18.1393371
14887,67.65538,140.6611,21.60352695
14888,69.96429,130.0129,18.67191699
14889,66.61309,124.0167,19.64790892
14890,67.43982,136.3044,21.06844076
14891,63.73814,126.0077,21.80487684
14892,68.71436,134.623,20.04377771
14893,70.77193,133.9877,18.80607564
14894,69.37902,141.4066,20.65231227
14895,68.95079,137.57,20.3423241
14896,68.90363,131.0382,19.40300696
14897,65.21203,116.4051,19.24296075
14898,67.31722,117.2372,18.18730782
14899,64.38819,124.1841,21.05760066
14900,66.35807,119.5823,19.09126626
14901,66.38672,131.7982,21.02337226
14902,66.6684,143.8648,22.75463148
14903,65.19706,95.36862,15.77265483
14904,69.42103,117.8366,17.18911124
14905,64.06378,123.079,21.08211431
14906,68.24753,133.6979,20.17929711
14907,68.89321,133.5338,19.77851548
14908,70.65875,141.7325,19.9568904
14909,66.17187,132.7272,21.30926361
14910,69.79746,139.5868,20.14282777
14911,69.39866,149.026,21.75280166
14912,67.93777,117.9616,17.96691051
14913,67.26378,127.81,19.8590112
14914,67.44849,139.9993,21.63399507
14915,68.57844,127.3023,19.02901778
14916,68.18689,116.6239,17.63360548
14917,71.21952,142.336,19.72749751
14918,69.32096,123.3451,18.04463449
14919,65.65913,110.7946,18.06690126
14920,70.37,143.1529,20.32265167
14921,64.79003,131.5436,22.02970523
14922,65.92313,97.29027,15.73798384
14923,66.73192,128.011,20.20856029
14924,65.40144,111.9967,18.40712366
14925,66.71355,121.5899,19.20546045
14926,65.52829,120.2156,19.6815131
14927,68.39107,127.4346,19.15331222
14928,69.32446,131.3958,19.22046179
14929,73.19305,144.5579,18.9695691
14930,68.08406,116.6268,17.68735095
14931,70.00156,122.5793,17.5855933
14932,70.67706,117.6249,16.55379761
14933,66.43552,134.1497,21.36703953
14934,68.10398,133.4111,20.22098488
14935,70.03197,126.462,18.12686434
14936,64.56491,114.9612,19.3871296
14937,68.39336,132.7568,19.95189821
14938,68.0955,127.074,19.26527442
14939,66.25512,137.4863,22.01789821
14940,67.61981,113.9223,17.51524341
14941,67.10991,130.6669,20.39612195
14942,68.30287,122.2908,18.42770308
14943,70.05068,126.1234,18.06867407
14944,67.69089,132.2541,20.29102664
14945,69.26578,122.9495,18.01543005
14946,70.84848,131.7416,18.45088424
14947,67.14127,133.1617,20.76612923
14948,65.6565,121.3197,19.78477872
14949,67.91043,120.8734,18.42523784
14950,66.40429,130.1516,20.74973532
14951,67.17903,126.7042,19.73689718
14952,65.97607,136.9425,22.1167186
14953,66.04298,114.3685,18.4335265
14954,71.71449,153.2031,20.94156093
14955,66.09004,125.3156,20.1691889
14956,68.28237,137.1149,20.67391866
14957,69.2815,127.2959,18.64383184
14958,65.76268,113.9716,18.52648219
14959,66.98438,122.2353,19.15159212
14960,65.6529,131.5253,21.45145711
14961,68.95828,138.3287,20.45006909
14962,68.66489,119.6475,17.83978008
14963,63.28472,134.2575,23.56655792
14964,69.3378,145.5026,21.27580313
14965,68.23957,129.4421,19.54151868
14966,67.91304,111.7014,17.0258028
14967,66.16765,133.5217,21.43955451
14968,67.31495,115.6811,17.9471164
14969,66.97137,118.4895,18.57192091
14970,65.80597,124.801,20.2601567
14971,66.79723,118.5487,18.67820831
14972,65.12057,115.9726,19.22535342
14973,66.84355,123.2907,19.39843213
14974,68.38863,110.792,16.65313182
14975,68.68709,138.8422,20.68838439
14976,71.59953,129.4179,17.74717903
14977,68.32022,137.7368,20.74468295
14978,68.31,108.7164,16.3787901
14979,66.47004,122.2851,19.45704968
14980,68.12458,130.3549,19.74581257
14981,72.0858,138.3812,18.72116937
14982,68.82191,114.476,16.99089783
14983,66.5675,113.8546,18.06264777
14984,70.19345,131.3116,18.73549799
14985,68.39855,142.0522,21.34565565
14986,68.23971,132.4932,20.0020528
14987,71.56445,137.2813,18.84395387
14988,68.85791,137.9349,20.45134222
14989,70.46101,133.3018,18.87528903
14990,68.19618,119.5517,18.07136611
14991,67.34632,123.2255,19.09977164
14992,67.57452,119.1006,18.3359466
14993,70.49071,137.8164,19.49810732
14994,69.00788,133.1503,19.65622447
14995,69.18618,120.7711,17.7369786
14996,69.27963,134.9563,19.76684555
14997,68.30928,132.4946,19.96154205
14998,69.85509,112.2776,16.17529957
14999,66.99205,154.8623,24.25797224
15000,68.83483,132.5996,19.67347377
15001,65.51992,111.0786,18.19026414
15002,69.3211,128.1426,18.74640371
15003,64.91352,132.2049,22.05629478
15004,67.44463,136.2209,21.05253109
15005,68.36722,135.6455,20.40163035
15006,65.47213,83.33859,13.66748272
15007,69.36933,134.65,19.67101108
15008,69.54885,134.6695,19.57242629
15009,65.32827,114.8547,18.91915703
15010,67.09904,118.2642,18.46613516
15011,66.42256,133.6799,21.30052057
15012,71.0263,128.2917,17.87785877
15013,69.2985,121.2343,17.74733576
15014,66.85983,116.8298,18.37293008
15015,65.68344,116.4899,18.98155632
15016,68.44039,131.2274,19.6949507
15017,66.09236,124.9588,20.11035103
15018,66.89796,105.0615,16.50339039
15019,67.65639,126.238,19.38776684
15020,69.01429,132.3267,19.53101251
15021,67.95663,134.3919,20.45807428
15022,62.63031,98.87507,17.720379
15023,70.47594,118.9593,16.83728142
15024,70.99287,132.9842,18.54923071
15025,68.86312,137.4119,20.37071528
15026,71.61657,126.9508,17.40058033
15027,65.17342,110.3023,18.25571599
15028,66.6864,134.4681,21.25690577
15029,68.20849,133.9785,20.2448035
15030,67.12074,115.4099,18.00880593
15031,68.43384,124.156,18.63722366
15032,67.80769,139.6569,21.35304541
15033,69.55436,126.1296,18.32836081
15034,69.626,130.6209,18.94196829
15035,66.73544,127.3142,20.09643922
15036,66.85735,115.6542,18.1894018
15037,68.73859,114.5677,17.04575652
15038,67.84689,129.8946,19.83748137
15039,67.12274,132.4266,20.66289654
15040,65.01406,124.2521,20.66543194
15041,67.47471,102.7244,15.86159603
15042,67.25719,144.0751,22.39065599
15043,67.24826,127.6367,19.84123901
15044,66.30738,104.6319,16.72999075
15045,67.41475,125.3851,19.39507213
15046,66.58363,126.1534,20.00411526
15047,65.93812,104.2595,16.8576814
15048,69.80661,115.1499,16.6121481
15049,68.54967,139.205,20.82569112
15050,70.66876,133.3968,18.77784694
15051,68.59748,123.4007,18.43557233
15052,69.92431,124.9688,17.96803337
15053,69.29221,140.663,20.59521712
15054,70.8323,114.6896,16.07002954
15055,69.47654,150.3265,21.89346529
15056,65.12741,109.1273,18.08677435
15057,66.52541,100.9191,16.03074014
15058,66.75392,109.0707,17.20718696
15059,67.60759,132.4966,20.3783562
15060,70.49105,131.9175,18.66335762
15061,62.95883,122.8187,21.78243987
15062,67.16728,126.6304,19.73230323
15063,67.37938,115.0117,17.80915554
15064,66.73605,120.1152,18.95973653
15065,66.50685,120.364,19.13018544
15066,66.30539,103.8522,16.60631831
15067,69.84097,139.6097,20.12103858
15068,68.43171,111.0371,16.66896561
15069,70.21848,113.2947,16.15333018
15070,67.94852,118.2123,17.99939836
15071,67.36696,118.6315,18.3764428
15072,69.06908,146.7647,21.62766299
15073,64.44615,113.4007,19.19451331
15074,65.42316,122.9447,20.19305845
15075,66.9796,129.0708,20.22545161
15076,69.01274,116.1521,17.14446156
15077,67.59833,136.7678,21.04104243
15078,65.9525,130.6652,21.11799766
15079,67.12379,125.5072,19.58263034
15080,70.19532,126.5499,18.05513811
15081,69.38455,131.5782,19.21381983
15082,69.88289,143.9437,20.72078827
15083,66.33476,124.6417,19.9129849
15084,69.86933,127.138,18.30870145
15085,69.17547,142.2736,20.90140154
15086,63.69076,100.3788,17.39580225
15087,68.94349,112.6258,16.65737971
15088,67.82915,103.9962,15.89059087
15089,68.71299,133.2248,19.83639318
15090,71.78816,143.102,19.52069988
15091,70.80693,142.3487,19.95985125
15092,67.04918,116.1558,18.16390758
15093,70.7374,143.0558,20.09845202
15094,63.99731,102.6267,17.61538948
15095,68.44638,132.1454,19.82925541
15096,64.8252,117.1635,19.6001742
15097,70.32462,131.8657,18.74443616
15098,70.20879,163.8728,23.37110371
15099,68.04153,137.4699,20.87443841
15100,68.99917,129.7717,19.16229782
15101,67.06517,120.3846,18.81621208
15102,69.51164,124.2078,18.07128872
15103,63.43652,126.3691,22.07585417
15104,70.20568,136.4101,19.45616998
15105,67.06886,127.1024,19.86402381
15106,70.71333,141.4736,19.88969627
15107,66.53558,133.3857,21.18149957
15108,66.33691,123.5988,19.74508934
15109,66.76051,131.4503,20.73373843
15110,69.23838,126.2803,18.51813023
15111,64.43238,92.31443,15.63207285
15112,67.65387,114.1495,17.53250815
15113,65.28297,121.8429,20.0981343
15114,67.29254,122.4833,19.01508894
15115,66.67426,108.0738,17.09067984
15116,67.18934,126.9589,19.77050332
15117,68.86103,148.8058,22.06115039
15118,65.91764,136.8749,22.14500789
15119,67.48274,137.6678,21.25212107
15120,65.86101,123.4096,20.00080597
15121,69.58332,131.3107,19.0653661
15122,66.48236,121.0822,19.25851397
15123,67.12587,130.7108,20.39327345
15124,68.03928,118.5115,17.99684605
15125,70.60422,133.7741,18.86540112
15126,67.35277,134.1125,20.7832595
15127,64.96602,124.6932,20.76947756
15128,69.73659,126.8534,18.33732669
15129,67.85001,116.5084,17.79150681
15130,67.11269,137.5854,21.47426869
15131,68.91724,126.4464,18.71569854
15132,66.10288,143.3539,23.06343948
15133,66.92685,114.6862,17.99971872
15134,67.62461,123.238,18.94481723
15135,67.68375,146.636,22.50231008
15136,69.69504,131.1339,18.9787043
15137,67.53015,109.7927,16.92518255
15138,66.49217,112.7151,17.92241018
15139,67.49556,115.8608,17.87892646
15140,65.22979,118.5155,19.58116457
15141,65.14555,109.0792,18.06873544
15142,69.96429,118.1581,16.96937946
15143,66.96921,119.725,18.76678243
15144,72.68406,140.7454,18.72885288
15145,70.62989,143.2336,20.18474061
15146,66.28962,127.5244,20.40128651
15147,66.87942,118.188,18.57563686
15148,69.63736,138.7506,20.11433126
15149,72.13221,133.896,18.09107822
15150,67.64678,116.0453,17.82742519
15151,66.29793,130.1744,20.82001184
15152,66.24001,114.7215,18.38058642
15153,69.04627,123.7546,18.24888067
15154,68.95959,124.4974,18.40459501
15155,67.50624,145.7484,22.48388124
15156,67.53604,137.2567,21.15522721
15157,68.20346,121.3491,18.33914441
15158,67.12901,119.374,18.62278317
15159,67.57283,123.2969,18.98293089
15160,66.67624,140.9397,22.28673584
15161,65.26043,101.1571,16.69751466
15162,69.96595,142.8463,20.51402356
15163,69.89433,130.4151,18.76719262
15164,69.40222,126.5053,18.46363986
15165,69.38557,139.4706,20.36571555
15166,68.37978,126.2987,18.98885626
15167,69.18198,139.8423,20.54035326
15168,71.88614,134.319,18.27268831
15169,69.07546,114.2239,16.82924907
15170,66.55796,117.9522,18.71808288
15171,65.84951,135.0075,21.88810307
15172,69.30328,128.4679,18.80365919
15173,70.56769,137.2495,19.37556134
15174,65.70932,124.1531,20.21431119
15175,68.28887,129.7135,19.5542269
15176,68.64234,126.0445,18.8059408
15177,66.48124,124.1437,19.74612071
15178,66.33382,128.3406,20.50450901
15179,67.14291,110.4774,17.22774561
15180,68.01799,131.4676,19.97682531
15181,67.99908,132.4317,20.1345165
15182,66.54521,125.3635,19.90182182
15183,66.48652,133.496,21.23031188
15184,68.49951,106.7804,15.99823009
15185,67.05746,140.4379,21.95560725
15186,67.81343,122.49,18.72511685
15187,70.76865,141.9201,19.92128789
15188,67.35674,119.6444,18.53896916
15189,66.58169,140.4575,22.27361099
15190,68.81841,115.7801,17.18620456
15191,67.78353,138.1807,21.14240312
15192,70.59967,133.0057,18.75945582
15193,66.17798,117.8164,18.91185197
15194,64.52454,122.6902,20.71645139
15195,69.19398,124.8873,18.33736705
15196,72.00347,115.7439,15.69446746
15197,68.22649,135.6941,20.49322139
15198,64.9649,110.6567,18.43212857
15199,68.72693,140.5141,20.91324098
15200,65.62412,102.6406,16.7551192
15201,67.93149,119.2796,18.17101631
15202,68.15359,136.3666,20.6388675
15203,67.10444,119.5672,18.66658496
15204,66.78636,115.2495,18.16430672
15205,67.47237,119.3153,18.42466211
15206,69.15877,134.0016,19.69567129
15207,66.94609,124.1271,19.47024875
15208,64.64516,121.6082,20.45719834
15209,68.23103,119.5605,18.05423923
15210,74.59993,147.0372,18.57401145
15211,69.17074,116.6371,17.13748921
15212,64.4579,106.3788,17.99940327
15213,67.89229,136.952,20.88732329
15214,67.93228,139.162,21.19940172
15215,65.63166,124.0105,20.23890472
15216,69.93332,151.8863,21.8326089
15217,67.06235,119.6547,18.70370101
15218,68.72155,134.1575,19.9702908
15219,67.99221,120.0651,18.25802497
15220,69.48024,131.2464,19.11261471
15221,69.63642,134.5954,19.51248897
15222,68.6781,113.8461,16.96824551
15223,68.93508,135.1919,19.99978969
15224,65.25731,113.4053,18.72105597
15225,69.55037,150.3096,21.84455262
15226,64.50942,126.2417,21.32612178
15227,66.76791,105.8579,16.69333217
15228,68.19097,119.0327,17.9956639
15229,71.36573,149.988,20.70295862
15230,71.51642,134.707,18.51543658
15231,70.1695,143.5692,20.49839424
15232,67.27132,113.8254,17.6821313
15233,63.92789,122.9493,21.14952631
15234,70.109,114.8256,16.4227735
15235,70.32118,130.2398,18.51512917
15236,68.62967,125.1725,18.68273398
15237,64.68249,116.3063,19.54272428
15238,65.62406,127.038,20.73780477
15239,68.33608,130.0088,19.57167294
15240,68.15973,128.8837,19.50282831
15241,66.39703,129.2909,20.61702402
15242,68.7637,133.8946,19.90672942
15243,62.73218,115.6746,20.66391333
15244,67.25989,119.323,18.54245285
15245,67.31674,127.174,19.72911047
15246,70.01359,144.3033,20.69506972
15247,66.29943,123.5503,19.7596633
15248,69.3621,134.9359,19.71688795
15249,67.36081,126.2309,19.55718761
15250,66.67762,117.7297,18.61577765
15251,67.48578,118.3315,18.26548259
15252,69.01325,126.9036,18.73114422
15253,68.93436,113.2651,16.75637002
15254,67.98407,142.2802,21.64140588
15255,64.70492,113.5925,19.07349912
15256,68.71176,142.4521,21.21104353
15257,66.65959,121.0303,19.14803261
15258,67.62403,118.5923,18.23096762
15259,69.56171,137.7018,20.00573185
15260,66.20244,118.5927,19.02239909
15261,69.69845,133.8294,19.36692255
15262,64.18408,128.3516,21.90291768
15263,67.04695,116.5957,18.23390998
15264,65.07655,112.7787,18.72118639
15265,66.54927,119.9512,19.04027998
15266,64.94199,118.4685,19.74726843
15267,70.72113,138.7877,19.50778323
15268,65.72731,105.9051,17.23377755
15269,70.72856,132.1233,18.56714398
15270,69.73747,142.4348,20.58918045
15271,70.38866,118.807,16.85745308
15272,66.2377,127.8696,20.4885934
15273,69.15005,119.5495,17.57592101
15274,71.55308,143.2831,19.67404357
15275,67.3427,120.6477,18.70222694
15276,70.81002,147.7208,20.7113087
15277,68.94879,134.6874,19.91723265
15278,67.83322,107.5648,16.43389972
15279,66.80215,115.2344,18.15334199
15280,62.38539,105.2355,19.00867323
15281,70.19469,134.5963,19.20347948
15282,68.78438,134.1788,19.93698924
15283,69.24853,109.9131,16.11326927
15284,70.30374,125.2977,17.82138965
15285,70.82191,129.2991,18.12239352
15286,71.00821,146.8951,20.4807334
15287,68.13521,130.0498,19.69345051
15288,69.55141,125.0764,18.17685824
15289,66.80746,99.00428,15.59406622
15290,64.38131,117.1049,19.86144189
15291,68.01762,114.3042,17.36899341
15292,69.57085,124.6849,18.10983808
15293,67.64249,131.7347,20.24027177
15294,67.09186,115.918,18.10366649
15295,71.33608,136.9999,18.92592409
15296,68.33188,134.8577,20.30412762
15297,68.19698,141.5204,21.39164026
15298,71.61186,138.5029,18.98647247
15299,68.58219,125.3785,18.73940065
15300,69.51224,127.0237,18.48066168
15301,68.94224,121.7044,18.0007593
15302,67.56831,130.4685,20.08976613
15303,62.70761,121.0772,21.6459772
15304,69.65338,144.7186,20.96984816
15305,69.17779,123.8314,18.19083944
15306,69.1034,128.4483,18.90970937
15307,66.22062,142.7467,22.88415691
15308,63.90675,120.7712,20.78859999
15309,68.0134,142.6934,21.68553992
15310,67.39766,124.2776,19.23350993
15311,67.86913,123.3232,18.82155695
15312,68.93266,109.3652,16.18021922
15313,64.65561,129.5612,21.78802475
15314,67.64286,116.2336,17.85842239
15315,68.5499,144.1276,21.56198943
15316,66.47408,122.8267,19.54084941
15317,65.95487,112.2416,18.13908754
15318,66.32695,113.5088,18.13864342
15319,68.26741,123.2998,18.59905353
15320,70.78463,134.7647,18.90834602
15321,70.4697,139.8125,19.79230985
15322,64.96269,122.9922,20.48825142
15323,68.34706,130.6799,19.66638074
15324,73.07882,147.7522,19.44940092
15325,70.32529,134.3631,19.09907248
15326,72.11328,143.5666,19.4078864
15327,72.90519,139.1213,18.4006032
15328,64.87304,118.9879,19.87602916
15329,68.88989,123.4282,18.28347482
15330,69.17388,122.9818,18.06807555
15331,66.71493,123.5503,19.51430371
15332,67.02678,140.1351,21.9283291
15333,67.30884,118.4517,18.38029219
15334,62.58703,102.193,18.3403571
15335,68.64869,129.519,19.32076416
15336,67.74901,120.7554,18.49506999
15337,71.64536,122.4384,16.76860105
15338,66.66707,121.7723,19.26110049
15339,68.299,127.1307,19.15918687
15340,67.18546,119.8945,18.67256569
15341,67.60484,145.6195,22.39851789
15342,67.42626,110.1731,17.0362009
15343,66.47848,117.1419,18.6339715
15344,70.4336,135.951,19.26539679
15345,66.14942,114.8362,18.44939192
15346,65.24499,133.7044,22.08038729
15347,68.29032,124.673,18.79357665
15348,68.78918,132.8131,19.73131245
15349,69.25119,130.8556,19.18196777
15350,67.81337,131.5901,20.11628998
15351,67.14685,129.0973,20.12895351
15352,66.38206,119.9348,19.13370568
15353,69.90033,135.8803,19.55029747
15354,69.87924,147.5404,21.24075431
15355,67.05535,123.0133,19.23271194
15356,69.92107,150.7238,21.67309969
15357,66.75984,108.9817,17.19009706
15358,66.63653,106.6289,16.88128518
15359,68.95163,126.1426,18.65211261
15360,70.80464,141.4493,19.83502214
15361,70.82565,142.3535,19.94997412
15362,65.81239,142.3511,23.10472625
15363,68.58827,121.4297,18.14598508
15364,69.97348,121.2647,17.4109623
15365,65.8631,120.7951,19.5758355
15366,67.18395,137.6251,21.43492185
15367,65.3295,112.2046,18.48192988
15368,70.54919,143.444,20.2606628
15369,64.27425,115.4872,19.65237948
15370,70.23423,129.5721,18.46584439
15371,68.52809,140.6879,21.06079774
15372,66.50366,132.8973,21.12420573
15373,66.6848,109.0765,17.24379349
15374,68.96487,122.8685,18.16101167
15375,65.95854,122.3757,19.77463364
15376,71.1723,127.8293,17.74041334
15377,70.53792,125.9055,17.78913081
15378,68.59623,121.8365,18.20255047
15379,63.09214,105.3814,18.61095985
15380,70.15201,128.9654,18.4224886
15381,69.93896,135.1878,19.42918062
15382,68.3899,150.545,22.62755992
15383,66.77273,118.2023,18.63729961
15384,68.0307,112.1099,17.02901041
15385,68.32284,117.0799,17.63217334
15386,68.70199,135.324,20.15540447
15387,69.18134,134.7164,19.78781558
15388,70.76125,131.4654,18.45762422
15389,67.4487,138.5211,21.40543656
15390,65.80367,112.9028,18.32988778
15391,67.84868,135.7776,20.73483803
15392,70.37215,117.2445,16.64355764
15393,68.05707,115.4099,17.51668394
15394,67.83306,122.5637,18.72554086
15395,68.36174,128.5694,19.34045673
15396,67.68101,117.5547,18.04104378
15397,65.56852,116.2469,19.00841667
15398,65.84858,118.0476,19.13901836
15399,67.48284,113.4292,17.51029614
15400,68.15474,127.9674,19.36700838
15401,67.60055,115.2546,17.73017957
15402,66.3466,136.7939,21.84664304
15403,68.00428,141.7709,21.5511241
15404,65.89079,111.1971,18.00525834
15405,69.71858,129.3685,18.71056068
15406,66.92519,123.8781,19.44332945
15407,67.86156,134.4959,20.53131152
15408,72.30671,145.3807,19.54811467
15409,69.04887,132.7148,19.56867996
15410,68.37203,137.6722,20.70354089
15411,69.46166,129.7161,18.89987327
15412,64.55413,109.6147,18.49166681
15413,62.91846,111.747,19.84426552
15414,69.66751,114.9432,16.64861198
15415,68.7226,114.1321,16.98884952
15416,66.99763,119.7136,18.74907887
15417,67.96265,129.548,19.71720848
15418,62.54756,102.5937,18.43551495
15419,67.69388,115.6799,17.74656954
15420,68.17765,125.0763,18.91674003
15421,66.84001,140.2859,22.07477752
15422,70.49117,127.9204,18.09779631
15423,64.38355,115.77,19.63367147
15424,67.4107,115.8599,17.92382935
15425,68.71162,136.6454,20.34651184
15426,69.38429,112.8169,16.47430833
15427,68.19334,121.7475,18.40481486
15428,67.66466,120.6145,18.51957594
15429,68.85946,136.1552,20.18656071
15430,70.88504,132.1232,18.48524586
15431,68.90069,128.3104,19.00071928
15432,69.74202,148.7868,21.5045661
15433,65.32131,122.75,20.22399989
15434,66.05517,105.019,16.92035904
15435,67.46121,124.1873,19.18334145
15436,66.97366,119.5436,18.73585813
15437,71.24954,125.3502,17.35866119
15438,66.25833,105.2265,16.84998347
15439,65.33602,127.9746,21.07529948
15440,67.81863,124.7162,19.06251375
15441,68.88544,123.1058,18.23807369
15442,68.50931,123.0264,18.42699228
15443,68.59759,132.1907,19.74869993
15444,69.57731,143.1516,20.78817018
15445,69.94225,131.2863,18.86668227
15446,68.32527,127.9279,19.26450626
15447,67.709,137.9562,21.15454792
15448,68.14718,142.613,21.58831085
15449,69.38748,135.7762,19.82516199
15450,67.74435,131.3401,20.11900541
15451,70.22145,133.1431,18.98166934
15452,67.57101,127.27,19.59568945
15453,67.8206,125.5015,19.18143023
15454,66.2936,114.019,18.23850958
15455,68.27218,119.0224,17.95132407
15456,67.90289,140.4732,21.417673
15457,71.51032,134.635,18.50869747
15458,69.78562,135.451,19.55265143
15459,67.5308,123.7992,19.08399851
15460,68.60276,140.7911,21.03039115
15461,72.9157,137.3991,18.16758138
15462,68.39973,114.1057,17.14564746
15463,68.743,134.3778,19.99060276
15464,67.07172,126.1538,19.7140918
15465,66.5829,115.1352,18.25736219
15466,68.20199,110.4711,16.69590289
15467,68.5013,136.1652,20.39970214
15468,67.65171,137.7229,21.1545566
15469,69.73023,128.6487,18.6002393
15470,65.67533,95.8643,15.62455665
15471,68.98154,147.9151,21.85254711
15472,68.41366,130.7171,19.63369677
15473,67.65729,128.6169,19.75259532
15474,70.93404,135.8496,18.98035356
15475,71.4025,163.3466,22.52364058
15476,68.66985,119.7289,17.84933827
15477,67.29176,131.9414,20.48389959
15478,69.39537,129.0571,18.83979773
15479,67.96799,121.7029,18.5202736
15480,66.18912,112.539,18.05864508
15481,69.42809,133.8009,19.51389322
15482,67.49189,117.2768,18.09940309
15483,68.53399,120.6305,18.05512166
15484,69.81642,119.9056,17.29337028
15485,68.63746,127.091,18.96477588
15486,68.8994,131.4347,19.464107
15487,67.9315,105.7268,16.10638233
15488,71.5028,119.767,16.46821008
15489,67.15119,127.6184,19.89579025
15490,69.00578,123.6567,18.25584917
15491,71.94177,158.7778,21.56665881
15492,64.97172,133.6738,22.26142142
15493,66.55485,134.9888,21.42365884
15494,68.68354,132.3782,19.72724575
15495,68.36506,124.8407,18.77773136
15496,64.1255,115.6005,19.76302904
15497,66.19137,129.8423,20.83381411
15498,64.14117,121.0525,20.68499083
15499,67.96989,133.8695,20.37060052
15500,69.18067,133.8081,19.65478066
15501,69.19612,119.4294,17.53489175
15502,73.29095,153.6943,20.11464556
15503,69.45026,117.4511,17.11845879
15504,70.48029,146.3542,20.71214846
15505,65.61927,127.5175,20.81911794
15506,66.73212,120.9633,19.09585495
15507,66.97858,135.7225,21.26842372
15508,65.35568,131.9,21.70868141
15509,66.13306,132.2003,21.24958875
15510,66.19537,111.411,17.87426405
15511,69.60618,115.0129,16.68807637
15512,64.85576,131.9602,22.05470151
15513,66.14641,117.3194,18.85005411
15514,68.06858,147.1991,22.33403016
15515,68.42537,139.2146,20.90286424
15516,64.72761,113.471,19.03974223
15517,67.12449,120.4451,18.79240933
15518,68.2669,120.1299,18.12116341
15519,64.63001,130.0922,21.89465654
15520,65.93702,123.0907,19.90315548
15521,69.72134,134.9164,19.51140836
15522,67.2083,115.8391,18.02871109
15523,72.91999,154.2153,20.38870242
15524,69.98652,129.3433,18.56395315
15525,67.19622,109.1018,16.98625166
15526,68.80471,121.8463,18.09386449
15527,68.95943,131.1717,19.3913545
15528,70.71013,107.6082,15.12994748
15529,69.31161,110.585,16.18227486
15530,68.37667,139.5479,20.982766
15531,65.87762,108.2863,17.54094707
15532,67.57576,137.937,21.23509576
15533,69.04748,120.0193,17.69745223
15534,64.96906,130.7477,21.77590516
15535,65.00848,112.3542,18.68979825
15536,69.66271,112.7833,16.33801883
15537,68.36325,93.56304,14.07389308
15538,67.78303,135.3219,20.70529654
15539,68.35589,130.4797,19.63117932
15540,69.08049,137.2105,20.21305013
15541,66.18595,116.7954,18.74344644
15542,69.8707,127.2318,18.32149076
15543,68.14345,119.3634,18.0708371
15544,71.50856,147.4461,20.27087753
15545,67.58713,152.0826,23.40490289
15546,69.32161,127.0991,18.59347306
15547,64.32043,101.6548,17.27369858
15548,70.04715,129.3431,18.53180197
15549,67.95275,120.5799,18.35761132
15550,69.3643,115.9751,16.94525329
15551,65.61191,115.1222,18.79961886
15552,66.45951,117.4793,18.69831213
15553,67.01312,116.3448,18.21304773
15554,67.15306,133.1964,20.76424754
15555,68.38756,123.0091,18.49006119
15556,66.91337,123.0284,19.31678717
15557,69.39488,125.889,18.37757698
15558,67.43209,136.7256,21.13839076
15559,67.25651,125.2836,19.4706699
15560,70.1574,129.8738,18.54940148
15561,68.21801,145.046,21.91103986
15562,66.54598,131.5953,20.89065482
15563,67.91875,134.6972,20.52742737
15564,65.47246,125.9926,20.6625085
15565,68.64399,123.5308,18.4300087
15566,67.54097,133.869,20.63007264
15567,67.67111,127.5556,19.58160359
15568,67.54769,129.9528,20.02257657
15569,68.83269,116.6869,17.31362245
15570,66.9893,116.2079,18.20455632
15571,68.12926,139.5733,21.13928667
15572,67.21663,117.1835,18.23342776
15573,66.64897,119.2815,18.87737193
15574,67.21762,127.3762,19.81879982
15575,66.21812,121.0712,19.41075727
15576,67.3438,133.4411,20.68472261
15577,68.11292,109.9029,16.6534984
15578,69.87913,127.7891,18.39730286
15579,68.21125,138.5343,20.93151307
15580,65.68767,141.1901,23.00339072
15581,65.99233,113.6949,18.35309803
15582,67.60517,102.2036,15.72033151
15583,65.90505,139.2275,22.53424243
15584,70.34152,127.0828,18.05587763
15585,66.07605,120.0142,19.3241239
15586,65.77453,126.9642,20.63103893
15587,65.71341,112.0802,18.24635894
15588,68.57546,141.1028,21.09373559
15589,67.93372,112.6789,17.16434084
15590,67.70726,136.6165,20.95019173
15591,69.36386,143.3529,20.94572041
15592,70.64307,133.4741,18.80239608
15593,69.04345,143.0016,21.08877013
15594,69.57571,154.5079,22.43833983
15595,67.52772,136.2476,21.00487072
15596,66.33405,120.4514,19.24394689
15597,65.23795,115.1459,19.01967942
15598,71.71197,127.5762,17.43980725
15599,66.40209,110.5565,17.62690681
15600,66.41322,123.2217,19.63963656
15601,65.24322,132.3124,21.85169339
15602,69.37652,144.9025,21.16441071
15603,66.97944,116.5849,18.26899282
15604,66.94715,116.96,18.34545543
15605,68.35779,119.4615,17.97244906
15606,67.72118,116.2328,17.81701687
15607,66.6547,123.8393,19.59531536
15608,71.16116,131.0291,18.19018203
15609,69.76995,132.3991,19.12068886
15610,67.08047,123.6803,19.32251537
15611,70.16271,132.0564,18.85827952
15612,67.20725,125.4732,19.52873215
15613,66.441,109.2837,17.40357202
15614,70.43908,128.0154,18.1380332
15615,67.42411,117.7129,18.20325024
15616,67.23794,115.5231,17.9636821
15617,65.54462,116.0185,18.98490688
15618,68.58579,131.2912,19.62106841
15619,71.46377,140.9955,19.40835514
15620,67.02704,152.026,23.78883161
15621,70.74595,150.4723,21.1353147
15622,64.55871,123.1474,20.77164466
15623,66.43466,128.8558,20.52437132
15624,71.88538,129.4843,17.61535065
15625,67.35006,136.4792,21.15172635
15626,67.26021,123.2473,19.15209561
15627,69.42105,131.1226,19.12716133
15628,67.02923,118.0796,18.47573555
15629,70.15598,143.471,20.49226952
15630,68.16962,123.4292,18.67202813
15631,69.33135,118.6,17.34525546
15632,68.82239,119.6967,17.76552318
15633,70.70061,132.7463,18.66944589
15634,63.01405,116.679,20.65728479
15635,70.79121,129.9765,18.23314106
15636,70.10094,140.6238,20.1171508
15637,67.68598,113.3493,17.39308923
15638,70.44934,130.0917,18.42684812
15639,68.47164,143.6588,21.54101184
15640,69.22334,147.1708,21.59095616
15641,69.05267,126.3728,18.6315069
15642,69.22824,128.1722,18.8010707
15643,69.30531,140.5582,20.57209357
15644,67.3569,114.6302,17.76193158
15645,68.14178,133.9639,20.2822513
15646,67.50705,127.7368,19.70484836
15647,68.87072,139.0535,20.60952598
15648,67.27839,134.3672,20.86879689
15649,66.97126,116.9116,18.3246627
15650,67.27037,121.5396,18.88102185
15651,66.01214,116.2959,18.76169644
15652,65.90324,117.2595,18.97972128
15653,65.97601,115.5695,18.66493426
15654,65.01385,117.3807,19.52271662
15655,68.3634,126.2682,18.99336904
15656,66.71134,130.885,20.67501693
15657,70.69657,120.929,17.00940412
15658,70.69145,134.6101,18.93647733
15659,71.82796,136.3967,18.58540904
15660,65.57821,112.8178,18.44224704
15661,67.87092,141.7216,21.62837543
15662,69.38038,135.5633,19.79812714
15663,69.34518,139.0857,20.33317723
15664,67.16737,134.124,20.89994461
15665,68.26749,122.9496,18.54618444
15666,67.82439,129.221,19.74770494
15667,63.97761,114.6071,19.68388522
15668,68.59532,135.5424,20.25076917
15669,65.85937,131.0302,21.23692263
15670,65.73705,112.9266,18.37093057
15671,68.55083,137.6187,20.58767676
15672,66.17839,125.057,20.0738621
15673,63.43905,103.7247,18.11858054
15674,64.61373,115.6394,19.47204343
15675,64.14292,114.1789,19.50939162
15676,64.25756,122.5431,20.86391125
15677,67.52237,137.2828,21.16781828
15678,66.64326,119.2689,18.87861249
15679,68.4414,129.9912,19.50884277
15680,70.65253,114.6167,16.1416449
15681,68.04596,113.3741,17.21331382
15682,68.07645,115.4976,17.52001542
15683,66.06383,119.0574,19.17715697
15684,69.31688,138.3508,20.24225943
15685,68.35005,130.7714,19.67842904
15686,68.11006,121.5984,18.4272556
15687,67.60474,132.0105,20.30530453
15688,65.64374,111.5052,18.19130321
15689,69.18597,145.8104,21.41449109
15690,70.15414,127.0499,18.14776063
15691,68.92615,117.2627,17.35190547
15692,71.21385,125.7487,17.43130485
15693,70.58186,116.7541,16.47560107
15694,69.20943,126.4311,18.55575786
15695,68.11377,133.0339,20.15801718
15696,67.54765,130.4505,20.09928388
15697,65.63714,130.5983,21.31049561
15698,67.39903,143.0303,22.13482445
15699,68.25314,120.4308,18.17387867
15700,67.56373,130.1949,20.0503548
15701,63.40403,138.8565,24.2821878
15702,67.13774,114.4542,17.85063309
15703,66.48756,135.5376,21.55431998
15704,66.61374,123.9797,19.6416637
15705,68.4256,130.75,19.63178522
15706,71.18574,143.5065,19.90860773
15707,67.99548,104.9198,15.95337931
15708,68.42032,129.021,19.37517022
15709,67.75353,110.3398,16.897547
15710,68.99095,135.43,20.0025771
15711,66.73917,118.7027,18.73502686
15712,73.15071,147.0571,19.31987138
15713,66.71381,115.7718,18.28633296
15714,67.26833,122.3568,19.00912573
15715,69.68744,146.7596,21.2448086
15716,71.24277,150.5403,20.85098175
15717,67.21908,128.3988,19.97704103
15718,67.04756,129.4247,20.23981492
15719,68.03582,133.8249,20.32436593
15720,66.73546,123.987,19.57123178
15721,64.51386,145.7486,24.61805071
15722,68.14688,109.3535,16.55373729
15723,69.3206,149.6076,21.8869051
15724,68.78965,136.5204,20.28180849
15725,68.86876,136.3434,20.20900437
15726,68.21886,131.5544,19.87246716
15727,70.3612,110.3731,15.67299843
15728,65.26249,108.1267,17.8468262
15729,69.42921,124.1743,18.10933898
15730,65.74235,129.9598,21.13848758
15731,63.94659,130.0202,22.35277127
15732,66.16987,127.7085,20.50475413
15733,64.40661,114.9881,19.48710571
15734,67.26361,111.7895,17.36984707
15735,67.44707,130.3438,20.14278546
15736,65.40338,102.6185,16.86477694
15737,70.44362,129.8482,18.39534458
15738,70.22944,138.4534,19.73424608
15739,68.02875,132.7304,20.16233128
15740,66.88354,116.153,18.25354638
15741,68.52738,108.5851,16.25538669
15742,68.12687,127.3693,19.29226481
15743,69.64371,137.753,19.96607021
15744,66.28769,122.0997,19.53458332
15745,67.5751,129.523,19.94016859
15746,68.65998,123.6958,18.44603098
15747,65.92461,120.7062,19.52494254
15748,70.10254,139.5667,19.96501437
15749,66.8777,132.8097,20.87480672
15750,70.26733,136.3759,19.4171753
15751,65.16569,137.0949,22.6954411
15752,67.89454,133.6111,20.37643315
15753,67.6881,131.3197,20.14932768
15754,63.98477,117.5309,20.18153338
15755,73.2731,120.6557,15.79843388
15756,67.38426,148.594,23.00592353
15757,69.40435,143.1126,20.88621837
15758,67.50653,114.2218,17.62027797
15759,68.20742,126.5535,19.12344984
15760,71.0084,138.5358,19.31514123
15761,66.08852,127.8555,20.57892514
15762,67.10118,116.9214,18.25530179
15763,68.0587,108.7064,16.49844981
15764,68.40527,141.2409,21.21957486
15765,68.86958,126.5546,18.75764842
15766,69.42117,140.9856,20.56582918
15767,66.8765,114.5692,18.00844166
15768,67.38679,145.2286,22.48319037
15769,69.73443,145.9757,21.10286306
15770,67.22426,117.1126,18.21825965
15771,67.8476,128.6058,19.64024499
15772,70.25478,132.2171,18.83177237
15773,65.66468,132.7203,21.63859285
15774,65.68942,120.1367,19.5722236
15775,70.35956,140.5765,19.96281681
15776,67.89833,117.8036,17.96369621
15777,71.29145,133.9801,18.53193323
15778,68.07826,129.8407,19.69469588
15779,67.88304,109.2468,16.66638783
15780,65.7471,129.3293,21.03289476
15781,70.82378,136.3718,19.11268462
15782,68.98715,130.8191,19.32369057
15783,68.20438,123.5732,18.6747625
15784,69.0132,142.563,21.04252348
15785,65.20002,100.3488,16.59480107
15786,65.63714,135.9242,22.17955416
15787,69.41814,121.004,17.6526173
15788,69.3546,135.1652,19.7546652
15789,69.87385,128.9834,18.57204808
15790,69.48099,123.9738,18.05316047
15791,63.8773,111.8653,19.27336805
15792,67.05966,116.0247,18.13773635
15793,66.56715,130.2285,20.66052896
15794,67.36107,116.0479,17.97937773
15795,67.11625,111.0254,17.32695731
15796,69.29711,135.6468,19.85796002
15797,69.78731,133.3097,19.24261803
15798,69.29322,129.2499,18.92361286
15799,70.9491,131.2845,18.33475023
15800,66.63025,129.8742,20.56531305
15801,65.36933,132.5488,21.80635399
15802,68.85029,120.5336,17.87524097
15803,67.71967,123.9878,19.00660779
15804,69.43243,137.2161,20.00947374
15805,70.39465,137.8235,19.5523648
15806,68.07996,128.6478,19.51277806
15807,68.71273,115.1458,17.14466561
15808,67.11097,134.6806,21.0219663
15809,65.95239,131.6371,21.27514627
15810,66.32713,150.0352,23.9754118
15811,68.22637,120.5216,18.20185638
15812,70.70513,143.6464,20.19985357
15813,67.97221,112.9209,17.1817294
15814,69.24506,145.094,21.27292392
15815,69.11257,129.4851,19.05728531
15816,64.77694,114.4425,19.17351795
15817,67.58057,117.4571,18.0796866
15818,69.07466,130.3215,19.2014437
15819,70.55491,145.2355,20.51037613
15820,66.22396,109.8105,17.60227901
15821,64.38465,109.9922,18.65316515
15822,69.10443,130.7489,19.24782186
15823,66.15927,144.2465,23.16750152
15824,66.80091,112.0282,17.64891151
15825,68.97519,128.6123,19.00430619
15826,68.97731,133.5575,19.73381711
15827,71.23152,142.6203,19.76024146
15828,68.61435,140.4561,20.97326399
15829,62.37781,124.7478,22.53865386
15830,66.18523,121.0028,19.41907684
15831,68.24677,133.8376,20.20083222
15832,68.39773,128.4398,19.30063371
15833,69.75441,131.3891,18.98328305
15834,67.40124,110.1077,17.03873086
15835,66.15482,121.3213,19.48809536
15836,67.53005,146.2208,22.54085255
15837,67.82452,132.4239,20.2370983
15838,68.04693,132.7561,20.15546109
15839,66.67182,107.1052,16.93874618
15840,66.66155,127.8097,20.21940286
15841,63.09378,126.804,22.39314974
15842,67.74892,141.0813,21.60827135
15843,70.21034,142.8787,20.37608121
15844,64.37686,105.2929,17.86055016
15845,71.11437,137.9506,19.17627216
15846,67.62251,131.9704,20.28846941
15847,67.05012,124.1539,19.41406917
15848,67.02249,121.239,18.97389764
15849,66.0373,107.355,17.30609106
15850,68.17467,119.334,18.04984323
15851,68.12509,125.4845,19.00777277
15852,67.9441,129.4576,19.71420988
15853,65.23296,134.0644,22.14800552
15854,66.99444,134.4277,21.05554905
15855,69.08538,127.8524,18.83180326
15856,68.18635,121.5633,18.38073693
15857,72.32435,131.5309,17.67722291
15858,68.13306,110.3872,16.71699658
15859,66.18912,112.8697,18.11171108
15860,69.37225,124.8294,18.234785
15861,66.07944,134.7904,21.70109157
15862,66.44596,118.9311,18.93710555
15863,67.61141,113.2781,17.42052724
15864,68.53111,131.2487,19.64603001
15865,68.06372,123.56,18.75002544
15866,68.76919,136.6776,20.31724657
15867,71.16472,129.4277,17.96606922
15868,70.48029,119.135,16.86006829
15869,70.28214,134.233,19.10401577
15870,70.8243,149.1779,20.90716914
15871,66.79418,137.4535,21.65877465
15872,64.55907,112.1905,18.92330013
15873,68.29073,127.4853,19.21728031
15874,67.16584,110.988,17.29555288
15875,68.85305,131.1517,19.44835544
15876,68.67427,126.2711,18.82223475
15877,70.50813,129.325,18.2877139
15878,69.12074,131.7384,19.384337
15879,69.05772,142.9574,21.07353994
15880,68.48742,130.3869,19.54193987
15881,66.55005,113.3649,17.99439138
15882,66.25859,125.5129,20.09829931
15883,67.67373,137.0173,21.03248082
15884,66.59621,115.5486,18.31559302
15885,68.5454,122.0308,18.25862854
15886,68.01326,136.465,20.73907685
15887,71.39722,145.4316,20.05633169
15888,65.66147,113.4022,18.49079579
15889,69.0446,121.1875,17.87120002
15890,66.10215,121.1734,19.49536849
15891,68.29647,140.8319,21.22559382
15892,68.92003,137.5018,20.35039264
15893,69.63445,137.2601,19.89992028
15894,68.19362,122.2916,18.48691574
15895,67.68318,110.2839,16.92411354
15896,68.81011,135.7101,20.1494405
15897,67.44676,125.4474,19.3862945
15898,67.81835,114.9293,17.56675919
15899,69.42357,138.1367,20.14886171
15900,69.66435,135.0944,19.56912887
15901,70.1609,118.3303,16.8989993
15902,67.91643,134.0842,20.43540417
15903,69.72084,129.8715,18.78209184
15904,66.27692,123.4119,19.7509381
15905,68.83848,108.7075,16.12695183
15906,66.70584,128.4442,20.29280622
15907,69.88419,146.8151,21.13334187
15908,69.77301,136.3172,19.68480262
15909,67.31753,118.5609,18.3924874
15910,70.62492,136.7641,19.2757595
15911,66.38894,118.7559,18.94170425
15912,67.15444,127.4159,19.86229773
15913,68.86083,121.9486,18.07955088
15914,65.47601,119.0022,19.51398211
15915,67.33502,125.7401,19.49607287
15916,68.45368,113.8913,17.0864671
15917,67.32573,130.848,20.29365494
15918,65.63352,96.94675,15.82111861
15919,69.09134,128.7349,18.95851836
15920,66.68162,123.8286,19.57780522
15921,67.27892,119.8219,18.60944856
15922,66.83412,141.3197,22.24137147
15923,64.8425,104.1389,17.41200606
15924,68.13785,139.2758,21.08891008
15925,67.83599,145.5619,22.23733332
15926,68.43267,128.1718,19.24069869
15927,68.44093,118.326,17.75839468
15928,68.90259,135.902,20.12380401
15929,67.65946,115.9803,17.81076191
15930,64.72884,126.7694,21.27032431
15931,65.16943,107.2528,17.75317847
15932,68.30429,134.5369,20.27219517
15933,67.49387,137.5206,21.2223964
15934,67.59123,124.1155,19.09856103
15935,65.05233,128.8537,21.40555565
15936,71.06411,129.7451,18.06116031
15937,66.51821,107.858,17.13667578
15938,68.41937,122.5515,18.40415213
15939,69.47786,129.6483,18.88118663
15940,66.99148,126.63,19.83594004
15941,67.36273,126.6374,19.61904899
15942,67.06229,126.849,19.82830607
15943,65.89625,136.3139,22.06856362
15944,70.22917,145.3402,20.71600499
15945,65.93523,118.384,19.14314479
15946,69.97458,126.3133,18.13526081
15947,66.95063,125.1891,19.63416816
15948,70.3091,140.2088,19.93919037
15949,70.12037,133.0408,19.02180716
15950,65.7668,126.4413,20.55090044
15951,69.57565,134.8488,19.58338971
15952,65.92296,108.4948,17.55055481
15953,70.79414,130.4189,18.29368671
15954,69.44383,131.4925,19.16853742
15955,66.62863,130.4575,20.65868196
15956,67.80396,139.6093,21.34811613
15957,68.95013,138.8719,20.53522775
15958,71.30744,146.9161,20.31210935
15959,67.58884,134.6915,20.72743342
15960,69.10194,123.2658,18.14752667
15961,71.06352,147.8189,20.57746444
15962,69.84568,115.9428,16.70782853
15963,66.83921,104.2683,16.4075978
15964,69.76971,137.6183,19.87456711
15965,67.58215,139.1822,21.42273986
15966,69.18909,134.7638,19.79034368
15967,74.25069,150.0567,19.13417443
15968,69.13383,135.5109,19.93188258
15969,66.30129,117.319,18.76202545
15970,68.25075,124.1859,18.74186295
15971,70.71204,156.4888,22.00147778
15972,65.20837,110.58,18.28206387
15973,63.79465,122.6602,21.18802493
15974,71.69954,145.9436,19.95756907
15975,68.00717,141.6695,21.5338796
15976,67.55854,132.8552,20.46319164
15977,65.6403,143.5714,23.42513734
15978,64.35459,107.3014,18.2138459
15979,69.7329,136.9779,19.80297209
15980,73.36407,140.0662,18.2945545
15981,65.08527,120.9151,20.06644517
15982,67.59317,122.3761,18.8298259
15983,68.82592,123.6124,18.34481401
15984,66.47578,117.2748,18.65662758
15985,68.44873,125.3048,18.80148893
15986,66.23119,133.229,21.3515288
15987,66.32448,116.0772,18.55045393
15988,67.293,137.0363,21.27409866
15989,65.65561,124.1935,20.25398622
15990,66.92149,109.5993,17.20409775
15991,65.07498,105.2216,17.46755582
15992,67.96785,131.2363,19.97111158
15993,66.14877,120.1462,19.30286699
15994,69.45894,120.3336,17.53419903
15995,65.77765,123.8685,20.12609398
15996,65.23996,116.0991,19.17594635
15997,68.39398,117.3044,17.6292515
15998,66.57914,113.7488,18.0395536
15999,67.67032,113.9851,17.49874688
16000,68.46821,114.5627,17.17989944
16001,67.94276,147.1207,22.40488596
16002,68.41071,114.7406,17.23551426
16003,67.81453,120.7329,18.45590922
16004,66.13517,135.6964,21.81015252
16005,68.84075,128.7526,19.09941857
16006,69.82133,130.4452,18.81079686
16007,70.69125,131.4881,18.49738997
16008,69.67354,127.5423,18.47029431
16009,67.11306,112.9442,17.62808667
16010,67.76652,113.787,17.4187748
16011,67.98509,117.4293,17.86094542
16012,66.10635,119.1248,19.16333767
16013,70.25508,130.6601,18.60984886
16014,69.69406,127.8872,18.50933749
16015,70.62853,154.1866,21.72909418
16016,66.46828,115.0219,18.30235526
16017,65.83352,118.1788,19.16905694
16018,69.43541,133.457,19.45963431
16019,67.18957,126.4289,19.687835
16020,67.85753,132.5879,20.2424522
16021,70.80011,130.9031,18.35850836
16022,68.23846,111.4887,16.83169071
16023,69.24097,145.3706,21.31599557
16024,69.30102,127.2747,18.6302273
16025,69.52276,130.5737,18.99140196
16026,69.22084,141.1106,20.70337903
16027,67.85295,129.5885,19.78719893
16028,65.77801,128.725,20.91494681
16029,66.55636,124.4,19.742247
16030,65.75154,134.4078,21.85586198
16031,65.79782,128.8091,20.91601097
16032,68.06347,118.8537,18.0359847
16033,68.3986,102.3968,15.38676371
16034,68.21292,123.15,18.6061475
16035,66.66365,130.5961,20.65890771
16036,65.77131,112.8459,18.33868225
16037,64.85413,117.4122,19.62425937
16038,69.30353,158.2312,23.15990291
16039,67.96803,111.7532,17.00614697
16040,68.60519,137.1098,20.47905345
16041,66.8475,123.4111,19.41508108
16042,67.11017,116.3094,18.15488334
16043,69.15094,129.7406,19.07370454
16044,66.13712,106.6076,17.13377001
16045,66.42691,138.0277,21.99041751
16046,70.39729,118.1795,16.76430646
16047,68.66476,137.9495,20.56873784
16048,70.14358,133.6875,19.1016231
16049,66.8426,130.6206,20.55229526
16050,70.37678,133.2398,18.91169749
16051,68.74193,116.7499,17.36874343
16052,65.41171,110.589,18.17005537
16053,71.92922,135.987,18.47744917
16054,69.84558,130.0924,18.74689706
16055,68.54234,139.991,20.94775988
16056,68.97866,124.9344,18.45898656
16057,67.76261,112.8224,17.27310482
16058,66.49068,124.7065,19.83000696
16059,64.95423,93.85997,15.63942776
16060,67.37242,132.68,20.54927448
16061,71.21076,136.9751,18.98915806
16062,69.7826,130.0858,18.77979832
16063,69.90597,139.7374,20.10200843
16064,70.10361,151.6632,21.69475624
16065,68.52806,128.6134,19.25327747
16066,67.44755,124.6756,19.26657132
16067,68.69408,121.506,18.10149422
16068,68.10934,131.7102,19.96003923
16069,67.69214,116.534,17.87851696
16070,67.63227,116.31,17.87575741
16071,64.61927,121.4863,20.45307144
16072,67.29108,124.9753,19.40280485
16073,69.87057,140.744,20.26733482
16074,67.21068,135.6258,21.10673508
16075,67.51395,106.5245,16.42925211
16076,66.91739,120.4203,18.9050157
16077,69.39064,147.6976,21.56388352
16078,68.90895,136.3169,20.18151483
16079,67.95984,113.1916,17.22918873
16080,67.44107,126.8993,19.61397635
16081,68.93723,131.1289,19.39751451
16082,68.20281,138.466,20.9263717
16083,66.81433,120.1186,18.91587134
16084,69.65587,127.9894,18.54444697
16085,69.37795,136.1519,19.88548122
16086,69.82831,123.4697,17.80133837
16087,65.75387,112.9789,18.37003694
16088,65.7493,123.9453,20.15594298
16089,65.71657,131.5604,21.41562407
16090,67.83512,131.2806,20.05610907
16091,69.31119,135.1037,19.77041826
16092,67.7191,120.699,18.50276537
16093,66.34019,109.6276,17.51143795
16094,67.49858,120.7825,18.63674516
16095,67.31243,126.4223,19.6150073
16096,69.86285,134.3626,19.35268053
16097,65.53745,123.5052,20.21442952
16098,64.59321,115.3473,19.4352004
16099,70.94415,137.818,19.24988276
16100,65.10856,142.4697,23.62662316
16101,65.90327,121.5589,19.67560786
16102,68.98332,130.488,19.27692313
16103,71.82366,157.4164,21.45212094
16104,64.24852,126.0415,21.46558023
16105,70.8681,147.1265,20.59418691
16106,66.96278,135.505,21.24436209
16107,66.12878,129.3979,20.80182949
16108,71.94824,136.8933,18.59076104
16109,65.07127,108.6386,18.03685938
16110,69.67868,126.0584,18.25270715
16111,64.74361,114.9174,19.27291003
16112,69.15274,125.9758,18.51926153
16113,67.27984,109.7412,17.04335656
16114,67.47621,121.506,18.76081439
16115,69.72662,139.0893,20.11184068
16116,70.1707,111.1782,15.87315823
16117,66.61857,128.6381,20.37672243
16118,67.53201,126.1899,19.45183464
16119,66.70138,122.2916,19.32334526
16120,67.70153,133.0479,20.40639938
16121,69.13985,127.8006,18.7945249
16122,68.40056,133.3174,20.03193239
16123,67.09034,116.1753,18.14467284
16124,64.56582,101.6407,17.14026888
16125,65.83884,112.2939,18.21156001
16126,67.8546,120.8841,18.4572042
16127,67.56548,164.5865,25.34543807
16128,68.95006,150.9348,22.31903492
16129,66.88926,127.4484,20.02520312
16130,63.7295,119.2318,20.63794274
16131,67.57752,139.8852,21.53389513
16132,69.1283,117.7473,17.32186018
16133,68.01587,112.7753,17.13755261
16134,67.06685,117.2326,18.3226339
16135,70.64588,108.4964,15.28259044
16136,68.04523,125.317,19.02698351
16137,65.18191,122.3296,20.24103501
16138,67.95231,125.4864,19.10484574
16139,69.25011,141.4465,20.73512202
16140,65.96393,140.1776,22.64753298
16141,67.5947,115.7894,17.81553377
16142,71.04171,124.8506,17.39078339
16143,67.77341,118.673,18.16304133
16144,69.13759,140.5952,20.67746742
16145,66.80684,118.2042,18.6185722
16146,74.47517,130.9092,16.59214321
16147,68.0331,139.2995,21.15750059
16148,68.0644,122.5887,18.60226058
16149,70.12434,135.7782,19.41099503
16150,66.81391,114.3368,18.00559937
16151,69.99107,145.8768,20.93419605
16152,68.46712,123.8385,18.57149594
16153,65.36962,119.4041,19.64367064
16154,66.36395,118.9485,18.98671537
16155,65.26932,120.7947,19.93356738
16156,67.70041,133.7415,20.51345992
16157,65.96714,117.3999,18.96565039
16158,66.02222,135.7149,21.88782508
16159,70.2321,135.7227,19.34356454
16160,68.38172,131.2653,19.73445875
16161,69.64098,145.0634,21.02729605
16162,67.28414,99.15936,15.39797565
16163,69.58655,151.417,21.98261489
16164,65.99345,109.9817,17.75309542
16165,65.25013,125.8024,20.77215186
16166,67.79735,119.3893,18.25976959
16167,70.76063,149.9261,21.04985881
16168,66.54695,107.2944,17.03240869
16169,69.24477,141.3338,20.72179661
16170,67.45018,151.1216,23.35154619
16171,68.89261,136.2221,20.17704764
16172,68.01896,133.4202,20.27294946
16173,68.55845,127.7299,19.1040707
16174,67.35986,117.0648,18.13757832
16175,71.41989,131.9403,18.18421001
16176,68.12119,134.7049,20.40676987
16177,63.85395,117.3799,20.23827647
16178,69.21935,113.3789,16.63537252
16179,70.98516,134.2274,18.72670512
16180,67.06622,112.0892,17.51908566
16181,68.33204,143.2136,21.56208799
16182,68.07284,117.0658,17.75978169
16183,64.26234,117.8436,20.06080032
16184,67.0604,133.9787,20.94396027
16185,67.00242,109.9566,17.21851327
16186,66.31913,122.8827,19.64121861
16187,70.46814,130.5875,18.4872075
16188,64.43246,119.6113,20.25434065
16189,68.4489,132.9983,19.95576901
16190,66.65345,116.5059,18.43562974
16191,65.46283,128.9968,21.16141526
16192,67.0748,131.4424,20.53865654
16193,66.19921,107.072,17.17614218
16194,68.7179,114.1472,16.9934215
16195,66.31607,114.3084,18.27241323
16196,66.64692,120.2193,19.02695768
16197,69.25969,130.928,19.18787021
16198,67.45099,127.3075,19.67128172
16199,64.42715,93.77605,15.88215463
16200,65.53849,142.5842,23.33640032
16201,66.89782,124.9394,19.6259555
16202,70.67184,144.1236,20.28605643
16203,67.93222,132.3346,20.15937758
16204,66.92724,125.4446,19.68799384
16205,66.53067,109.4724,17.38666035
16206,69.31518,120.3775,17.61342985
16207,70.82934,131.3445,18.4052121
16208,66.16717,114.8612,18.44350909
16209,69.87971,117.8718,16.96926581
16210,65.03428,99.61482,16.55749401
16211,69.47601,143.0517,20.83428546
16212,67.9457,118.4858,18.04253995
16213,69.66532,137.5848,19.92932131
16214,69.81227,140.3692,20.24713742
16215,64.61603,113.1176,19.04605193
16216,68.70534,122.9617,18.31235494
16217,67.86034,116.6122,17.80193665
16218,64.56665,109.1744,18.41024767
16219,67.55567,134.4666,20.7131494
16220,68.56515,143.9649,21.52806936
16221,66.91835,129.4116,20.31599436
16222,72.41732,134.7621,18.06500965
16223,71.08753,135.5392,18.85529771
16224,63.93158,106.8868,18.38436039
16225,68.00087,134.7445,20.48506914
16226,66.42765,120.6609,19.22313022
16227,68.58748,124.3152,18.577611
16228,68.73243,148.0622,22.03312642
16229,67.08349,127.3686,19.89694517
16230,69.95792,126.6491,18.19213441
16231,69.72909,121.2628,17.53294708
16232,69.26196,138.9057,20.35569045
16233,66.69,128.5966,20.32653614
16234,70.36077,142.2321,20.19722856
16235,67.46372,124.3689,19.20996389
16236,68.5373,121.8393,18.23428494
16237,67.50827,122.1101,18.83618532
16238,65.75245,120.3636,19.57161276
16239,66.74609,129.2159,20.39011252
16240,72.21651,139.8698,18.85412083
16241,66.94817,107.6458,16.88398642
16242,67.49868,157.1014,24.24068123
16243,68.42975,147.8209,22.19224613
16244,68.52518,119.6524,17.91333176
16245,66.78274,118.6653,18.70469364
16246,64.79988,121.5981,20.35793441
16247,70.23712,136.9404,19.51432466
16248,73.10806,140.7235,18.50936135
16249,66.2469,112.0223,17.94438958
16250,67.16625,118.2065,18.42020589
16251,69.34644,125.3572,18.32551829
16252,64.6456,121.8469,20.49707396
16253,68.87184,120.4789,17.85594942
16254,66.36918,123.2573,19.67139102
16255,71.20713,119.6618,16.59066876
16256,70.73217,138.1571,19.4130856
16257,68.33913,111.1084,16.72489221
16258,67.79893,137.6869,21.05727977
16259,65.85082,134.2529,21.76489749
16260,68.60721,144.9214,21.64453842
16261,68.04752,121.127,18.38957457
16262,67.92398,140.6038,21.42427491
16263,66.91439,119.9645,18.83514755
16264,64.70896,118.9869,19.97678682
16265,70.77016,120.547,16.92042927
16266,67.3468,121.395,18.81577862
16267,64.86953,109.9266,18.36439468
16268,64.19615,122.1719,20.84052651
16269,68.42556,129.0887,19.38236784
16270,67.23216,127.4021,19.81425661
16271,69.29292,140.8615,20.62385792
16272,66.12768,124.4191,20.00210984
16273,67.15976,135.3002,21.08800484
16274,68.92731,129.8894,19.21968989
16275,70.35575,126.1017,17.90923653
16276,66.56554,131.7885,20.9090317
16277,70.41469,133.3264,18.90361808
16278,66.30858,132.2852,21.15081605
16279,64.92028,123.1736,20.545286
16280,68.38333,120.7131,18.14718377
16281,66.60948,128.4356,20.35019886
16282,67.74654,132.4136,20.28213547
16283,67.76365,120.8272,18.49807156
16284,67.826,133.2988,20.36991204
16285,68.81311,130.7308,19.40845082
16286,69.31322,137.2461,20.08275027
16287,62.99079,128.0345,22.68444847
16288,68.01395,127.4918,19.37499425
16289,67.88325,128.8534,19.65739454
16290,64.34993,116.5172,19.78104391
16291,69.17264,121.2414,17.81302041
16292,65.01635,112.8708,18.77118798
16293,69.49107,134.9546,19.64649218
16294,71.6126,140.2298,19.22280482
16295,68.13264,120.655,18.27217367
16296,71.05107,146.4425,20.39300446
16297,69.16088,137.6839,20.23566416
16298,70.64956,136.3774,19.20785235
16299,68.2516,122.4347,18.47711546
16300,65.20641,111.7598,18.47822965
16301,69.1875,100.505,14.76004619
16302,68.26068,121.9934,18.40561951
16303,69.44096,127.7445,18.62370584
16304,66.8189,128.3391,20.20764346
16305,68.97099,122.6575,18.12660679
16306,70.46407,136.6546,19.34835876
16307,70.04348,137.2425,19.66565949
16308,67.31087,141.1151,21.89567837
16309,69.03446,119.7233,17.66046523
16310,67.49014,112.3328,17.3372915
16311,67.33983,119.2277,18.48368079
16312,72.06505,133.0291,18.00746558
16313,68.44578,134.0888,20.12122767
16314,70.93858,151.7394,21.19769826
16315,65.99061,100.1656,16.16998571
16316,65.69995,129.2969,21.05781759
16317,67.88781,123.7831,18.88135171
16318,68.71714,130.7432,19.46454623
16319,70.58546,130.0892,18.35549367
16320,70.50692,132.8177,18.78225763
16321,64.89796,112.7778,18.82421405
16322,68.03452,119.2309,18.10862591
16323,68.37598,142.8062,21.47312539
16324,65.31335,109.2026,17.99634806
16325,64.68155,110.3814,18.5477138
16326,67.81472,130.8844,20.00761241
16327,68.72087,134.8805,20.0783118
16328,66.31745,112.7879,18.0286081
16329,64.69964,128.1228,21.51681658
16330,63.19011,97.85324,17.22789881
16331,67.04974,123.1772,19.26155994
16332,69.77631,133.7446,19.31148111
16333,71.20739,122.73,17.01593915
16334,70.1551,122.5107,17.49890407
16335,70.25528,114.2026,16.26572324
16336,68.26686,131.6032,19.85189271
16337,68.34684,141.2898,21.26323092
16338,70.30878,140.619,19.99770723
16339,67.08135,110.5151,17.26526934
16340,70.55462,140.4344,19.83252059
16341,68.8199,130.0868,19.30903106
16342,66.44443,126.4245,20.13118822
16343,67.62411,130.7663,20.10240581
16344,69.99611,135.4407,19.43375417
16345,70.85949,146.443,20.50349505
16346,67.22633,127.3791,19.81411572
16347,65.79897,109.5994,17.7961194
16348,68.8133,121.8595,18.09130712
16349,68.15897,137.1696,20.75712303
16350,68.13434,137.7671,20.86261458
16351,66.03575,129.8433,20.93228505
16352,71.1392,136.5394,18.96685662
16353,65.7611,139.533,22.68266708
16354,66.4562,116.1557,18.48948619
16355,71.43418,139.566,19.2275004
16356,66.21723,117.6091,18.85620247
16357,65.29847,110.1183,18.15552501
16358,69.93212,124.5161,17.89894553
16359,68.65961,126.7685,18.9044485
16360,68.31157,127.5313,19.21248662
16361,68.86473,131.0624,19.4285211
16362,66.81505,125.3619,19.74114304
16363,71.22412,144.8558,20.07414375
16364,66.51076,136.4399,21.68267681
16365,65.78246,117.0782,19.02002753
16366,66.03177,131.3673,21.18052503
16367,67.44959,105.4248,16.29069012
16368,67.60525,118.4955,18.2262086
16369,67.3143,138.3905,21.47073618
16370,70.86729,131.1195,18.35400977
16371,65.48255,141.0259,23.12080967
16372,68.22266,141.3689,21.35265616
16373,71.31566,122.9654,16.99684994
16374,71.48733,141.9901,19.53238322
16375,64.96432,119.0701,19.83390595
16376,69.49516,139.2006,20.26223341
16377,67.88913,118.218,18.03177362
16378,68.90454,145.1237,21.48809879
16379,68.07183,127.9641,19.41371365
16380,64.39356,96.18308,16.3068146
16381,66.65415,107.8738,17.06934725
16382,68.40425,110.1585,16.55034943
16383,64.65508,144.2053,24.25108873
16384,66.44203,126.6712,20.17192868
16385,71.50072,133.5473,18.36409822
16386,73.88318,134.2179,17.28520781
16387,66.35681,129.7247,20.71128288
16388,64.5294,129.0555,21.78796098
16389,65.86448,106.1127,17.1957117
16390,66.79915,111.6206,17.58562489
16391,72.1822,134.0295,18.08404143
16392,69.3837,132.8476,19.39966037
16393,68.19583,146.2667,22.10981706
16394,70.5114,128.1338,18.11758701
16395,65.80641,130.8923,21.24873235
16396,70.16053,123.3076,17.61000372
16397,67.43844,122.1914,18.88778083
16398,70.71361,135.7651,19.08699022
16399,68.07891,153.5097,23.28444875
16400,68.35342,131.2236,19.74452886
16401,67.20032,130.9151,20.37991576
16402,68.69189,125.636,18.71795911
16403,70.46936,133.4589,18.89305598
16404,66.90871,133.8009,21.01111241
16405,69.88209,136.8009,19.69302849
16406,68.06727,130.8548,19.85492807
16407,69.20068,133.185,19.55194271
16408,67.47538,131.3843,20.28654639
16409,68.32743,117.697,17.72272695
16410,69.00192,138.9638,20.51798254
16411,65.35322,105.7026,17.39830797
16412,65.4318,116.5828,19.14309133
16413,66.26909,122.9144,19.6759666
16414,68.69404,125.9645,18.76572617
16415,66.1094,134.3551,21.6114074
16416,64.41092,134.127,22.72754525
16417,69.49636,133.8557,19.48354945
16418,64.59448,104.7582,17.65031822
16419,67.74181,124.6148,19.09023862
16420,67.86035,114.8292,17.52973996
16421,66.5956,131.0129,20.76721757
16422,67.29007,108.9249,16.91143788
16423,68.4697,126.7364,19.00464851
16424,68.39686,139.9312,21.02797998
16425,65.81488,118.5393,19.23842417
16426,68.31099,125.4367,18.89725773
16427,65.55142,129.8399,21.24219002
16428,68.78688,151.5744,22.52008161
16429,68.9762,136.3059,20.14055575
16430,69.73827,126.5047,18.28603922
16431,68.61113,149.0624,22.26046798
16432,70.29214,136.9524,19.48549495
16433,69.02156,126.4165,18.65475482
16434,65.24243,111.3249,18.38600535
16435,67.79481,109.7919,16.79317176
16436,65.14929,125.4005,20.7699389
16437,67.85083,104.3679,15.93719699
16438,67.95407,126.1482,19.20460754
16439,68.07138,104.5138,15.85622695
16440,67.96206,125.8946,19.16149361
16441,68.0562,123.0662,18.67921942
16442,69.54373,140.905,20.48168904
16443,67.44763,136.8386,21.14611353
16444,69.93226,143.142,20.57629979
16445,68.4428,123.9019,18.59421099
16446,67.14705,121.2435,18.90427016
16447,68.09321,127.1611,19.27977607
16448,70.98751,160.6929,22.417549
16449,69.63262,136.2754,19.7581973
16450,66.83325,135.069,21.25816865
16451,67.48442,128.1263,19.77819118
16452,70.30599,146.687,20.86230525
16453,70.9558,146.0678,20.39548379
16454,65.56472,128.1536,20.95780108
16455,67.08322,121.2183,18.93632562
16456,70.07861,108.5745,15.54218968
16457,71.39547,149.9232,20.67677751
16458,69.43051,141.5282,20.63942517
16459,66.80894,122.0407,19.2216583
16460,69.62216,138.2071,20.04429073
16461,65.8652,118.6262,19.22312163
16462,66.59005,141.7685,22.47586357
16463,71.13173,130.8381,18.17869952
16464,66.01563,129.1451,20.83241956
16465,66.28735,116.4058,18.6238142
16466,68.99924,117.7849,17.39227238
16467,67.84324,144.1374,22.01500802
16468,67.4654,105.317,16.26640591
16469,67.49195,123.4161,19.0468513
16470,65.34945,115.779,19.05904984
16471,67.83551,126.1946,19.27888477
16472,69.79369,126.8353,18.30472233
16473,68.87143,125.5759,18.61158772
16474,67.82667,124.1151,18.96614015
16475,68.81413,121.4105,18.0242136
16476,70.47876,130.5729,18.47957019
16477,73.16304,161.2538,21.17784657
16478,71.95209,146.3936,19.87881943
16479,67.44715,119.2209,18.42385533
16480,68.85059,114.7156,17.0122781
16481,69.72712,130.6584,18.8924902
16482,67.43691,136.2537,21.06242174
16483,71.11399,122.0355,16.96412318
16484,67.71312,138.2236,21.1929725
16485,66.77008,112.6772,17.76755131
16486,70.90585,132.9018,18.5832664
16487,67.47875,104.2591,16.09664028
16488,68.08728,111.6015,16.92362474
16489,68.54271,125.7349,18.81432419
16490,67.38204,139.3863,21.58177222
16491,67.62489,123.9918,19.06053763
16492,65.71741,96.56954,15.71935093
16493,66.75033,119.5639,18.86464181
16494,70.03827,138.7756,19.88829799
16495,66.8036,110.2972,17.37481059
16496,71.80215,139.9054,19.07721197
16497,69.75691,137.0891,19.80540744
16498,68.62702,100.7525,15.03906632
16499,68.03554,113.0308,17.16644847
16500,70.44384,141.5947,20.05932333
16501,69.53504,130.0973,18.9154288
16502,65.56302,115.0701,18.81914617
16503,67.68639,123.3297,18.92432057
16504,68.31423,120.6889,18.18026875
16505,71.41559,149.3469,20.58569246
16506,70.86132,135.3213,18.94536646
16507,70.19919,135.138,19.27829449
16508,67.31745,132.8306,20.60621119
16509,66.67461,111.7658,17.67434337
16510,68.52431,98.28103,14.71416704
16511,68.08513,128.1996,19.44184396
16512,65.22726,135.7065,22.42320585
16513,67.02577,114.7573,17.9577542
16514,63.12846,115.988,20.46058256
16515,68.91849,135.5944,20.06899255
16516,65.4037,126.7384,20.82854388
16517,66.72667,137.0383,21.63706669
16518,68.0043,117.1869,17.81400795
16519,68.24197,128.0584,19.33126549
16520,68.80229,123.4378,18.33148767
16521,68.76843,132.3484,19.674142
16522,66.26798,118.6096,18.98749626
16523,64.62832,138.6254,23.33202344
16524,68.20142,131.4314,19.864042
16525,70.85424,134.0073,18.76515232
16526,66.81173,114.561,18.04208341
16527,69.9304,139.4913,20.05258759
16528,69.89558,137.409,19.77293223
16529,65.211,109.6018,18.11887761
16530,64.95554,109.2972,18.21092334
16531,63.80198,116.5058,20.12030492
16532,69.32363,133.9561,19.59544943
16533,68.08572,119.1548,18.06986043
16534,66.42673,133.7442,21.30809059
16535,68.7483,121.1914,18.02615913
16536,71.42063,138.9418,19.14877042
16537,69.99781,134.018,19.22868356
16538,66.0776,113.0542,18.20260332
16539,68.02381,116.4733,17.69537617
16540,63.40728,127.6054,22.31239199
16541,65.35444,115.174,18.95656218
16542,68.65199,129.7975,19.36044751
16543,67.8743,129.9449,19.82913808
16544,69.21034,139.2897,20.44242262
16545,68.81727,128.4544,19.06818821
16546,69.74177,135.2069,19.54196585
16547,68.01296,138.7343,21.08413653
16548,65.96554,119.0405,19.23161798
16549,70.1201,114.3885,16.35507863
16550,69.52643,131.3148,19.0971756
16551,68.13839,118.1307,17.88687068
16552,68.01789,137.0494,20.82505479
16553,65.5277,90.67684,14.84574008
16554,70.11106,140.9521,20.1582956
16555,69.55787,136.3448,19.81076996
16556,67.8112,123.8181,18.92938921
16557,69.41543,131.7001,19.21451351
16558,69.16396,125.1731,18.39528967
16559,67.10355,129.3964,20.20163528
16560,66.59023,102.0816,16.18384698
16561,65.69038,128.0027,20.85311351
16562,65.87218,114.5395,18.55694733
16563,65.7737,116.1954,18.88164005
16564,67.08497,118.8063,18.55856259
16565,66.64738,96.76496,15.31465733
16566,69.90009,139.5857,20.08356397
16567,69.36888,135.4301,19.78523254
16568,69.41881,145.6596,21.24907889
16569,69.35477,133.5585,19.51974708
16570,66.78976,124.5194,19.62332418
16571,69.98352,112.0653,16.08551307
16572,70.76035,144.9425,20.35031463
16573,68.82168,134.7195,19.99563716
16574,69.50397,139.8523,20.35193536
16575,71.0584,149.2104,20.77416472
16576,66.55888,120.3692,19.10111364
16577,69.08809,139.7369,20.58069595
16578,67.78232,130.9741,20.04046937
16579,66.14817,119.4163,19.18594822
16580,67.02309,126.8851,19.85715649
16581,66.63003,133.8063,21.18809294
16582,68.09397,135.3716,20.52416876
16583,71.62587,143.5679,19.67310241
16584,68.36727,128.1388,19.2725642
16585,72.00969,151.6078,20.55393544
16586,72.15628,148.6441,20.07034004
16587,63.81356,104.9316,18.11488883
16588,67.12639,132.7966,20.71837537
16589,68.67044,114.1316,17.01459322
16590,68.76102,116.1148,17.26467005
16591,64.70654,128.1374,21.51467931
16592,67.46362,136.9027,21.14599164
16593,65.60326,121.0995,19.78093577
16594,69.56871,132.12,19.19092858
16595,65.56437,137.7446,22.52652089
16596,70.18009,120.0385,17.1335771
16597,68.01941,128.8836,19.58336247
16598,69.10492,133.099,19.59350718
16599,67.10458,132.1679,20.63369419
16600,71.08347,130.0081,18.08791449
16601,66.56587,132.1454,20.96544814
16602,67.37511,117.2506,18.15814268
16603,69.67643,135.9639,19.68825189
16604,68.01459,126.2054,19.17913843
16605,67.44922,125.0511,19.32364177
16606,67.82831,131.2811,20.06021296
16607,69.48856,131.6375,19.16497808
16608,65.63996,129.2401,21.08705812
16609,66.28026,116.499,18.64271309
16610,68.01966,113.4327,17.23553152
16611,68.88532,134.1067,19.86792173
16612,68.93233,123.785,18.31375623
16613,71.28853,128.2775,17.74461142
16614,68.47003,119.0145,17.84654556
16615,69.90329,137.8499,19.83200155
16616,70.09202,130.0885,18.61474446
16617,67.96698,121.0001,18.41387149
16618,66.22404,119.1531,19.09982236
16619,67.40603,124.1916,19.2154274
16620,68.18165,133.6314,20.20825574
16621,67.49878,122.5922,18.91586985
16622,70.19817,138.2708,19.72578155
16623,67.46387,133.6333,20.64084713
16624,67.63478,126.7765,19.48291426
16625,68.42936,136.7083,20.52415337
16626,69.11146,130.5486,19.21442571
16627,65.34682,112.6957,18.55298332
16628,72.27679,161.0088,21.6674212
16629,67.17652,127.4839,19.85983619
16630,69.97887,144.2267,20.70461413
16631,69.67383,129.6119,18.76985134
16632,69.89009,147.7944,21.27071577
16633,67.64807,130.4777,20.04383395
16634,67.32703,118.8394,18.43048916
16635,68.97336,124.6298,18.4168121
16636,67.66967,103.1117,15.82979005
16637,66.91254,126.6126,19.88003846
16638,67.55359,118.7322,18.29055874
16639,65.03493,117.367,19.50778563
16640,68.02707,131.5474,19.98361537
16641,67.16576,143.1687,22.31040941
16642,67.45939,125.3672,19.36664678
16643,66.40605,113.0716,18.02575925
16644,65.39009,131.09,21.55266697
16645,67.73618,122.0743,18.70415815
16646,69.51989,128.0201,18.62152887
16647,67.10018,124.7517,19.47845145
16648,68.17712,124.787,18.87327927
16649,68.95359,139.1428,20.57322137
16650,69.43474,135.4955,19.75725339
16651,66.85504,111.9391,17.60632968
16652,67.64108,143.9,22.11032124
16653,69.00734,121.8109,17.98253452
16654,70.25934,120.8223,17.20656947
16655,71.33493,129.5699,17.90007991
16656,69.57026,136.1203,19.77110624
16657,67.42577,123.4668,19.09209944
16658,68.74418,126.2233,18.77686066
16659,71.13567,160.9951,22.36624771
16660,66.54732,118.107,18.74864228
16661,69.35688,115.1244,16.82455585
16662,67.57381,121.1601,18.65340568
16663,68.81213,122.6589,18.21060559
16664,65.97049,122.2612,19.74897497
16665,65.43348,111.2886,18.27283646
16666,67.26682,126.8626,19.71002334
16667,70.48056,152.8963,21.63782523
16668,69.31844,134.0819,19.61678895
16669,69.98038,149.3003,21.43203514
16670,64.3997,115.6996,19.61189205
16671,69.96882,124.6241,17.89568227
16672,71.17805,139.8145,19.40060919
16673,68.17807,125.2121,18.93704532
16674,69.71877,134.9651,19.5198903
16675,66.17811,120.8511,19.39890486
16676,68.06493,135.2143,20.51781666
16677,66.93792,118.5464,18.59941431
16678,71.94764,122.5813,16.64740104
16679,72.71997,139.6902,18.57008459
16680,68.0762,129.4436,19.63565065
16681,71.29571,120.3065,16.63863216
16682,68.7298,123.5816,18.39157737
16683,66.50822,126.5994,20.12038669
16684,63.39372,112.3913,19.66054466
16685,70.08816,144.335,20.65559283
16686,73.11184,155.5572,20.45832222
16687,67.76753,109.0503,16.69317231
16688,67.15813,122.3345,19.06808533
16689,68.88047,126.3416,18.72015731
16690,67.53793,125.1591,19.28955751
16691,69.00373,121.6103,17.95479912
16692,66.91915,110.2502,17.30748162
16693,69.65967,139.838,20.25898596
16694,69.25047,119.2207,17.47678493
16695,70.17827,136.39,19.4685021
16696,70.83539,151.0733,21.16617889
16697,66.47563,113.5574,18.0653276
16698,69.6208,137.7365,19.97681967
16699,67.58201,132.9915,20.46996033
16700,69.74971,133.1771,19.24420906
16701,68.22141,126.4871,19.10557788
16702,66.27854,137.3219,21.97603118
16703,70.31002,124.259,17.67049585
16704,66.09817,117.8259,18.95907826
16705,67.33954,122.5026,18.99154691
16706,69.08954,128.0095,18.85267253
16707,65.74714,97.61486,15.87513873
16708,72.40729,137.7315,18.46817646
16709,69.67981,151.5938,21.9494099
16710,68.74902,143.562,21.35314265
16711,67.52317,135.6893,20.92161863
16712,68.05693,111.02,16.85046302
16713,67.64343,112.8759,17.34224465
16714,68.27843,116.785,17.61064803
16715,66.4448,118.6193,18.88811789
16716,70.06553,139.9915,20.04694362
16717,69.7225,133.2241,19.26602937
16718,69.07385,131.4765,19.37207461
16719,68.89215,121.5688,18.00685958
16720,65.51454,116.4836,19.07852156
16721,68.92231,151.3009,22.3911906
16722,65.2828,129.6922,21.39299728
16723,68.00088,112.1066,17.04344724
16724,69.8297,119.9775,17.29715913
16725,65.88089,108.9088,17.64003258
16726,70.64935,151.5471,21.34453088
16727,67.96283,129.5435,19.71641914
16728,68.2472,127.8725,19.30024423
16729,69.55032,133.0538,19.33678829
16730,70.02152,134.9774,19.35322364
16731,68.66464,110.6549,16.49907817
16732,66.73719,134.6728,21.25687319
16733,68.61698,126.5903,18.90133827
16734,64.54407,129.9997,21.93739121
16735,69.37595,127.3132,18.59562899
16736,67.89117,125.831,19.19182994
16737,67.40181,133.8403,20.7109065
16738,68.42249,129.9916,19.51968769
16739,67.05087,115.058,17.99133172
16740,67.8955,122.598,18.69634565
16741,70.42079,155.3236,22.01866516
16742,68.60394,104.6119,15.62565741
16743,64.82265,129.7365,21.70520739
16744,70.38424,128.7931,18.27667001
16745,71.90845,130.2846,17.71285445
16746,67.98612,127.0032,19.31654614
16747,69.53721,138.9628,20.20316253
16748,66.62497,125.5671,19.88644422
16749,65.79605,112.9191,18.33678062
16750,66.84543,132.9089,20.91057359
16751,67.6002,120.1248,18.47957764
16752,66.30012,141.2673,22.59271068
16753,74.8489,122.1664,15.32979181
16754,65.31147,119.5294,19.69931601
16755,66.60502,129.9128,20.58701316
16756,65.18103,121.9562,20.17979597
16757,69.60249,127.613,18.51828187
16758,68.16866,119.7595,18.11739633
16759,67.46028,123.7713,19.11960865
16760,67.72802,112.5012,17.24152678
16761,66.00024,126.5343,20.42079109
16762,70.91361,124.7404,17.4382648
16763,67.80093,134.8097,20.61603607
16764,68.87869,137.271,20.34062837
16765,71.6397,151.672,20.77558309
16766,68.29438,127.4005,19.20244474
16767,65.12886,144.2723,23.91064698
16768,70.57005,145.8051,20.5819818
16769,73.05003,153.7847,20.2594503
16770,66.13913,126.1211,20.26871048
16771,67.15543,143.3497,22.34548807
16772,67.61729,115.5436,17.76583801
16773,72.08878,129.3443,17.49714812
16774,65.56805,103.6442,16.9478961
16775,68.27811,139.1479,20.98306855
16776,66.11831,117.6246,18.91515898
16777,67.41631,117.7373,18.21123679
16778,67.14346,123.637,19.27952585
16779,67.82005,106.7011,16.30827441
16780,67.84632,124.327,18.98751747
16781,69.31979,146.8154,21.47892101
16782,67.7887,117.1692,17.92479423
16783,69.47633,127.5222,18.57237239
16784,67.58136,124.4768,19.1597521
16785,69.76561,125.7431,18.16170831
16786,65.89876,127.5898,20.65460036
16787,64.31284,107.3859,18.25186342
16788,64.16388,110.6961,18.90194127
16789,63.87961,112.6594,19.40878043
16790,67.43935,122.1224,18.87660569
16791,69.91231,136.4495,19.62546563
16792,70.18686,122.3744,17.46362003
16793,70.58163,142.9256,20.16888927
16794,68.39877,144.8047,21.75912361
16795,69.9265,152.4115,21.91237642
16796,66.84336,113.3828,17.83963474
16797,65.37327,117.2876,19.29332172
16798,69.85898,109.0503,15.70860825
16799,66.18835,117.1775,18.80340254
16800,67.39835,133.0561,20.59167076
16801,64.43316,122.8413,20.80083968
16802,66.94628,120.0223,18.82627381
16803,67.21511,109.3795,17.01991675
16804,69.1414,132.0737,19.42206179
16805,69.60375,136.9242,19.86873696
16806,68.52138,128.8991,19.29980887
16807,67.69719,117.6493,18.04693226
16808,69.5896,117.4173,17.04506785
16809,66.24536,122.8327,19.67697773
16810,69.5915,139.744,20.28505083
16811,70.11961,115.9145,16.57349522
16812,69.77869,115.5308,16.68043921
16813,70.92696,145.3057,20.30557463
16814,68.12409,127.4662,19.30851776
16815,67.03516,126.9587,19.86152042
16816,71.11926,147.0918,20.44416274
16817,67.08274,145.5487,22.73746637
16818,62.59583,115.9968,20.81184241
16819,68.20021,130.1191,19.66640379
16820,69.0616,105.8284,15.59855195
16821,68.03726,122.7997,18.6491482
16822,70.14716,128.8113,18.4030202
16823,67.86308,129.1697,19.71736351
16824,67.97814,134.905,20.52318767
16825,68.54857,112.7721,16.87175243
16826,69.63469,102.4555,14.85385941
16827,67.85196,138.0472,21.07939454
16828,68.15862,125.2674,18.95622309
16829,70.15549,132.9178,18.98519861
16830,71.0108,150.7492,21.01655508
16831,66.5613,122.0259,19.36260355
16832,68.75828,131.4859,19.55169888
16833,69.70189,117.1029,16.94469931
16834,67.25892,125.4424,19.49395237
16835,71.01041,149.5342,20.84739601
16836,66.776,133.1845,20.99752991
16837,69.61543,144.8825,21.01649246
16838,67.75246,115.1501,17.63475813
16839,68.96307,129.6337,19.16196615
16840,67.31179,137.4955,21.33347141
16841,70.40367,122.8706,17.42660177
16842,67.13402,126.5206,19.73473325
16843,64.17145,107.1466,18.29152918
16844,67.39792,144.818,22.41222031
16845,66.64574,130.3053,20.62398653
16846,70.47683,127.1804,18.00042621
16847,72.08897,125.1799,16.93371649
16848,68.85095,122.5428,18.17285872
16849,71.93306,138.5143,18.81884069
16850,67.65224,129.6587,19.91556474
16851,68.43764,121.4169,18.22402974
16852,65.59721,113.7814,18.58899291
16853,73.6454,131.3343,17.02324063
16854,69.86288,133.5317,19.23298679
16855,66.14574,121.4186,19.50907989
16856,68.67138,114.288,17.03744269
16857,68.80011,117.6921,17.47931351
16858,66.91779,123.5822,19.40117655
16859,66.04945,124.0043,19.98267656
16860,65.30509,123.3602,20.33463237
16861,68.64586,132.2452,19.72906675
16862,66.70357,104.9227,16.57778972
16863,66.60702,122.1239,19.35156007
16864,71.36658,141.775,19.56884578
16865,64.98614,120.1492,20.00021779
16866,67.18185,133.6072,20.81044034
16867,66.73989,113.6685,17.94008436
16868,68.74927,140.856,20.95050492
16869,65.12487,120.8855,20.03714299
16870,68.26456,148.7064,22.43336355
16871,68.68431,140.626,20.95587838
16872,65.31203,117.7404,19.40414302
16873,67.47503,128.9104,19.90476747
16874,65.82022,125.859,20.42306609
16875,67.1693,117.1032,18.24662066
16876,67.82189,139.6111,21.33710516
16877,69.64113,145.7304,21.12388834
16878,67.83312,117.2119,17.90784987
16879,68.91669,129.7441,19.20410721
16880,67.11653,138.9936,21.6915776
16881,67.80382,122.4382,18.7225042
16882,65.90289,115.8894,18.75815498
16883,67.9672,130.3415,19.83532322
16884,68.2107,126.7824,19.1561964
16885,69.2622,117.3759,17.20052474
16886,63.75507,94.05081,16.26628628
16887,71.24135,129.6411,17.9569987
16888,67.99301,122.6971,18.65782813
16889,67.71177,126.3918,19.37964828
16890,69.07788,131.0112,19.30126389
16891,72.29087,146.8726,19.75737328
16892,63.41812,116.5908,20.37946977
16893,68.11899,136.6926,20.70922893
16894,68.70919,124.6256,18.55807518
16895,65.98196,108.0272,17.44367635
16896,66.78125,140.4767,22.14371758
16897,68.77375,118.9486,17.67947029
16898,70.74718,130.7772,18.36830545
16899,68.70966,134.7851,20.07065802
16900,67.56819,135.5679,20.87505475
16901,70.10034,135.3067,19.35683635
16902,65.7134,118.2903,19.25735259
16903,67.77136,114.8094,17.57277589
16904,68.40923,129.7769,19.49500346
16905,70.18595,128.0279,18.2708849
16906,67.10295,136.7551,21.35087265
16907,67.02015,138.9499,21.74717116
16908,67.12731,146.9289,22.92260993
16909,68.63305,126.9655,18.94848334
16910,70.39135,129.4393,18.36465998
16911,66.77894,116.5019,18.36577634
16912,68.00799,128.7606,19.5712443
16913,68.46274,111.8667,16.77828623
16914,66.66252,132.5196,20.96389556
16915,65.30234,123.0112,20.27881124
16916,69.79619,137.8177,19.88826465
16917,66.49651,119.2178,18.95390604
16918,70.21724,141.7782,20.21516422
16919,66.59252,119.3649,18.92261111
16920,68.04983,138.8169,21.0738351
16921,67.13235,120.2113,18.75153904
16922,67.06311,144.4981,22.58655952
16923,72.02884,143.6152,19.46000247
16924,68.22696,134.011,20.23875213
16925,69.39149,141.595,20.67239606
16926,69.59227,142.5185,20.68733571
16927,69.35974,130.6723,19.09518839
16928,66.03004,106.6019,17.1884672
16929,70.57617,142.7081,20.14131288
16930,67.70133,133.1967,20.42934248
16931,69.06556,123.8482,18.25248285
16932,71.46669,132.9282,18.29637752
16933,69.7224,143.5373,20.75751888
16934,67.3639,124.0105,19.21141434
16935,63.96076,122.1277,20.98660904
16936,66.18589,138.4375,22.21663329
16937,66.7947,106.7529,16.82096858
16938,66.8782,120.5632,18.94963897
16939,65.922,114.9806,18.6002656
16940,69.87458,131.6044,18.94904441
16941,67.50107,128.0883,19.76257233
16942,67.53167,121.1148,18.66970958
16943,64.66379,113.5736,19.09459302
16944,69.01351,142.5127,21.03491014
16945,66.9502,117.4488,18.42044643
16946,68.36938,122.3564,18.40173332
16947,67.50898,145.7299,22.47920249
16948,66.42924,131.8816,21.00975388
16949,63.68444,117.4249,20.35395713
16950,66.97479,122.3144,19.16947387
16951,69.49132,124.8853,18.18048748
16952,68.71402,131.9578,19.64715528
16953,66.58675,135.4122,21.47026885
16954,67.63831,130.5276,20.05728669
16955,70.58074,133.9982,18.90957965
16956,69.4379,138.0011,20.12077558
16957,66.73525,110.2324,17.40019056
16958,66.89482,114.4542,17.98051307
16959,66.70729,116.0486,18.33363729
16960,70.52264,146.0748,20.64778656
16961,67.99362,128.7902,19.5840187
16962,67.31407,123.3903,19.14364557
16963,68.92624,144.3117,21.35441566
16964,69.95962,135.4521,19.45566967
16965,67.3748,133.9821,20.74947571
16966,68.75228,126.4009,18.79884994
16967,70.92144,134.0307,18.73287869
16968,68.52252,115.4861,17.2909314
16969,69.5209,145.7846,21.20489875
16970,66.05943,97.01374,15.62855871
16971,68.27952,138.6687,20.90994307
16972,71.08797,138.9202,19.32540035
16973,67.74228,110.9634,16.99869029
16974,71.04532,137.5639,19.15970665
16975,68.01494,116.0504,17.63572541
16976,67.42681,119.6089,18.49496844
16977,67.79463,122.4231,18.72527083
16978,67.40071,121.1187,18.7429343
16979,68.11235,122.6629,18.58732207
16980,69.66975,135.1748,19.57773999
16981,70.08741,128.3117,18.36291235
16982,66.90838,133.2205,20.92017701
16983,65.48822,130.85,21.44878419
16984,66.35895,130.5585,20.84305938
16985,65.52836,114.1016,18.68049851
16986,66.52176,114.8809,18.25053887
16987,71.81138,132.3429,18.0413664
16988,70.19514,134.2615,19.15546641
16989,69.85682,139.1729,20.04898441
16990,64.30305,108.1925,18.39455711
16991,67.19538,128.889,20.06745744
16992,67.82321,146.2227,22.34670226
16993,65.77148,130.2604,21.16861788
16994,66.3694,113.7416,18.15260156
16995,68.50592,113.7442,17.03838312
16996,67.68043,130.7277,20.06303944
16997,68.80924,138.9852,20.63622998
16998,67.59109,117.7681,18.12191518
16999,67.01374,110.6789,17.32576608
17000,70.23199,134.3019,19.14112826
17001,68.08186,140.965,21.37980778
17002,64.89975,103.2639,17.23525846
17003,67.93563,127.6112,19.43788029
17004,68.24257,132.3379,19.97693314
17005,67.34695,107.9964,16.73897032
17006,69.00004,147.6115,21.79600172
17007,69.11678,117.4892,17.28965301
17008,69.14144,124.4207,18.2966308
17009,67.20212,124.519,19.38317879
17010,64.8577,111.4153,18.61988833
17011,69.24196,137.1028,20.10309587
17012,67.50147,140.3687,21.65704213
17013,66.74043,123.4565,19.48459058
17014,67.64341,130.851,20.10394953
17015,69.60678,130.557,18.94315878
17016,67.98121,115.1045,17.50934286
17017,67.37402,108.3712,16.78356771
17018,67.84743,132.2256,20.19314985
17019,71.84403,131.7296,17.94144124
17020,72.02089,152.0369,20.60569955
17021,65.79883,130.2469,21.14883154
17022,67.91801,140.0335,21.34112765
17023,70.91753,141.4748,19.7754881
17024,69.48346,133.2048,19.39600677
17025,70.345,138.3456,19.65414738
17026,69.42982,130.7436,19.0670579
17027,69.83005,140.1611,20.20682667
17028,68.26316,127.53,19.2395499
17029,71.29705,145.9248,20.18093624
17030,69.28155,125.0306,18.31202825
17031,68.08146,129.9596,19.710878
17032,69.35917,122.6629,17.92506661
17033,69.65365,135.0822,19.57337386
17034,67.50973,131.7685,20.32516992
17035,70.17333,134.3438,19.17912464
17036,63.83399,93.14015,16.06897872
17037,68.23777,145.3722,21.9476
17038,68.92202,134.5452,19.91166324
17039,68.62749,119.4845,17.83489945
17040,70.00309,142.5081,20.44374493
17041,69.31001,134.6324,19.70212135
17042,67.31293,114.2869,17.73188018
17043,68.96777,138.8055,20.51491077
17044,68.17941,147.7557,22.34565511
17045,67.45506,102.6064,15.8526076
17046,67.66003,119.0371,18.27987792
17047,68.95279,123.2895,18.22962477
17048,69.78643,119.9806,17.31906293
17049,67.28659,103.0959,16.00809602
17050,67.61536,143.7498,22.10404952
17051,70.61988,129.2067,18.21320639
17052,70.04763,140.4727,20.12613415
17053,67.1607,126.5374,19.72167527
17054,66.93887,130.979,20.54945186
17055,72.07925,126.6152,17.13249652
17056,71.16948,107.4929,14.91926814
17057,65.24695,123.1823,20.3415107
17058,66.28952,125.5371,20.08341989
17059,66.64777,128.3512,20.31346513
17060,68.12185,141.3107,21.40708361
17061,66.72556,124.2101,19.61226631
17062,66.25773,120.1568,19.24112997
17063,64.60513,121.87,20.52665234
17064,68.3871,124.28,18.6813473
17065,68.8693,132.342,19.61560381
17066,69.08858,128.4363,18.91605542
17067,65.67589,107.7892,17.56785103
17068,67.07057,119.175,18.6241513
17069,67.46812,133.0635,20.55024719
17070,67.25401,138.7418,21.56384897
17071,67.55824,129.857,20.0015677
17072,68.50476,127.7725,19.14040923
17073,66.59871,120.4203,19.08637251
17074,67.45933,145.1994,22.43035255
17075,70.19351,155.8501,22.23660548
17076,66.68331,112.3272,17.75848694
17077,65.01213,131.4172,21.8584189
17078,70.23551,137.7941,19.63687913
17079,66.38253,100.1526,15.97754143
17080,74.2957,170.5479,21.72072631
17081,68.3967,133.9416,20.12799476
17082,69.51862,126.795,18.44400232
17083,68.35522,152.8346,22.99501191
17084,66.981,125.7192,19.69943088
17085,66.15165,127.648,20.50633167
17086,68.12739,135.7452,20.56062463
17087,71.00404,147.3999,20.55352871
17088,69.18084,121.0461,17.78011086
17089,69.25157,142.0283,20.81953217
17090,65.89909,116.6285,18.87996479
17091,65.01016,113.665,18.90686884
17092,70.67025,145.5058,20.481529
17093,67.91307,117.1901,17.8623882
17094,66.83902,135.9237,21.38899435
17095,69.24982,141.832,20.79180791
17096,68.20219,123.4755,18.66119616
17097,65.00478,114.8875,19.11338107
17098,67.44928,121.8513,18.8291561
17099,65.66549,115.9641,18.90621133
17100,68.33879,120.0566,18.07202402
17101,66.00157,138.16,22.29611095
17102,69.60672,147.4894,21.40000106
17103,66.81635,117.8826,18.56263118
17104,71.57686,130.2389,17.87107838
17105,71.3565,153.339,21.17097561
17106,67.98793,126.4604,19.2329649
17107,65.56672,120.8202,19.75731656
17108,70.39966,122.8004,17.41862956
17109,65.7372,115.6365,18.811692
17110,67.38494,145.9888,22.60211976
17111,70.00988,135.2099,19.39300682
17112,67.69492,112.0235,17.1851095
17113,68.71585,126.3978,18.81832627
17114,69.6456,133.6615,19.37199228
17115,65.67921,97.5587,15.89884183
17116,66.4272,140.3629,22.36226368
17117,69.16499,130.7432,19.21329267
17118,64.99349,95.53404,15.89914435
17119,69.29714,135.1842,19.79022074
17120,67.03529,127.6698,19.97268801
17121,70.17991,141.2059,20.15498848
17122,68.42657,139.0159,20.87229764
17123,67.42189,115.3929,17.84565808
17124,71.6334,144.9499,19.85830219
17125,68.4183,118.4396,17.78720453
17126,69.58501,116.3081,16.88627658
17127,68.2946,134.5639,20.28201778
17128,68.29736,114.556,17.26495031
17129,67.23158,111.2912,17.30890184
17130,68.15698,124.7231,18.87476461
17131,67.58915,113.8607,17.52165823
17132,66.48084,131.7704,20.959465
17133,67.83819,112.8704,17.24197001
17134,66.22459,120.3185,19.28631153
17135,69.32855,148.7261,21.75295596
17136,68.7643,138.8232,20.639127
17137,66.60467,117.4884,18.61833982
17138,68.06631,111.7891,16.9625199
17139,65.82945,113.0426,18.33821287
17140,67.10438,111.593,17.42170044
17141,68.05392,98.44388,14.94299857
17142,67.04599,116.846,18.27357663
17143,69.75999,140.1723,20.24905244
17144,68.62962,128.635,19.1995605
17145,67.21518,113.1391,17.60488987
17146,66.65893,130.1087,20.58472106
17147,66.61554,124.7657,19.76511871
17148,68.8524,153.9203,22.8251195
17149,68.11909,139.9683,21.20544241
17150,68.84217,133.1024,19.74386208
17151,69.28642,117.1763,17.15927211
17152,67.43359,134.4193,20.78090191
17153,68.4407,131.7304,19.77026315
17154,72.56003,143.5421,19.16636319
17155,65.07677,102.0212,16.93533431
17156,68.07466,139.4078,21.14810397
17157,69.87283,133.8259,19.26987204
17158,67.54613,136.548,21.03970884
17159,68.99154,136.0463,20.09325897
17160,65.93494,114.2724,18.47844591
17161,67.50424,124.5354,19.21259557
17162,67.8023,127.3532,19.47494924
17163,68.36515,133.1667,20.03002174
17164,68.72643,119.8404,17.83655613
17165,65.63641,115.1096,18.7835308
17166,71.53079,139.728,19.19785578
17167,68.27154,119.8697,18.07945542
17168,65.48714,125.6218,20.59246275
17169,68.25275,140.0211,21.1304381
17170,69.62553,134.1744,19.4575412
17171,71.33776,151.6827,20.95330038
17172,65.22591,113.2357,18.71106039
17173,68.33965,116.1773,17.48763595
17174,67.44352,131.3575,20.30157546
17175,67.0122,115.7769,18.1246442
17176,70.45836,113.9029,16.1296538
17177,65.74525,132.905,21.61562924
17178,68.08006,131.2455,19.90672821
17179,70.3959,132.2152,18.75607583
17180,72.96003,141.0356,18.62576279
17181,69.00062,139.347,20.57533723
17182,69.51925,142.2807,20.69622618
17183,69.3335,132.628,19.39564815
17184,71.19641,136.2158,18.8915077
17185,69.76816,131.0426,18.92575821
17186,70.62661,113.2917,15.96675629
17187,67.28616,145.1271,22.53472975
17188,68.66966,116.3694,17.34859569
17189,69.29476,134.6555,19.71417612
17190,64.09493,115.4626,19.7582876
17191,63.6884,107.0641,18.55575025
17192,69.35389,130.634,19.09281214
17193,65.60857,102.9622,16.81558554
17194,69.51197,140.5772,20.45271752
17195,69.14868,125.3518,18.42969345
17196,66.54976,118.1047,18.74690241
17197,68.73761,113.9191,16.94973899
17198,68.61752,143.5086,21.42709117
17199,64.7415,122.214,20.49796602
17200,69.43114,129.3049,18.85652736
17201,67.66681,133.1967,20.45019172
17202,69.5546,140.8539,20.4678623
17203,68.32029,145.1288,21.85795498
17204,69.69178,137.9446,19.96626888
17205,72.88636,136.2642,18.03202797
17206,62.60367,120.4839,21.61149223
17207,69.89894,129.4752,18.62948014
17208,68.74855,116.7264,17.36190322
17209,70.15073,114.7623,16.39419812
17210,70.25185,126.8904,18.07459441
17211,70.05622,128.2033,18.3637397
17212,71.56915,139.758,19.18139918
17213,66.7109,105.7077,16.69814965
17214,67.85257,129.604,19.78978733
17215,70.69405,133.8317,18.82558992
17216,69.26246,118.5224,17.36840499
17217,64.55678,107.7334,18.17280517
17218,66.24054,118.7468,19.0252123
17219,71.68073,149.2518,20.42067359
17220,71.21093,133.7609,18.54347794
17221,70.00062,139.8029,20.05708117
17222,71.0916,154.3139,21.4646492
17223,67.21865,106.4772,16.56656143
17224,66.45714,115.509,18.38602534
17225,67.47694,127.3133,19.65704994
17226,67.50358,121.8309,18.79572861
17227,67.20873,125.5948,19.54679714
17228,66.71667,135.6625,21.42626235
17229,66.70363,131.4875,20.77499154
17230,69.96498,143.9715,20.67618578
17231,68.36676,146.4269,22.02349276
17232,66.05514,110.1934,17.75405961
17233,68.55523,121.336,18.14946444
17234,67.98234,148.4537,22.58156998
17235,68.30939,138.8029,20.91187868
17236,69.34515,128.481,18.78287418
17237,68.52656,117.759,17.62915808
17238,69.20707,119.3487,17.51749861
17239,71.47479,145.6045,20.03661467
17240,65.5345,104.6023,17.12208223
17241,67.78592,115.9959,17.74675585
17242,66.59132,127.1836,20.1628162
17243,67.13782,128.8127,20.08998154
17244,67.00111,123.5243,19.34388631
17245,66.61654,114.8299,18.19056412
17246,72.32507,140.0185,18.81754748
17247,66.90281,137.8036,21.64348394
17248,67.55171,155.8602,24.01142085
17249,68.48654,135.2003,20.26387644
17250,67.5987,120.4145,18.52496617
17251,68.32615,126.5379,19.05469702
17252,67.53167,136.8568,21.09632109
17253,69.72754,133.9694,19.37100933
17254,69.6497,138.7263,20.10368302
17255,66.74817,120.5369,19.01939142
17256,68.68338,137.2761,20.45723523
17257,68.09093,112.3863,17.04080735
17258,70.61191,129.0103,18.18962695
17259,67.37954,122.8752,19.02670038
17260,68.13334,138.094,20.9127322
17261,68.91805,141.2478,20.90600527
17262,70.53026,120.2164,16.98901007
17263,66.74661,123.1471,19.43216045
17264,63.66612,92.91629,16.11500404
17265,68.93518,128.9977,19.08338729
17266,62.95082,89.82395,15.93472933
17267,68.93593,128.2837,18.97734813
17268,68.73095,136.5794,20.325247
17269,66.31924,111.7375,17.85974254
17270,70.48056,143.0927,20.25042355
17271,69.12774,139.3958,20.50691335
17272,67.81338,123.9796,18.95286081
17273,69.70128,137.1688,19.84856698
17274,68.20119,124.0966,18.75561473
17275,68.43567,135.5799,20.35099218
17276,66.59979,122.0255,19.34016618
17277,69.57976,121.9471,17.7076508
17278,66.89298,153.7224,24.15079291
17279,68.44356,133.3465,20.01113697
17280,64.02299,133.0834,22.82481716
17281,68.08549,126.3244,19.15726181
17282,64.19319,131.872,22.4972794
17283,68.1466,126.907,19.2111126
17284,66.59019,112.2,17.78802265
17285,71.77869,136.6592,18.64674978
17286,65.45623,120.6365,19.79393215
17287,66.91902,109.6637,17.21547758
17288,70.47505,147.7924,20.91879391
17289,70.45755,130.7421,18.51465852
17290,69.23837,140.1161,20.54706029
17291,70.43378,123.3224,17.47572895
17292,66.66166,108.7235,17.19992294
17293,66.202,116.2268,18.64315395
17294,69.01369,123.5196,18.23142873
17295,67.89474,109.0678,16.6333459
17296,65.09125,115.2931,19.12993164
17297,65.61432,118.1457,19.29194345
17298,67.83938,120.6424,18.42856645
17299,67.93244,149.6971,22.80417076
17300,68.77471,147.1688,21.87326115
17301,65.27402,123.5437,20.38427213
17302,64.87507,107.5534,17.96485805
17303,68.12084,144.7017,21.92143445
17304,68.10385,122.944,18.6345683
17305,66.60491,123.4707,19.5662115
17306,64.98909,126.5752,21.0679867
17307,65.48748,123.3998,20.22801296
17308,71.20181,135.5595,18.79763514
17309,69.63121,145.3661,21.0770866
17310,67.94288,132.4093,20.16442817
17311,69.47689,137.9974,20.09765974
17312,67.00352,125.768,19.69383261
17313,67.33913,140.9204,21.84711979
17314,69.99442,124.9403,17.92796646
17315,66.61274,122.8743,19.46712358
17316,64.62708,119.5881,20.12863029
17317,67.33036,129.4347,20.07170075
17318,67.80582,122.0169,18.65698091
17319,67.32409,131.2304,20.35395424
17320,70.96058,154.6305,21.58818704
17321,68.98601,128.4208,18.97005727
17322,69.46885,126.7239,18.46008243
17323,67.27957,151.1432,23.47348238
17324,70.18223,118.0108,16.84312813
17325,67.0326,138.4939,21.66775123
17326,66.39075,120.1294,19.15973435
17327,67.89527,134.1851,20.46353128
17328,66.14899,130.3818,20.94719436
17329,69.54063,144.5497,21.01334922
17330,70.14756,134.8804,19.26988096
17331,66.89045,99.50583,15.63419831
17332,67.23624,137.2681,21.34607888
17333,69.78805,125.1333,18.06201072
17334,68.41729,132.5489,19.90672043
17335,65.77199,124.1671,20.17808276
17336,68.65215,123.5174,18.42362906
17337,68.65431,140.2481,20.91783332
17338,70.68047,147.894,20.8116744
17339,66.9118,138.9373,21.81567996
17340,69.86836,127.2331,18.32290522
17341,63.23208,111.9702,19.68714967
17342,64.72051,104.9827,17.61932235
17343,65.24398,124.1485,20.5029291
17344,70.89385,133.8627,18.72396331
17345,64.25659,125.7283,21.4068625
17346,70.04462,135.2964,19.3861692
17347,68.1956,132.6032,20.04456428
17348,66.98148,139.9306,21.92595622
17349,67.94824,139.7195,21.27433157
17350,67.09869,118.7587,18.54354136
17351,71.84299,149.6695,20.38542806
17352,68.44482,131.4924,19.73216806
17353,67.24833,120.8204,18.78159998
17354,69.21266,125.3578,18.39651699
17355,64.62267,110.5318,18.60684638
17356,66.34307,135.219,21.59742209
17357,67.53967,125.4678,19.33613811
17358,66.34283,122.1693,19.51324169
17359,66.21181,102.0376,16.36231088
17360,67.4587,123.1343,19.02209891
17361,66.25568,125.5099,20.09958439
17362,67.24089,110.9775,17.25533344
17363,65.92673,132.2059,21.38371177
17364,67.96507,124.3027,18.91752646
17365,67.12922,137.0875,21.38602054
17366,69.75762,117.7232,17.00724915
17367,69.35818,136.1109,19.89082762
17368,66.49944,130.8294,20.79814964
17369,65.84519,116.6415,18.91299513
17370,68.6028,138.3946,20.67239461
17371,65.50146,105.7827,17.33277152
17372,69.52765,135.0961,19.64640242
17373,68.34357,130.8423,19.69283186
17374,68.39615,146.7625,22.05500263
17375,66.43119,133.4835,21.26370048
17376,68.33665,101.9516,15.34765404
17377,69.47857,135.9337,19.79614931
17378,66.01032,131.8757,21.27631575
17379,64.46887,94.18679,15.9310795
17380,67.68763,118.7816,18.22576977
17381,69.57526,138.27,20.0804579
17382,69.0155,135.8559,20.05120843
17383,70.21523,127.0247,18.11260255
17384,72.33756,124.8651,16.77523772
17385,70.90167,120.6197,16.86788533
17386,68.87665,133.8123,19.82929751
17387,67.92675,127.4273,19.41494364
17388,69.62929,129.0453,18.71171453
17389,67.59691,110.7002,17.031388
17390,63.85158,96.09962,16.57042696
17391,68.01914,119.6914,18.18678776
17392,69.86323,149.4407,21.52419397
17393,69.23452,141.8186,20.79903317
17394,66.7337,121.9367,19.24860911
17395,67.6231,109.1208,16.77539343
17396,69.04787,135.6889,20.0077879
17397,66.66643,134.4328,21.26405911
17398,65.62201,121.1309,19.77475956
17399,68.02126,130.6948,19.85748708
17400,68.08905,134.0382,20.32494422
17401,67.5556,134.2413,20.67848719
17402,69.35112,142.6964,20.85745827
17403,67.77226,129.9275,19.88623057
17404,70.44505,127.7974,18.10407666
17405,68.2744,132.4472,19.9747946
17406,66.20602,104.8284,16.81277188
17407,68.40548,141.5327,21.26328339
17408,67.28425,125.0764,19.42244347
17409,69.86408,137.2586,19.76910468
17410,70.17631,122.8945,17.54311519
17411,68.57961,125.8787,18.81557748
17412,68.45722,154.869,23.23171662
17413,70.16449,138.963,19.84356786
17414,67.94165,150.0432,22.85069762
17415,68.94539,124.4079,18.39894068
17416,66.95864,121.0411,18.97907048
17417,67.13623,137.279,21.41142303
17418,69.5223,129.8503,18.88643636
17419,69.18085,117.7637,17.29796364
17420,66.22712,122.3249,19.60642695
17421,65.79575,128.0249,20.78998073
17422,68.66855,128.7411,19.19361533
17423,70.65926,147.8487,20.81779203
17424,67.12482,128.5421,20.05554404
17425,69.51048,131.1724,19.08522194
17426,69.71101,137.643,19.91162501
17427,66.2875,129.1074,20.65585518
17428,65.99484,128.2892,20.70739469
17429,68.42721,106.4421,15.98126282
17430,70.19993,129.7897,18.51493516
17431,67.513,126.6537,19.53432429
17432,64.9103,126.3234,21.0771506
17433,67.90483,133.3319,20.32769147
17434,68.72117,110.1285,16.39358585
17435,69.82383,132.965,19.17279058
17436,66.35869,134.4128,21.45854866
17437,64.96389,112.9538,18.81534242
17438,68.10303,120.6951,18.29414405
17439,66.75597,128.8385,20.32454179
17440,70.61415,125.407,17.68046294
17441,68.98555,144.2759,21.31242436
17442,66.08359,124.9939,20.12133945
17443,68.9074,114.1931,16.90687964
17444,70.61363,117.2962,16.53720814
17445,70.6372,151.222,21.30607007
17446,70.41624,148.9906,21.123629
17447,70.83968,145.3063,20.3557256
17448,70.65043,117.1631,16.50123922
17449,65.80934,138.862,22.54050649
17450,66.92804,128.9616,20.2394881
17451,70.39752,126.0571,17.88166346
17452,72.50206,147.8171,19.76875459
17453,64.03816,120.2204,20.60894707
17454,67.21913,123.7812,19.25857899
17455,67.61897,129.5538,19.91903885
17456,68.35799,134.8242,20.28357997
17457,68.28884,132.8389,20.02539653
17458,69.1259,137.0335,20.16046189
17459,69.41682,128.1469,18.69536723
17460,67.77817,138.1283,21.13772845
17461,66.81717,143.9722,22.6703284
17462,66.75222,128.8606,20.33031214
17463,70.87992,148.1767,20.7342727
17464,67.89296,119.2523,18.18748307
17465,68.241,134.4452,20.29597232
17466,69.38423,145.2439,21.20956106
17467,67.65062,131.6738,20.22605258
17468,64.91414,127.9493,21.34590752
17469,69.34408,128.3066,18.75795719
17470,67.92756,130.1062,19.82263062
17471,67.10739,132.5064,20.68480751
17472,70.39954,116.3744,16.5071895
17473,68.23497,138.2569,20.87507911
17474,65.60851,122.0313,19.92995019
17475,69.05463,130.5581,19.24746511
17476,69.12682,140.6556,20.6927969
17477,70.88868,142.4583,19.9291742
17478,67.58599,132.6764,20.41905526
17479,67.32745,119.78,18.57613257
17480,67.12344,124.6291,19.44582499
17481,67.61494,123.2273,18.94859109
17482,67.66575,128.987,19.80448107
17483,69.5664,147.4409,21.41776944
17484,69.15809,132.131,19.4211108
17485,68.67322,130.7502,19.49049478
17486,66.99931,114.139,17.87511021
17487,65.92524,135.0721,21.84829434
17488,71.79475,128.5656,17.53455428
17489,69.80914,128.4846,18.53454061
17490,68.67485,147.9136,22.04793873
17491,69.78355,144.2045,20.81747349
17492,66.4674,126.0095,20.05123983
17493,67.7098,102.0889,15.65419673
17494,68.07478,121.1104,18.3723314
17495,68.83845,127.8095,18.96078418
17496,66.26448,116.7611,18.69355561
17497,67.13351,109.3082,17.05019534
17498,71.7536,135.465,18.49673335
17499,69.04101,135.8275,20.0322052
17500,66.32523,118.2465,18.89670531
17501,66.14545,105.8383,17.00584552
17502,66.29814,122.1135,19.53063282
17503,69.04615,124.2771,18.32599234
17504,68.4843,137.9207,20.67296339
17505,69.22513,152.3623,22.35142853
17506,65.09487,116.8324,19.38318296
17507,69.82687,137.7917,19.86704305
17508,71.35732,141.2236,19.49779688
17509,69.78746,144.7297,20.89095064
17510,67.53645,132.4694,20.41711792
17511,71.56001,134.0619,18.40432569
17512,66.63729,110.7138,17.52759898
17513,70.40909,152.2089,21.58429707
17514,69.48909,127.0428,18.49575795
17515,66.23063,125.2783,20.07767427
17516,68.48589,121.0761,18.14728001
17517,67.04085,123.1234,19.25825358
17518,67.27063,137.0571,21.29148111
17519,71.97956,143.4563,19.46509714
17520,70.96103,146.4419,20.44470548
17521,66.91292,131.9401,20.71629893
17522,68.28653,131.3733,19.805798
17523,67.93407,114.6522,17.46475304
17524,69.21084,126.1387,18.51208925
17525,69.30884,126.5639,18.52200143
17526,70.80526,135.2671,18.96777811
17527,67.93951,109.9232,16.74171202
17528,67.56284,107.6989,16.58634899
17529,68.09715,124.0935,18.81249885
17530,70.12763,129.9578,18.5771613
17531,66.98102,131.5794,20.61767612
17532,68.86713,146.9701,21.78513953
17533,65.2471,104.3321,17.22863407
17534,68.7895,112.7259,16.74691172
17535,66.34859,115.9226,18.51228563
17536,65.34809,115.9247,19.08382866
17537,68.56905,142.9977,21.38100486
17538,68.42731,128.6519,19.31579531
17539,63.02668,117.3216,20.76272924
17540,70.48699,108.167,15.3049593
17541,68.76397,116.1651,17.27066703
17542,67.79336,125.918,19.26055617
17543,70.62234,128.4205,18.10112114
17544,70.83431,133.99,18.77328946
17545,66.67394,104.0444,16.45363259
17546,68.11247,115.8479,17.55457144
17547,69.17367,126.6247,18.60339121
17548,64.44211,106.5789,18.04209872
17549,64.78017,116.4003,19.49958003
17550,66.10999,133.4851,21.47108213
17551,65.87608,125.1903,20.28011945
17552,66.10888,117.348,18.876063
17553,68.80248,128.6236,19.1015144
17554,66.81104,131.7218,20.74514704
17555,69.08557,113.5234,16.72114544
17556,65.7806,111.8252,18.16767481
17557,71.0256,126.3278,17.60453003
17558,66.96471,114.1668,17.89794497
17559,67.35775,125.6802,19.47363586
17560,68.96066,115.0578,17.00860017
17561,70.45835,131.7719,18.66006687
17562,65.83663,125.7059,20.38805526
17563,69.09294,140.4586,20.68408503
17564,70.01214,135.788,19.47466571
17565,70.05774,131.9843,18.90450682
17566,68.80506,118.9164,17.65860217
17567,71.03993,114.2464,15.9144927
17568,66.96363,119.7721,18.7772943
17569,68.13431,143.9173,21.79398278
17570,68.12636,134.6963,20.40237007
17571,65.78844,115.5098,18.76182065
17572,66.52245,141.3431,22.45398694
17573,66.4821,119.7862,19.05253001
17574,66.78109,111.4848,17.57373112
17575,70.63527,129.1964,18.2038194
17576,64.84494,125.1476,20.92308238
17577,66.94689,113.3937,17.78621091
17578,69.9777,146.588,21.0442967
17579,68.47808,126.7218,18.99780861
17580,71.90407,129.2662,17.57653892
17581,66.16301,134.7019,21.6320928
17582,70.373,127.0987,18.04198439
17583,69.51213,154.7542,22.51523979
17584,68.62782,115.5711,17.25059841
17585,68.02584,112.8388,17.1421763
17586,68.93595,128.5597,19.01816651
17587,68.45787,143.0222,21.45418467
17588,71.04919,150.0566,20.89739562
17589,68.41924,133.9914,20.12221377
17590,66.17319,129.4204,20.77753012
17591,68.25954,123.7291,18.66811486
17592,69.45543,126.2942,18.40459743
17593,67.36318,131.4997,20.37205902
17594,70.46899,129.5623,18.34162796
17595,65.38946,122.8568,20.19942572
17596,66.58764,107.3435,17.01938375
17597,68.94909,123.1888,18.21669019
17598,71.99101,132.4664,17.96819804
17599,66.52168,90.28757,14.34355728
17600,65.33005,103.7244,17.08481479
17601,70.78015,122.0199,17.12233668
17602,67.59295,150.5815,23.16989907
17603,70.60438,130.0759,18.34378185
17604,65.41199,127.4417,20.93881779
17605,68.62862,131.5481,19.63493069
17606,69.74755,135.2463,19.54442077
17607,68.1019,124.3764,18.85275614
17608,70.11839,116.9938,16.72839601
17609,68.67284,131.3305,19.57721482
17610,67.5545,130.8208,20.15225072
17611,69.10032,140.3478,20.66335406
17612,65.02648,114.67,19.06446606
17613,67.66499,100.9845,15.50536523
17614,66.05669,127.6383,20.56376917
17615,68.56903,123.1565,18.41436094
17616,71.14656,154.5352,21.46223425
17617,68.34943,142.6295,21.46322066
17618,67.52165,129.4453,19.95976936
17619,66.28252,110.107,17.61863392
17620,66.28898,111.789,17.88429081
17621,67.38143,118.9327,18.41518797
17622,64.96211,116.1956,19.35640778
17623,68.06586,128.5962,19.51303341
17624,69.29725,122.9534,17.99964198
17625,68.59195,124.7235,18.63619798
17626,68.36335,115.9058,17.43467361
17627,68.20277,124.6159,18.83322766
17628,67.63228,113.3939,17.427575
17629,68.55703,131.2876,19.63699567
17630,67.80819,109.1425,16.68725562
17631,69.84982,124.792,17.98090256
17632,67.60338,124.7089,19.18297467
17633,66.71585,129.8961,20.51603304
17634,68.47311,128.0554,19.20052549
17635,66.60304,145.09,22.99347976
17636,67.27537,118.608,18.4228628
17637,70.94362,119.4777,16.68843026
17638,68.47006,137.1918,20.57226274
17639,68.82753,129.1745,19.16936582
17640,70.8099,140.7936,19.74014219
17641,68.3647,149.1508,22.43453578
17642,70.78792,139.6307,19.5892558
17643,67.27509,123.7572,19.22282557
17644,67.20986,148.5905,23.12492791
17645,67.4203,122.0798,18.88068614
17646,69.04477,126.2105,18.61183689
17647,65.38357,100.095,16.46002344
17648,65.61573,132.7978,21.6835445
17649,69.85783,118.9502,17.13524505
17650,67.36017,105.2444,16.30602007
17651,62.6732,121.4203,21.73115889
17652,70.42525,121.7662,17.25938368
17653,67.26572,126.6487,19.6774343
17654,68.51747,143.4521,21.48125243
17655,64.26348,106.0661,18.05524749
17656,70.26415,145.1632,20.67018028
17657,67.41239,114.509,17.7139534
17658,66.90254,124.9441,19.62392455
17659,67.09326,103.5604,16.17302491
17660,69.77547,130.6445,18.86430958
17661,68.33065,118.0593,17.77560639
17662,68.26423,136.1453,20.53863545
17663,71.57294,143.9069,19.74873257
17664,65.40654,121.508,19.96723119
17665,67.34236,123.9898,19.22049731
17666,68.37858,146.2403,21.98782334
17667,66.6348,124.2302,19.66891087
17668,69.29278,124.7185,18.26039775
17669,67.92344,101.0071,15.39103699
17670,69.22177,109.5712,16.0755686
17671,67.81513,140.0702,21.41153862
17672,68.53579,150.1922,22.47852745
17673,68.44375,116.0455,17.41470157
17674,66.7314,123.9785,19.57227143
17675,66.60584,119.3897,18.91897339
17676,68.23841,130.5193,19.70481052
17677,67.80735,118.0474,18.04921039
17678,69.12848,135.7411,19.96883249
17679,68.27442,125.7874,18.9703973
17680,66.25022,111.829,17.9116303
17681,66.69382,137.1941,21.68301019
17682,69.13214,121.0271,17.80237522
17683,65.10633,124.076,20.57769277
17684,66.68091,114.9335,18.17184071
17685,68.83099,130.5804,19.37605183
17686,64.99021,107.8868,17.95675083
17687,65.10463,119.2647,19.78078374
17688,66.23363,129.517,20.75510745
17689,70.40311,140.5745,19.93784357
17690,69.1741,142.1562,20.88498155
17691,70.94219,155.5272,21.72463538
17692,69.77945,141.9648,20.49655706
17693,68.07987,128.9409,19.557286
17694,71.18967,135.8515,18.8445514
17695,68.68805,132.4254,19.73168819
17696,67.13456,127.5693,19.89798979
17697,69.38753,140.057,20.45018722
17698,69.78403,112.8273,16.28761249
17699,70.54483,142.3329,20.10621122
17700,69.26943,128.3769,18.80870874
17701,62.75187,123.6565,22.07592604
17702,68.67501,124.052,18.49105255
17703,69.80293,115.4548,16.65789089
17704,68.42678,143.1792,21.49725704
17705,69.45741,138.7257,20.21506212
17706,67.9611,132.2818,20.13421128
17707,70.27294,147.6049,21.01260289
17708,69.4698,115.1695,16.77647482
17709,66.0276,132.7526,21.40658242
17710,70.05938,119.229,17.07672746
17711,69.20764,134.5649,19.75054291
17712,67.91794,128.9604,19.65362597
17713,64.29769,129.4822,22.01783708
17714,68.08515,132.9598,20.16373035
17715,64.99793,130.275,21.67790732
17716,67.5616,113.1737,17.4301445
17717,66.51537,134.7376,21.40918376
17718,67.68945,130.292,19.99084284
17719,68.90486,110.8739,16.41666514
17720,66.18914,115.6845,18.5633786
17721,69.75767,127.8686,18.47290951
17722,66.76657,140.9137,22.22237192
17723,67.08656,119.2133,18.62125678
17724,69.01353,113.2377,16.71390314
17725,68.92044,135.0273,19.9839266
17726,65.85728,126.3403,20.47809952
17727,67.17593,141.6974,22.07444693
17728,67.30636,99.24041,15.40038814
17729,66.94324,130.8662,20.52907403
17730,68.50491,122.4066,18.33651339
17731,68.74354,125.7904,18.71281128
17732,65.76227,104.6801,17.01632854
17733,69.09257,136.0122,20.02951789
17734,68.94939,118.2589,17.48752319
17735,70.09213,125.8561,18.00906142
17736,69.18731,133.4524,19.59877027
17737,68.4954,128.8647,19.30929776
17738,69.51338,125.0658,18.19521025
17739,66.63248,116.099,18.3828079
17740,71.0828,126.8249,17.64537126
17741,69.24003,121.6796,17.84261907
17742,67.58275,107.368,16.5256469
17743,67.47076,135.8448,20.97814773
17744,67.46227,154.3603,23.84344686
17745,66.76317,117.0371,18.45886436
17746,68.17367,146.8522,22.21275538
17747,69.46524,134.8602,19.64735279
17748,66.62973,121.8982,19.30263111
17749,66.44354,107.1741,17.06631056
17750,64.64407,122.6856,20.63913693
17751,67.3738,125.9878,19.51199749
17752,67.15214,118.8415,18.52694171
17753,67.02086,122.0688,19.10469055
17754,65.3578,119.4367,19.65614152
17755,68.64967,135.319,20.18539242
17756,65.73185,107.9237,17.55983537
17757,70.26659,145.7515,20.75250858
17758,67.98652,108.0164,16.42855631
17759,68.12168,103.4226,15.66751347
17760,66.71189,113.731,17.96501952
17761,68.95181,118.5587,17.53062548
17762,64.05937,107.2392,18.37145545
17763,67.8327,99.86461,15.25768791
17764,65.13404,128.6271,21.31433416
17765,69.83556,140.1353,20.19991921
17766,64.58079,117.7762,19.85208638
17767,66.27481,139.9699,22.4023199
17768,68.44232,136.3386,20.46089893
17769,69.49662,126.653,18.43501267
17770,67.00532,136.4169,21.36018108
17771,66.56845,119.5951,18.97281717
17772,71.46587,140.205,19.29840679
17773,71.15181,127.4632,17.69979505
17774,67.45321,120.4057,18.60360578
17775,67.04669,124.6743,19.4974394
17776,70.26367,136.9014,19.4940266
17777,67.61734,124.1445,19.08827331
17778,69.14406,126.3297,18.57595012
17779,68.51538,119.557,17.90416998
17780,67.15402,109.3047,17.03923648
17781,67.39338,116.0406,17.96101247
17782,63.98085,130.7299,22.45071842
17783,67.69502,121.9959,18.71488309
17784,63.70691,115.2735,19.96694966
17785,68.96742,148.4415,21.93929661
17786,67.80944,110.1538,16.84125661
17787,65.94609,123.3123,19.93350279
17788,66.7438,125.529,19.80968345
17789,69.28237,129.4881,18.96442644
17790,67.30155,138.8039,21.5430337
17791,64.46644,122.0999,20.65395646
17792,70.54669,152.5065,21.54221697
17793,70.72644,125.0889,17.57966122
17794,70.68136,124.8044,17.56205881
17795,67.64608,123.3561,18.9509369
17796,70.01336,137.4849,19.71734732
17797,70.26996,132.6404,18.88390188
17798,64.43709,117.2493,19.85151906
17799,65.71351,107.3677,17.47912325
17800,67.51238,115.8008,17.86076466
17801,67.41874,136.2018,21.06574917
17802,67.24278,127.5762,19.83506678
17803,66.92857,122.3716,19.20493633
17804,67.00632,121.4926,19.02276388
17805,71.00224,142.3814,19.85475277
17806,65.08169,131.7073,21.85986764
17807,68.68027,138.8542,20.69428177
17808,68.95186,119.4662,17.66478691
17809,65.72262,125.0601,20.35374647
17810,67.25835,112.9622,17.5548066
17811,68.83265,141.0966,20.93547862
17812,66.0971,114.9541,18.4975828
17813,68.72897,103.6782,15.42989969
17814,70.73673,121.2629,17.03700756
17815,67.11241,102.611,16.01561337
17816,68.28176,132.165,19.92793839
17817,66.27818,111.2475,17.80346097
17818,68.17814,130.9026,19.7976344
17819,67.39827,133.3838,20.64243439
17820,68.26178,140.6728,21.22316934
17821,69.16235,139.975,20.57151698
17822,69.95678,144.1954,20.7131957
17823,65.80928,127.7615,20.73867704
17824,70.35926,115.0103,16.33238222
17825,72.16204,128.699,17.37452312
17826,70.5984,127.022,17.91614441
17827,67.54096,116.5187,17.9562853
17828,70.90351,149.8015,20.94768416
17829,66.69164,116.7514,18.45332487
17830,67.12278,124.5669,19.43650217
17831,66.35003,126.2649,20.16302632
17832,67.96086,123.9389,18.86449703
17833,66.60797,129.7934,20.56627025
17834,70.68833,138.1275,19.43300817
17835,67.46758,120.3863,18.59268564
17836,71.41271,134.6558,18.5621963
17837,67.32752,127.3763,19.75416693
17838,70.63214,135.4599,19.08804044
17839,68.45124,140.1733,21.03090604
17840,64.6863,122.1215,20.51742402
17841,70.21472,128.4004,18.30903121
17842,67.95426,114.9715,17.50298608
17843,70.44048,113.0864,16.02216097
17844,68.92179,132.3365,19.58492321
17845,70.6785,128.997,18.15349657
17846,67.61551,101.6088,15.62406335
17847,66.09501,128.1073,20.61540437
17848,68.55704,121.8583,18.22662773
17849,69.19175,136.8494,20.09507321
17850,68.16405,119.0371,18.01054647
17851,69.0402,121.7373,17.95456588
17852,66.66933,131.2186,20.75384379
17853,69.87747,133.1686,19.17267958
17854,71.59021,143.2877,19.65427208
17855,67.38968,131.6709,20.38254176
17856,68.20687,122.5181,18.5139607
17857,69.68547,129.6884,18.77465608
17858,67.93426,121.8744,18.56479327
17859,67.1179,119.5904,18.6627193
17860,67.15852,131.0955,20.43341124
17861,68.59133,132.2124,19.75554731
17862,69.26014,136.4103,19.99105707
17863,70.07126,135.873,19.45398764
17864,67.0628,123.2518,19.26571943
17865,69.13139,133.561,19.64646454
17866,68.40603,150.925,22.67397881
17867,69.7404,134.901,19.49851901
17868,69.49899,145.542,21.18296151
17869,66.14494,141.4612,22.72999861
17870,67.79179,122.9394,18.80581726
17871,66.74223,123.4556,19.48339759
17872,66.63048,110.9128,17.56269303
17873,68.4112,120.4405,18.0914534
17874,69.37198,129.1054,18.85955982
17875,65.74819,109.5126,17.80950349
17876,66.01136,128.2502,20.69073961
17877,67.90718,125.0989,19.07117382
17878,67.16599,139.2742,21.70336911
17879,66.48646,114.6859,18.23891217
17880,65.71394,130.992,21.32480577
17881,68.79098,141.218,20.97888434
17882,67.99196,133.9622,20.37147497
17883,66.5631,127.67,20.25709215
17884,70.817,125.1695,17.54602697
17885,66.64471,129.4135,20.4834706
17886,67.40685,150.7738,23.32776548
17887,66.17396,103.0751,16.54759338
17888,67.97678,129.4215,19.689767
17889,68.48737,128.1923,19.21304883
17890,69.52669,154.935,22.53210432
17891,67.68157,119.2703,18.3040329
17892,65.55334,103.3069,16.90032304
17893,66.66098,113.6555,17.98052606
17894,66.04091,134.5409,21.68620484
17895,68.13648,130.8127,19.80823808
17896,68.13583,120.3052,18.21749349
17897,67.14269,123.0069,19.18171019
17898,66.04267,110.8981,17.87434701
17899,69.08156,150.8598,22.22309691
17900,66.61972,112.7862,17.86510955
17901,66.93529,111.1,17.43247637
17902,67.35236,125.911,19.51252006
17903,68.51651,131.9403,19.75797018
17904,64.4288,113.6686,19.25022238
17905,67.61939,135.8584,20.88811854
17906,67.13547,136.8187,21.34011312
17907,66.36896,128.5891,20.52246185
17908,68.5461,121.3929,18.16281298
17909,69.13348,118.3683,17.41060642
17910,68.62844,117.1061,17.47940273
17911,65.0907,107.1077,17.77207488
17912,66.98252,104.5822,16.38664833
17913,68.60319,137.7396,20.57432147
17914,71.20318,127.5626,17.68804797
17915,67.03676,116.6844,18.25332937
17916,66.41179,115.3066,18.37888328
17917,66.68877,127.3655,20.13268577
17918,69.89705,138.6612,19.95228253
17919,68.88841,120.0867,17.78926127
17920,68.53916,124.4342,18.621623
17921,68.01568,126.3073,19.19400872
17922,68.68683,134.0053,19.96780622
17923,65.40277,128.8785,21.18085626
17924,68.67509,124.1615,18.50733138
17925,67.4067,123.0948,19.04534744
17926,67.17129,117.9041,18.37032564
17927,65.59616,115.5202,18.8736729
17928,68.67567,149.735,22.31890285
17929,70.48483,137.5004,19.45664582
17930,68.51527,129.2966,19.36277874
17931,67.69421,127.8233,19.60930953
17932,66.9375,131.2734,20.59648369
17933,67.81,134.0172,20.48935921
17934,64.04524,104.574,17.92277821
17935,67.23027,117.1627,18.22279483
17936,72.83977,134.8802,17.87172177
17937,67.47092,119.7091,18.48626723
17938,65.71528,129.7431,21.12063008
17939,71.92649,124.2943,16.88996708
17940,70.05502,131.3468,18.81465672
17941,67.87492,132.6076,20.23508712
17942,66.50503,119.4857,18.99163128
17943,66.91365,132.5616,20.81342832
17944,67.88395,128.4869,19.60107842
17945,66.72951,140.1601,22.12808607
17946,68.50989,127.1386,19.04259844
17947,66.02751,116.4385,18.77595725
17948,65.83821,133.1072,21.58742507
17949,66.03926,113.465,18.28996381
17950,70.46449,121.1387,17.15132229
17951,67.62774,139.2346,21.40192057
17952,67.34629,139.7259,21.65732872
17953,68.28918,135.4869,20.42437781
17954,66.68415,131.9723,20.86377407
17955,67.9826,140.5009,21.37169122
17956,68.07289,129.6271,19.66539856
17957,69.451,131.9335,19.228854
17958,69.86608,153.0546,22.04291155
17959,68.37755,135.7714,20.41439669
17960,68.6245,141.193,21.07706353
17961,66.61664,132.7202,21.02455945
17962,70.06392,145.6707,20.86117029
17963,69.15142,118.9946,17.49364758
17964,68.98655,141.885,20.95863317
17965,68.9009,132.7891,19.66382329
17966,68.21302,120.9478,18.273374
17967,66.3911,120.5331,19.22391877
17968,66.83657,120.8557,19.01928362
17969,66.48676,128.8555,20.49216982
17970,67.74059,124.7659,19.1140747
17971,68.18607,128.0024,19.35450719
17972,69.87665,113.3553,16.32048286
17973,67.0486,122.6413,19.17841192
17974,67.27659,102.4448,15.91172641
17975,66.51091,119.3634,18.96883794
17976,68.91221,131.2366,19.42754572
17977,65.68233,110.3737,17.98555424
17978,72.45968,133.0092,17.80919064
17979,68.18543,130.0549,19.66522307
17980,69.14627,149.4217,21.97007213
17981,66.64452,128.6803,20.3675364
17982,69.28048,141.1256,20.6699464
17983,64.94449,117.1219,19.52130346
17984,67.63184,129.0595,19.83548834
17985,69.17876,118.432,17.3971794
17986,68.17164,119.7833,18.11941261
17987,67.87229,129.1417,19.70773978
17988,66.08932,116.2913,18.71716133
17989,68.80233,130.847,19.43178976
17990,67.47177,124.7299,19.26112691
17991,69.04627,134.744,19.86938003
17992,65.53588,135.9945,22.25965346
17993,66.41675,118.6227,18.90461727
17994,70.97724,143.0605,19.96350756
17995,70.31771,126.9513,18.04941123
17996,68.63439,123.4122,18.41746541
17997,66.04782,128.4055,20.69292939
17998,68.97705,141.9362,20.97197183
17999,68.91452,133.6861,19.78882955
18000,67.87146,107.1111,16.3461478
18001,67.37218,133.1697,20.62526541
18002,66.3178,118.4692,18.93653694
18003,66.48568,117.9041,18.75115409
18004,69.2381,132.462,19.42479078
18005,67.2139,132.6842,20.64697083
18006,68.50477,134.123,20.09171268
18007,63.66317,136.7526,23.71998432
18008,66.32945,110.6483,17.68020428
18009,67.10945,123.3761,19.25834683
18010,70.02339,132.8187,19.04268949
18011,66.06018,115.8997,18.67059384
18012,68.59984,106.3343,15.88482724
18013,67.16997,133.2448,20.76133545
18014,68.15961,126.2497,19.1043157
18015,67.9255,136.4886,20.79629724
18016,68.24803,131.2595,19.81097413
18017,68.63838,126.5846,18.88870348
18018,67.30494,119.9612,18.61668042
18019,68.54865,134.5564,20.13083883
18020,68.53894,133.6246,19.99709806
18021,68.78754,122.2611,18.1645259
18022,69.70884,135.1988,19.55926137
18023,65.90638,125.9987,20.39231228
18024,70.37854,129.9166,18.43908919
18025,70.70388,139.938,19.67906651
18026,67.22265,114.1903,17.76451198
18027,69.80605,131.4128,18.95862629
18028,67.97377,115.0723,17.50827677
18029,69.83246,129.3358,18.64487157
18030,69.33122,127.4932,18.6459563
18031,68.67805,125.6517,18.72784398
18032,69.58794,131.1589,19.04079731
18033,68.42502,124.2701,18.65916078
18034,67.69161,113.9616,17.48413599
18035,70.2256,145.9646,20.80711893
18036,70.04402,139.6768,20.01416496
18037,67.95373,139.5456,21.24441966
18038,68.3128,121.7718,18.34416203
18039,68.40937,122.1585,18.35049715
18040,66.4482,133.4419,21.24619192
18041,65.28092,124.6637,20.5647202
18042,68.09486,128.0449,19.4128343
18043,66.70524,120.472,19.03362652
18044,65.41192,117.5336,19.3109469
18045,65.85663,135.9652,22.03860414
18046,70.74685,149.2883,20.96847674
18047,69.57387,117.9533,17.13062065
18048,68.94783,128.49,19.00130591
18049,68.47448,126.3915,18.95028332
18050,71.04807,152.0604,21.17711933
18051,67.63577,124.4287,19.12154639
18052,65.52926,134.8985,22.08472106
18053,66.79635,119.705,18.86088872
18054,67.76397,141.058,21.59510718
18055,64.71368,120.2188,20.18066715
18056,66.01498,109.751,17.7043024
18057,69.09526,128.5564,18.93008293
18058,69.5558,117.3931,17.05812121
18059,70.0715,137.8603,19.73838953
18060,67.86641,126.4714,19.30358171
18061,70.0659,152.4405,21.82942417
18062,68.80896,115.4877,17.14751019
18063,68.08706,121.7255,18.45898125
18064,69.52669,136.2363,19.81276357
18065,67.03169,119.8095,18.74503445
18066,65.28391,103.4991,17.07181059
18067,69.47478,140.6912,20.49122389
18068,66.37838,118.5934,18.92180433
18069,66.31288,123.2614,19.7054629
18070,71.26059,139.1393,19.2622188
18071,64.42409,127.9856,21.67803176
18072,67.46592,129.3959,19.98512857
18073,69.28848,132.1143,19.34563924
18074,69.92655,121.1621,17.41958938
18075,67.78948,131.155,20.06391003
18076,64.45606,111.9183,18.93777359
18077,69.29649,141.9219,20.7769726
18078,67.70022,118.3203,18.14823638
18079,64.05875,112.507,19.2742705
18080,65.87971,107.3144,17.38240919
18081,64.19588,111.4285,19.0080382
18082,67.50863,124.7257,19.23945147
18083,71.16467,146.5501,20.34288596
18084,68.71092,109.9617,16.37364022
18085,67.60347,138.4381,21.29477122
18086,67.1752,117.9673,18.37803305
18087,68.9361,128.3238,18.9831866
18088,71.93971,145.1521,19.71702027
18089,67.45158,127.374,19.68121285
18090,68.4984,127.2154,19.06049426
18091,66.04641,131.7895,21.23917792
18092,69.16729,135.4433,19.9026695
18093,66.9408,130.642,20.49539765
18094,71.99802,149.8457,20.3216283
18095,66.92567,121.6816,19.09830309
18096,68.41449,120.9509,18.16637361
18097,68.01572,105.1644,15.98105602
18098,70.20919,139.4911,19.8936237
18099,67.59821,124.802,19.20023208
18100,71.51942,129.1836,17.75475731
18101,67.61313,128.6954,19.79047723
18102,68.63738,128.6178,19.1926528
18103,65.69314,105.1192,17.12368896
18104,70.04372,137.0862,19.64312845
18105,66.35456,122.6138,19.57731505
18106,67.49569,139.7088,21.55892018
18107,63.92701,111.9422,19.25663412
18108,67.44722,120.0132,18.54625527
18109,69.96202,100.6786,14.45998399
18110,68.80541,121.0008,17.9679443
18111,67.75075,114.8156,17.58441846
18112,69.7042,126.8603,18.35537091
18113,69.64501,120.8241,17.51172319
18114,69.39123,130.6514,19.07481003
18115,68.9035,134.7614,19.95438162
18116,66.30156,103.3628,16.52997118
18117,65.82235,137.0039,22.23010368
18118,66.6285,122.64,19.42081246
18119,65.68185,126.536,20.6195258
18120,70.3089,143.4456,20.399614
18121,71.60372,129.4984,17.75613983
18122,70.64766,125.3179,17.6511445
18123,69.25148,137.409,20.14245423
18124,67.11941,134.9583,21.06001439
18125,62.681,113.2199,20.2584521
18126,69.29774,136.554,19.99040573
18127,68.59213,125.7968,18.79647192
18128,70.21639,126.2265,17.99819158
18129,69.27237,126.6931,18.56043691
18130,67.47561,133.393,20.59656165
18131,67.10278,142.9183,22.31321452
18132,68.97598,136.8493,20.22097751
18133,68.87987,135.7244,20.11076624
18134,62.51831,124.7827,22.44374079
18135,70.16181,133.7963,19.10723567
18136,70.11142,129.0453,18.45525245
18137,71.00201,127.2179,17.74035314
18138,68.83197,126.4874,18.76818137
18139,65.55569,113.4283,18.55478654
18140,69.18478,114.7062,16.84694233
18141,67.17728,130.403,20.31412297
18142,67.96749,116.2167,17.68566525
18143,63.09629,109.8718,19.40143784
18144,67.81887,125.685,19.21045609
18145,72.54256,140.8276,18.81296935
18146,68.38361,114.9645,17.28283694
18147,66.57869,127.7382,20.25842256
18148,72.07371,137.6268,18.62535594
18149,66.14913,118.2779,19.00249631
18150,68.70572,113.5148,16.90526656
18151,69.16225,144.8836,21.29297415
18152,69.46824,112.4765,16.3849276
18153,66.60941,100.0013,15.84491074
18154,65.79111,117.3869,19.06516338
18155,65.76647,112.3201,18.25592079
18156,67.22625,132.7827,20.65470744
18157,69.2736,120.489,17.65091444
18158,68.47907,128.7633,19.30330693
18159,70.22812,138.8851,19.79652195
18160,66.46453,125.1114,19.91004918
18161,67.97522,125.1482,19.04051491
18162,68.8071,120.3047,17.86369978
18163,68.32443,118.6195,17.86320489
18164,69.47959,126.1822,18.37548989
18165,68.03194,137.12,20.82717751
18166,69.48829,139.8606,20.3623296
18167,69.37585,112.6907,16.45988389
18168,69.23615,121.2323,17.77902126
18169,68.69017,131.3072,19.56386616
18170,71.45863,139.9082,19.26145644
18171,67.39093,122.1571,18.90911224
18172,68.53211,134.3921,20.11596441
18173,70.2828,127.9534,18.20996225
18174,67.65305,110.9933,17.04815273
18175,67.20857,123.4236,19.20897648
18176,66.31937,106.9169,17.08916721
18177,63.79425,115.0191,19.86836904
18178,69.65965,132.1418,19.14401242
18179,68.64995,128.8615,19.22197716
18180,67.3593,122.2451,18.94050938
18181,70.33984,131.6924,18.71170169
18182,67.34878,118.4924,18.36480642
18183,66.86827,114.3971,17.9858168
18184,69.52901,127.1832,18.49494234
18185,68.90152,147.9446,21.90770264
18186,70.01268,142.4176,20.42516546
18187,70.59863,145.8138,20.56654813
18188,68.57766,141.3239,21.12543278
18189,64.83389,98.21334,16.42561526
18190,65.52077,120.3068,19.70096571
18191,64.95625,119.2154,19.86304361
18192,66.30334,124.0317,19.83431511
18193,69.48549,106.2442,15.46935859
18194,69.49559,132.4523,19.27970287
18195,68.81243,125.2854,18.60038784
18196,69.2587,136.2841,19.97339287
18197,67.39374,134.3775,20.79901489
18198,70.86215,127.6207,17.86684203
18199,65.80325,130.9248,21.25604969
18200,64.61694,130.3277,21.9431656
18201,70.18644,141.1758,20.14694279
18202,65.12985,145.219,24.06681452
18203,66.26916,122.1385,19.5517203
18204,67.64688,135.0033,20.73978107
18205,70.90986,129.1092,18.05091658
18206,68.94223,140.3829,20.76341961
18207,69.88886,113.3361,16.3120174
18208,67.5314,138.2173,21.306211
18209,65.13228,118.1327,19.57640282
18210,68.75247,126.3602,18.792693
18211,66.64471,114.0659,18.05426412
18212,65.97446,120.8874,19.52471367
18213,68.73431,130.3753,19.40007868
18214,65.67938,131.3553,21.40645916
18215,65.55778,115.0373,18.81678956
18216,67.69354,127.2255,19.51798768
18217,66.82119,114.3377,18.00181796
18218,68.46759,131.2031,19.67566134
18219,68.89698,134.2954,19.88914394
18220,65.08409,115.3981,19.15156679
18221,71.76925,117.198,15.99553277
18222,69.8877,124.6225,17.93701982
18223,64.86973,126.3919,21.11496602
18224,70.09753,141.5936,20.25785781
18225,67.35945,130.7049,20.25117046
18226,68.02039,144.4665,21.95049109
18227,66.73404,128.6324,20.30536792
18228,65.62875,127.3425,20.78454069
18229,65.79502,116.3517,18.89478748
18230,70.61392,129.3511,18.23663932
18231,71.74355,123.4305,16.85823441
18232,67.49866,131.0747,20.22478414
18233,66.33294,120.6984,19.28405427
18234,67.92479,134.5304,20.49836159
18235,68.63009,131.2724,19.59294023
18236,67.10296,113.8506,17.77490519
18237,64.19394,104.6135,17.8465796
18238,70.73008,125.7546,17.67139793
18239,63.13516,118.8045,20.9529726
18240,69.24981,129.8799,19.03969987
18241,64.52242,119.4434,20.16954897
18242,66.36544,126.2793,20.15596217
18243,67.62992,125.1355,19.23349066
18244,67.45805,123.2317,19.03751238
18245,68.97952,122.3737,18.08019376
18246,66.40492,126.2988,20.13511125
18247,68.53298,131.8284,19.73172586
18248,65.28708,111.5392,18.39621007
18249,68.17779,149.5809,22.62276209
18250,68.97437,120.1771,17.75830702
18251,70.55554,129.7295,18.32026828
18252,68.91172,121.2899,17.95534621
18253,68.38275,127.8957,19.227293
18254,70.31738,114.6335,16.2982703
18255,67.88363,140.9839,21.50773763
18256,67.42592,98.99675,15.30814264
18257,70.05856,129.2721,18.51559684
18258,70.19548,145.6526,20.78046542
18259,66.16502,104.1451,16.72388876
18260,66.37637,128.7241,20.53942083
18261,69.99829,130.8869,18.77918089
18262,68.99134,146.4337,21.62754382
18263,68.94388,139.6823,20.65880807
18264,64.99491,123.3346,20.52492417
18265,69.11084,125.0166,18.40054411
18266,67.93461,116.0817,17.68222496
18267,67.01411,134.6481,21.07769162
18268,65.32575,141.6096,23.3280916
18269,71.45383,134.6091,18.53440808
18270,68.01152,124.4252,18.9103127
18271,64.87885,112.5545,18.79801109
18272,68.14952,119.4716,18.083996
18273,66.66531,116.4358,18.41798227
18274,68.66471,123.5617,18.42349494
18275,67.38528,123.4536,19.11300658
18276,68.49113,120.9934,18.13210991
18277,66.78587,110.6601,17.44123396
18278,69.2274,115.8926,17.00023752
18279,65.96948,127.8767,20.65668485
18280,66.35522,121.45,19.39110944
18281,68.54128,131.7424,19.71407819
18282,66.11305,102.6734,16.51349057
18283,68.28863,112.3732,16.94030687
18284,67.43632,121.4337,18.77183928
18285,66.10499,109.3116,17.5854339
18286,68.51568,127.1865,19.04655331
18287,67.35712,122.5386,18.98721289
18288,65.67569,132.4576,21.58852239
18289,66.88722,133.6719,21.00434554
18290,65.12152,121.4696,20.13603088
18291,68.6178,126.8987,18.94693296
18292,66.13103,113.5217,18.24835148
18293,70.83591,137.3996,19.25013761
18294,68.90076,145.7439,21.58229811
18295,66.21815,129.6257,20.78223987
18296,68.06749,133.4515,20.248801
18297,68.34053,126.9106,19.10277838
18298,68.80582,137.9986,20.49177863
18299,67.06065,116.3153,18.18262798
18300,66.06083,111.4023,17.94574244
18301,62.72779,117.2561,20.94936176
18302,71.20406,125.0336,17.33694397
18303,67.21888,124.9911,19.44696673
18304,65.65855,111.0068,18.1018238
18305,68.06644,125.4116,19.02948171
18306,70.10401,139.2201,19.91459805
18307,66.70493,120.9451,19.10855019
18308,67.71756,131.8942,20.21987287
18309,62.67446,110.0678,19.69855682
18310,65.29473,106.2219,17.51512051
18311,67.20517,119.7847,18.64452427
18312,67.29519,144.4307,22.42057745
18313,68.44048,133.3402,20.0119926
18314,70.78181,146.3325,20.53301807
18315,66.39307,128.1566,20.43858382
18316,67.24037,112.4023,17.47713874
18317,69.33963,140.6288,20.56205688
18318,65.37485,118.4317,19.48057975
18319,71.49449,124.4993,17.1228909
18320,70.83151,133.3373,18.68331694
18321,66.24703,113.0378,18.10698726
18322,65.2573,113.6279,18.75780874
18323,65.20991,125.9694,20.82539196
18324,69.1082,126.4711,18.61604663
18325,71.14384,125.8373,17.47793465
18326,66.79003,128.9918,20.32797655
18327,69.31011,153.4923,22.46201654
18328,64.90285,132.3529,22.08824704
18329,65.45378,114.0868,18.72066445
18330,69.28697,119.7079,17.52972076
18331,65.5537,112.4582,18.39721291
18332,69.72966,137.5734,19.8909122
18333,67.05884,115.0583,17.9871023
18334,70.02535,133.1753,19.09274765
18335,71.40333,143.8659,19.83701216
18336,65.19703,126.4798,20.9180343
18337,66.57693,122.7911,19.47487527
18338,69.39658,134.2674,19.59971553
18339,68.44566,124.6497,18.7048716
18340,72.74185,122.6723,16.2979563
18341,67.46665,134.8106,20.82097556
18342,72.08529,148.5511,20.09730841
18343,66.51478,134.3474,21.34756149
18344,68.49908,137.7086,20.63226518
18345,69.51313,140.3623,20.42076995
18346,72.67841,160.6777,21.38454904
18347,64.87969,117.6116,19.6421015
18348,66.81518,131.5526,20.71593194
18349,64.11176,128.3093,21.94512516
18350,70.18729,127.4651,18.18987303
18351,64.37983,111.3805,18.89143016
18352,67.80292,128.6796,19.67742347
18353,69.3405,129.3896,18.91824116
18354,65.40457,132.2629,21.73587743
18355,69.5795,139.6768,20.28229031
18356,66.21928,113.7115,18.23017362
18357,65.52875,102.465,16.77517665
18358,66.81484,136.6555,21.51971796
18359,67.08464,126.9116,19.82487498
18360,66.42219,133.5132,21.27419565
18361,64.69989,107.3891,18.0346801
18362,67.27032,124.3337,19.31511044
18363,66.53975,113.5752,18.0333539
18364,68.78295,132.6993,19.71797723
18365,68.09623,129.5183,19.63542577
18366,65.65343,108.2289,17.65158583
18367,67.29559,129.9961,20.17959465
18368,70.47152,141.2098,19.98908364
18369,68.77322,139.9161,20.796215
18370,67.3118,134.2859,20.8354714
18371,71.43053,132.9983,18.32456483
18372,69.27809,137.9838,20.21117743
18373,68.6156,122.2664,18.25646628
18374,70.38529,144.5917,20.51799314
18375,68.90408,113.6984,16.83525897
18376,69.956,137.618,19.76881462
18377,69.08083,126.6975,18.6641526
18378,68.58346,127.6423,19.07704762
18379,69.55913,135.0345,19.61967381
18380,67.87572,131.5021,20.06592175
18381,68.04456,125.3529,19.03280905
18382,69.61629,130.6801,18.95583994
18383,67.38283,126.7602,19.62635938
18384,70.06792,133.7293,19.14888299
18385,65.72838,126.3271,20.55634958
18386,68.66827,120.6609,17.98910982
18387,69.23921,144.166,21.14043725
18388,67.60529,127.6045,19.62727263
18389,67.02823,130.9427,20.4890166
18390,68.52986,130.1434,19.48129327
18391,68.06148,132.0809,20.04437722
18392,69.89291,121.0481,17.41995611
18393,69.95674,127.3249,18.28982469
18394,71.36783,126.4851,17.45780788
18395,71.02923,132.704,18.49120125
18396,67.45478,124.9489,19.30466643
18397,65.64995,111.3464,18.16195963
18398,70.54974,118.2128,16.69663657
18399,64.73194,127.1272,21.32831572
18400,68.39661,126.2186,18.96747542
18401,66.75958,141.6033,22.33579978
18402,70.36383,143.4256,20.36493644
18403,68.07707,121.5943,18.44449762
18404,70.95278,154.5036,21.57521319
18405,65.56764,123.9059,20.26134199
18406,69.43223,106.3676,15.51109498
18407,67.31171,126.8754,19.685729
18408,70.92227,133.0625,18.59712237
18409,68.71388,121.1249,18.03432169
18410,66.50874,132.745,21.09677428
18411,70.26147,130.0088,18.51371659
18412,67.16654,111.1425,17.31926802
18413,70.24561,120.9162,17.22667415
18414,69.63362,131.7987,19.10858398
18415,66.23707,119.442,19.13859999
18416,69.83489,125.9842,18.16044561
18417,68.70037,130.8307,19.48708314
18418,69.63254,139.143,20.17400914
18419,70.99486,134.7143,18.7894994
18420,70.68998,149.3115,21.00549237
18421,69.36635,123.4528,18.03676238
18422,68.13314,116.9677,17.71350346
18423,70.79422,120.9634,16.96733787
18424,66.18385,97.99029,15.72658092
18425,69.42133,141.0527,20.57552234
18426,69.01491,117.6252,17.36080456
18427,67.27059,124.4138,19.32739874
18428,68.88229,143.9361,21.32602443
18429,67.33816,125.2068,19.41157395
18430,68.66516,142.6448,21.26857518
18431,66.22914,129.1967,20.70658667
18432,68.76597,122.474,18.20757386
18433,69.53247,115.2221,16.7538953
18434,71.49026,142.5817,19.61215696
18435,66.50972,133.654,21.24061303
18436,67.81402,123.1049,18.81878951
18437,65.24439,121.9487,20.13938248
18438,66.01804,100.4529,16.20289252
18439,65.48158,116.1882,19.0493012
18440,68.16192,125.732,19.02468692
18441,65.02381,134.4425,22.3535796
18442,66.88569,130.0115,20.43010839
18443,67.39995,96.39088,14.91667823
18444,65.66171,109.2462,17.81300899
18445,67.95512,127.9877,19.48404806
18446,63.62623,110.8507,19.24958552
18447,69.18472,108.1881,15.88965411
18448,66.551,105.7101,16.77886723
18449,69.236,110.3032,16.17631139
18450,69.26426,117.98,17.28802251
18451,65.99389,122.8317,19.82706044
18452,71.73307,125.3396,17.12398321
18453,66.45155,115.4263,18.37595289
18454,66.39266,136.1279,21.71012541
18455,66.81631,127.1059,20.01502145
18456,67.89039,124.9759,19.06184751
18457,67.84615,121.3787,18.53733893
18458,69.36484,134.7724,19.6914415
18459,64.37297,123.659,20.97847727
18460,72.89808,138.8161,18.36381817
18461,66.99569,116.2376,18.20573558
18462,71.71415,134.3653,18.36676802
18463,70.09297,135.7937,19.43059152
18464,68.57037,144.2014,21.56015189
18465,69.00022,135.0503,19.94113747
18466,69.20893,120.8345,17.73462479
18467,69.46547,133.6304,19.46805823
18468,70.79127,130.4978,18.30623815
18469,68.78851,118.4584,17.59905637
18470,67.9302,135.4705,20.63831669
18471,66.4848,126.2168,20.07371514
18472,65.27146,101.3705,16.72708483
18473,65.50771,98.70684,16.17028737
18474,67.43981,115.5729,17.86399793
18475,69.16119,151.2058,22.22280425
18476,67.83732,115.3943,17.6279706
18477,66.49751,131.5375,20.91193121
18478,68.69063,116.851,17.409759
18479,67.40924,142.2469,22.00692048
18480,68.69726,128.5186,19.14443175
18481,67.12827,119.2494,18.60375527
18482,69.57438,125.2213,18.18590187
18483,70.35553,127.9276,18.16866843
18484,71.02956,136.2053,18.978902
18485,67.01715,119.3356,18.67899201
18486,71.66632,140.0392,19.16790893
18487,68.14304,104.2278,15.77959626
18488,69.90342,145.7605,20.96999498
18489,68.65728,118.4992,17.67248231
18490,67.86381,110.3406,16.84279606
18491,67.60299,124.9038,19.21317626
18492,68.42162,143.2337,21.50868357
18493,64.29405,111.3888,18.94328456
18494,70.25668,130.9311,18.64759787
18495,66.92782,117.0246,18.3661925
18496,68.13117,112.2702,17.00310071
18497,68.47671,125.9732,18.8863361
18498,70.70443,130.0618,18.2899212
18499,72.47871,139.4575,18.66277802
18500,66.60089,121.3741,19.23628851
18501,69.52894,128.6671,18.7107683
18502,69.51429,138.8626,20.20191013
18503,69.13138,146.1917,21.50441282
18504,66.80915,128.2992,20.20725773
18505,66.95452,127.1524,19.93976727
18506,65.57553,132.8521,21.71901524
18507,66.99722,122.4956,19.1850197
18508,68.06291,141.5624,21.48237114
18509,67.13541,149.8053,23.3657224
18510,68.78744,140.3871,20.85759517
18511,70.39841,127.7709,18.12431402
18512,67.16952,112.1317,17.47186405
18513,67.6426,125.1871,19.23420849
18514,68.62432,131.5505,19.63774969
18515,66.98255,129.8261,20.34201556
18516,71.15912,143.7729,19.96049102
18517,67.55843,130.0446,20.03035062
18518,68.20677,131.9831,19.9442947
18519,66.78195,129.1513,20.35803773
18520,64.70211,117.9549,19.80771709
18521,66.24742,118.3215,18.95313487
18522,67.50724,111.2721,17.16488525
18523,70.38629,132.532,18.80615139
18524,66.2864,138.8554,22.21617217
18525,66.4173,110.4561,17.60283413
18526,67.91435,120.5977,18.38108965
18527,66.42833,130.4869,20.78813697
18528,70.51451,144.908,20.4875819
18529,69.22832,117.2825,17.20366412
18530,67.99826,122.5487,18.63238434
18531,69.65771,140.1853,20.31044386
18532,72.16883,136.178,18.38073812
18533,69.49369,118.7416,17.28492408
18534,64.38605,113.8126,19.30021312
18535,64.55094,114.6945,19.35052604
18536,68.23747,112.8025,17.0305321
18537,68.02698,117.2349,17.80942344
18538,66.43047,95.71513,15.24759221
18539,69.86725,148.5763,21.39723048
18540,66.96093,111.8249,17.5327843
18541,68.82789,125.2561,18.58768476
18542,66.90197,129.6533,20.36390619
18543,67.30931,126.2076,19.58351099
18544,67.52133,123.9019,19.10518796
18545,66.81174,137.8045,21.70266966
18546,65.82295,120.199,19.50300334
18547,71.38764,144.7086,19.96198005
18548,65.35643,115.5945,19.02461395
18549,63.25179,105.0179,18.45325631
18550,65.59107,122.5182,20.02011193
18551,67.78908,137.9392,21.10199657
18552,68.61336,118.2248,17.65413887
18553,66.90249,117.65,18.4783289
18554,70.02504,139.5716,20.00993376
18555,66.22555,127.3096,20.40634999
18556,67.74102,142.398,21.81502682
18557,68.8943,131.6782,19.50305397
18558,69.12125,133.2563,19.60739548
18559,67.44687,123.1274,19.02770604
18560,67.65991,120.3186,18.47673642
18561,70.9585,131.0829,18.30174556
18562,71.92717,154.1861,20.95147496
18563,67.29513,132.4132,20.55508767
18564,63.95244,124.3648,21.37659666
18565,69.83187,136.9095,19.73701928
18566,68.37524,114.5381,17.22295124
18567,67.95803,144.8281,22.04583723
18568,66.57707,123.9629,19.66064204
18569,67.72062,141.1541,21.63749454
18570,63.92725,106.6814,18.35151768
18571,69.46167,129.6969,18.89707035
18572,68.83466,131.4672,19.50555874
18573,65.94714,127.9311,20.67947589
18574,65.75023,127.4329,20.72250909
18575,70.47518,139.0174,19.67669253
18576,64.98932,115.5069,19.2255719
18577,67.41353,127.8081,19.77058709
18578,68.38407,122.2271,18.37439053
18579,70.05637,143.8614,20.60650537
18580,67.06958,100.1749,15.65536037
18581,69.09877,125.7953,18.52162584
18582,65.96505,110.9834,17.93021753
18583,66.57586,114.8681,18.21885973
18584,67.29729,125.7866,19.52515776
18585,71.21423,139.5315,19.34167236
18586,68.14138,125.3772,18.98244029
18587,68.34001,132.0128,19.87107175
18588,65.93383,132.1972,21.37769978
18589,66.30774,108.1026,17.28474643
18590,67.08573,110.2558,17.22251096
18591,67.53056,117.9915,18.18885434
18592,68.0261,115.7176,17.57938172
18593,68.80557,108.2525,16.07481805
18594,67.85261,124.1566,18.95797824
18595,69.57975,134.4556,19.5239862
18596,65.34904,102.2823,16.83749138
18597,66.65974,100.292,15.86698409
18598,70.67149,141.6346,19.93591575
18599,70.13532,136.6807,19.53389971
18600,67.42062,114.6369,17.72940964
18601,69.4708,114.7699,16.71778471
18602,67.6276,135.9559,20.89803411
18603,67.18211,131.4971,20.48161606
18604,64.45811,125.6963,21.26780572
18605,68.95735,122.046,18.04337388
18606,67.64248,129.1718,19.84650293
18607,64.83179,112.8573,18.87595598
18608,69.27039,129.563,18.98196005
18609,66.83193,117.5062,18.49473449
18610,72.23485,151.5014,20.41166446
18611,65.01063,95.82746,15.93956821
18612,68.34214,126.7129,19.07212164
18613,66.62156,130.1081,20.60772566
18614,67.08814,133.7359,20.88871993
18615,69.05202,128.0624,18.88096496
18616,68.23454,133.8401,20.20845173
18617,68.37516,135.1791,20.32676024
18618,67.03833,138.5621,21.6747156
18619,70.80541,132.8961,18.63522657
18620,66.73256,141.7823,22.38214841
18621,65.72028,108.2124,17.61300847
18622,66.41974,111.5486,17.77563429
18623,67.57764,134.0803,20.64021687
18624,69.56328,129.1637,18.76444395
18625,67.62709,121.1408,18.6210584
18626,65.16098,122.078,20.21238286
18627,67.20458,130.3198,20.28467189
18628,69.59194,127.5957,18.52138575
18629,64.89401,112.6321,18.80218337
18630,68.35388,126.5067,19.03454539
18631,65.82881,124.3733,20.17671567
18632,66.1868,126.2654,20.26268137
18633,70.32643,129.9479,18.47087405
18634,64.06977,116.5794,19.96506879
18635,67.1713,112.1838,17.47905564
18636,64.92458,130.1598,21.70770445
18637,67.43431,133.5765,20.65016607
18638,68.82895,118.8026,17.62945886
18639,69.06337,119.7953,17.65629482
18640,69.7271,129.4766,18.72161912
18641,66.43212,124.0251,19.75643987
18642,67.83192,129.6701,19.81193756
18643,65.52728,119.5522,19.57350564
18644,69.47555,149.9544,21.83989527
18645,65.88912,120.1125,19.44984376
18646,70.92408,140.4445,19.62784589
18647,63.47126,100.7746,17.58539664
18648,65.04097,136.9673,22.76135963
18649,67.16204,130.3048,20.30803863
18650,69.37409,106.5867,15.5691084
18651,69.74416,130.6283,18.87890947
18652,68.68581,135.8803,20.2477968
18653,67.24642,117.1742,18.21583084
18654,65.07326,105.7219,17.55153708
18655,67.29306,124.5546,19.33635193
18656,69.81604,127.0576,18.32506607
18657,70.51899,121.0529,17.11269287
18658,66.6253,131.1694,20.77349175
18659,66.89401,121.1997,19.04067799
18660,67.80165,105.2037,16.08813913
18661,67.97818,130.5677,19.86332796
18662,67.01481,118.6079,18.56638536
18663,64.61004,120.3031,20.25965865
18664,66.19053,108.752,17.45021814
18665,68.07234,123.3461,18.71282636
18666,67.97208,111.8923,17.02528561
18667,64.15535,128.6441,21.97249836
18668,69.75831,120.5173,17.41056309
18669,64.32257,104.5157,17.75865549
18670,69.32868,128.1567,18.74436697
18671,71.4743,152.8868,21.03901941
18672,64.42866,107.8894,18.27157164
18673,68.0485,139.8643,21.23367121
18674,68.41135,124.3541,18.67923614
18675,69.90011,133.7566,19.24486316
18676,68.02798,134.4956,20.43093542
18677,71.979,152.6473,20.71251493
18678,67.06678,114.378,17.87651724
18679,67.47195,143.9362,22.22689686
18680,65.75596,123.9509,20.15277074
18681,69.11893,117.6573,17.31331339
18682,69.61776,128.4215,18.62743139
18683,64.42529,93.4895,15.83453805
18684,68.86031,124.3513,18.43604281
18685,71.35262,149.7034,20.67126905
18686,65.26951,109.6937,18.10157258
18687,67.07489,116.9079,18.26750548
18688,67.17127,131.3436,20.46431074
18689,65.73213,94.24776,15.334547
18690,68.68319,133.4584,19.88842186
18691,69.1054,105.3497,15.50831658
18692,68.04565,120.0355,18.22486403
18693,69.40605,128.4936,18.75176555
18694,71.15081,154.0204,21.38818219
18695,67.57653,124.0439,19.09584859
18696,66.19606,113.86,18.26678944
18697,67.87278,147.5407,22.51520414
18698,65.36336,139.1989,22.90458305
18699,69.80543,155.6269,22.45233835
18700,66.64909,119.51,18.91346601
18701,68.84986,128.6154,19.07401741
18702,69.83458,135.5907,19.54538263
18703,65.32506,119.5717,19.69808895
18704,64.73504,130.5975,21.90843458
18705,63.47841,100.2383,17.48787086
18706,69.27949,144.9208,21.22641661
18707,68.85303,130.5177,19.35435146
18708,66.69499,106.0517,16.76048324
18709,64.29055,124.4514,21.16707406
18710,66.35597,128.4833,20.51360569
18711,69.72637,122.6604,17.73640468
18712,66.76502,121.0101,19.08442054
18713,68.47077,136.9773,20.53967194
18714,71.66733,157.2045,21.51680821
18715,70.31301,134.2708,19.09261969
18716,67.27406,125.2117,19.44934413
18717,69.53611,153.2106,22.2752894
18718,72.7748,152.2564,20.21011761
18719,69.75516,131.9829,19.06866606
18720,69.31731,113.889,16.66301953
18721,67.59655,113.7564,17.50177526
18722,68.80522,126.4774,18.78129259
18723,66.10887,105.4664,16.96484826
18724,66.65045,116.9397,18.50593909
18725,69.55086,155.5237,22.60200132
18726,70.22757,145.7376,20.77359478
18727,68.77158,129.6204,19.2668483
18728,69.14943,141.3192,20.77682999
18729,65.67652,115.6393,18.84692549
18730,68.16672,107.975,16.33554931
18731,67.61212,123.8621,19.04779274
18732,70.24321,125.2896,17.85096292
18733,69.19034,141.7787,20.81974402
18734,68.81631,131.713,19.55245088
18735,66.33019,114.6571,18.32035123
18736,67.42121,139.7828,21.61802305
18737,67.57223,122.4153,18.84753346
18738,64.35103,132.7265,22.53211515
18739,68.57516,134.564,20.1164135
18740,67.05546,117.4663,18.36539706
18741,68.09799,124.307,18.84440041
18742,71.57853,117.4121,16.11026301
18743,70.06625,149.8354,21.45616044
18744,65.68016,124.5133,20.29096325
18745,66.07335,112.1744,18.06327222
18746,67.57426,104.5494,16.09586322
18747,67.15108,122.4038,19.08289329
18748,69.04551,132.6149,19.55585297
18749,69.20252,145.5692,21.36884266
18750,69.71079,128.8631,18.64163031
18751,65.29563,113.4145,18.70060575
18752,63.64036,120.7483,20.95902592
18753,67.44444,121.6074,18.79416443
18754,67.26357,155.4769,24.15802189
18755,69.67211,150.7134,21.82675964
18756,69.49824,128.3236,18.67730655
18757,69.39577,132.9491,19.40772943
18758,69.61772,128.1457,18.58744819
18759,66.95073,125.8741,19.7415419
18760,65.10061,101.0707,16.76526732
18761,70.60484,133.2398,18.78972183
18762,69.8036,132.7216,19.14878801
18763,64.08148,119.2167,20.4092645
18764,71.7491,132.2534,18.06047862
18765,69.86149,138.9225,20.01023676
18766,70.57948,121.235,17.10907118
18767,69.3868,107.0816,15.63566866
18768,73.40755,129.8191,16.93606297
18769,67.11939,121.4565,18.95309264
18770,66.20766,120.7871,19.37132832
18771,68.55431,121.6152,18.19171549
18772,66.19609,112.1678,17.99529007
18773,69.9654,142.061,20.40156812
18774,69.29187,129.3865,18.94435076
18775,67.8538,114.4474,17.47482789
18776,67.96589,141.6129,21.55143163
18777,68.55128,123.8771,18.53169817
18778,68.75419,123.9171,18.42842529
18779,66.55678,134.4236,21.33272042
18780,70.59726,130.2703,18.37490265
18781,67.02605,119.901,18.76250746
18782,67.41396,116.1679,17.96973967
18783,69.19909,117.1203,17.19438847
18784,70.80766,144.2022,20.21932842
18785,67.60947,110.2511,16.95599162
18786,69.04609,124.0725,18.29585367
18787,66.42537,134.0266,21.35395687
18788,67.11748,107.6576,16.80075253
18789,66.28992,104.2723,16.68127678
18790,70.27361,139.0315,19.79174128
18791,67.69712,129.6555,19.88867647
18792,66.85592,143.7988,22.61678387
18793,67.61554,140.8081,21.65159634
18794,70.14128,137.2464,19.61141422
18795,71.05634,116.9411,16.28234047
18796,63.38973,128.9919,22.56731864
18797,71.79649,132.8951,18.12415917
18798,64.87538,108.4584,18.11584887
18799,66.64629,124.3705,19.68433503
18800,66.66731,122.7419,19.41432533
18801,67.36005,132.1815,20.47958724
18802,67.78648,141.9301,21.71419175
18803,67.65562,122.0912,18.75132369
18804,67.99457,120.7194,18.35624857
18805,67.20666,131.022,20.39270911
18806,67.66445,111.1134,17.06084942
18807,70.7897,124.2387,17.42898434
18808,65.60275,113.6259,18.56045298
18809,68.78444,141.7825,21.06675008
18810,69.97289,154.4117,22.17052139
18811,72.88631,139.0747,18.40397053
18812,68.47303,134.9762,20.23827206
18813,66.79608,136.3316,21.48077293
18814,67.30746,136.4466,21.17345059
18815,69.2924,137.9162,20.1929328
18816,68.29249,140.8264,21.22723886
18817,69.01065,125.7044,18.55553876
18818,67.85167,123.1633,18.80682829
18819,66.52291,119.8779,19.04372817
18820,70.28503,135.5849,19.29483109
18821,67.77965,138.1189,21.13536694
18822,67.25897,117.2646,18.2230819
18823,67.54277,121.0405,18.65212421
18824,70.06108,149.2393,21.37395412
18825,69.45781,134.1714,19.55118587
18826,67.635,116.5934,17.91786678
18827,68.97276,118.5913,17.52479494
18828,66.28357,129.9358,20.79085584
18829,69.75152,104.6822,15.12588569
18830,69.41999,127.9808,18.66942972
18831,71.06858,152.1248,21.17386156
18832,68.33582,139.4499,20.99310664
18833,67.11634,132.4605,20.67212794
18834,67.48548,107.1629,16.5416604
18835,65.88513,120.3014,19.48279191
18836,65.8286,102.3607,16.60578208
18837,69.15262,129.2947,19.00722737
18838,67.73971,132.0791,20.23497909
18839,68.31863,133.1632,20.05678183
18840,65.14074,117.8809,19.52960198
18841,66.25327,120.4461,19.29005344
18842,67.28113,113.3187,17.59828533
18843,71.26882,129.5776,17.93436979
18844,67.2513,122.3783,19.02209618
18845,66.43889,121.4343,19.33979929
18846,66.84667,107.9407,16.98169358
18847,69.75759,140.9194,20.35837802
18848,69.0673,133.6173,19.69123972
18849,69.65999,130.2559,18.87060888
18850,68.93677,125.3045,18.53617543
18851,67.15994,108.8491,16.96522284
18852,69.39921,130.7668,19.08726784
18853,68.34672,135.8604,20.44621199
18854,70.51145,135.0087,19.08964224
18855,69.48508,123.7083,18.0123775
18856,66.907,100.1432,15.7265578
18857,68.13199,121.5932,18.41460744
18858,71.29192,138.1298,19.1056618
18859,70.21849,118.867,16.94781267
18860,68.53744,148.6424,22.24550537
18861,68.98262,118.1685,17.45732421
18862,67.2414,133.1376,20.70058194
18863,68.87922,123.4291,18.28927316
18864,70.11356,135.6634,19.40054742
18865,69.76284,132.2633,19.10497066
18866,69.32483,117.5478,17.19460501
18867,68.85358,112.7226,16.71526516
18868,67.51316,123.8273,19.0983064
18869,67.67759,132.8392,20.3888066
18870,68.30186,140.4737,21.16826606
18871,67.81994,126.1359,19.27876604
18872,65.17462,110.8658,18.34830306
18873,67.21931,131.6292,20.47950553
18874,65.70946,127.0618,20.68781063
18875,66.62218,135.2702,21.42494808
18876,70.03963,148.768,21.31950727
18877,69.57779,139.1555,20.20758624
18878,69.06121,138.5468,20.42130341
18879,67.49563,106.2282,16.39244884
18880,64.4891,95.6685,16.17155036
18881,67.33308,128.5636,19.93500681
18882,65.73318,141.9346,23.09267894
18883,66.24559,139.3832,22.32810219
18884,69.54639,136.7369,19.87430138
18885,70.91309,139.336,19.47896351
18886,67.45435,123.3438,19.05692065
18887,66.8128,131.442,20.69999013
18888,66.07655,128.2468,20.64938604
18889,65.48464,122.1126,20.01874809
18890,67.9735,115.8705,17.62986314
18891,68.17934,128.1162,19.37553879
18892,68.75379,128.5221,19.11348374
18893,70.42998,138.6082,19.6439635
18894,67.84405,122.6771,18.73679456
18895,69.84154,128.9522,18.58473903
18896,68.19966,125.8263,19.01789004
18897,68.52427,126.4684,18.93426774
18898,64.93004,123.5438,20.6008405
18899,66.92609,133.6922,20.98314051
18900,69.75065,126.1361,18.22628705
18901,69.8655,124.4893,17.92923696
18902,66.24436,131.6072,21.08323051
18903,66.32189,135.3703,21.63539998
18904,72.84287,142.1741,18.8365653
18905,67.39726,131.4489,20.3435996
18906,65.01832,115.0837,19.13804864
18907,70.59535,143.0093,20.17285721
18908,70.17018,146.3284,20.8919399
18909,67.4578,136.3524,21.06462658
18910,67.26702,123.5548,19.19599244
18911,69.817,132.1167,19.05419807
18912,66.24797,130.474,20.89941607
18913,69.63203,150.5264,21.82478064
18914,67.56315,138.5557,21.3383062
18915,69.21375,131.5255,19.30103181
18916,70.23974,133.6155,19.03909827
18917,68.74692,140.926,20.96234956
18918,70.20609,126.7617,18.0798077
18919,68.20052,131.4243,19.86349318
18920,69.01907,143.3999,21.16245109
18921,67.66947,128.9828,19.80165891
18922,64.07139,138.8326,23.77488857
18923,66.59571,125.3051,19.86239277
18924,64.2154,109.5273,18.67236476
18925,67.32259,111.9082,17.35783694
18926,68.2653,124.3467,18.7581318
18927,69.10479,142.1923,20.93221086
18928,67.26557,109.9298,17.07989158
18929,67.56282,117.22,18.05267258
18930,67.70635,119.8849,18.38488876
18931,68.91809,119.6725,17.71263702
18932,66.75571,111.1221,17.52987933
18933,63.60255,113.6185,19.74491736
18934,67.9549,132.0406,20.1011664
18935,70.12267,136.86,19.56658224
18936,68.52279,122.0874,18.27915413
18937,68.27301,126.9347,19.14421598
18938,68.0335,132.211,20.08062784
18939,63.71782,112.9014,19.54937309
18940,63.27713,123.3834,21.66299565
18941,67.44392,144.5663,22.34275801
18942,70.93268,124.134,17.34416264
18943,64.95846,124.1922,20.69084393
18944,67.82998,134.4499,20.54340512
18945,65.67986,117.3818,19.12897296
18946,67.85729,106.2393,16.219875
18947,68.64131,126.2599,18.83864401
18948,67.15147,144.6755,22.55481497
18949,68.15486,128.6466,19.46973219
18950,66.76022,120.5667,19.01722657
18951,66.15116,124.4818,19.99798582
18952,70.03411,135.579,19.43249316
18953,63.62972,123.3694,21.42114857
18954,67.99637,127.8984,19.44683725
18955,63.86584,101.1195,17.4282179
18956,69.94454,133.8068,19.22763517
18957,68.33791,134.2027,20.20194542
18958,67.69831,127.598,19.57237544
18959,67.13141,115.7628,18.05813143
18960,68.76137,114.535,17.0296022
18961,65.59809,123.1285,20.1155321
18962,66.31687,100.5823,16.07788236
18963,69.44079,141.2083,20.58667667
18964,69.37313,132.8006,19.39870698
18965,68.42964,128.6768,19.31821818
18966,64.69932,125.6053,21.09423878
18967,69.72645,98.13857,14.19057331
18968,68.41304,133.712,20.08389451
18969,65.35887,116.9776,19.25080797
18970,67.12896,130.9687,20.43162947
18971,66.92088,127.3274,19.9872898
18972,69.29888,138.2458,20.23740578
18973,69.09147,131.6457,19.38711281
18974,67.94608,128.8156,19.61530085
18975,69.76571,147.9617,21.37079118
18976,68.06441,124.6722,18.91841638
18977,67.49538,148.7456,22.95362908
18978,67.11697,113.3744,17.69316969
18979,65.08173,111.555,18.51510537
18980,67.85374,131.636,20.09936891
18981,66.25532,112.1725,17.96388278
18982,70.04843,139.3738,19.96823387
18983,71.20862,134.4401,18.6388457
18984,69.74874,137.7951,19.91206798
18985,71.44554,136.6001,18.81291512
18986,69.94668,141.4994,20.33179453
18987,66.87131,119.1642,18.73360956
18988,69.21473,128.4229,18.84519951
18989,66.74018,127.9894,20.20014937
18990,69.6161,138.6399,20.11056082
18991,70.88611,107.6722,15.06387222
18992,65.62141,132.3347,21.60418794
18993,65.47498,108.9138,17.86024808
18994,66.58238,121.9442,19.33738945
18995,67.40184,120.102,18.58497835
18996,66.54299,100.2631,15.91812207
18997,68.20307,132.0264,19.95300258
18998,68.3355,129.1787,19.44703885
18999,66.84503,110.5189,17.38816024
19000,67.14814,105.918,16.51418411
19001,68.95693,130.3178,19.26651781
19002,67.45968,135.2663,20.89567391
19003,69.73828,139.1718,20.11704121
19004,69.82326,128.9242,18.59043391
19005,69.66234,118.628,17.18487654
19006,74.01942,124.2312,15.94023243
19007,64.87799,127.1184,21.23092764
19008,68.45052,125.3085,18.80106076
19009,69.20931,138.436,20.31773672
19010,68.7274,128.841,19.17562742
19011,67.51895,110.6973,17.0702937
19012,69.2305,146.7603,21.52627973
19013,69.58018,122.7056,17.8175757
19014,67.13026,123.9607,19.33760508
19015,68.74446,138.4759,20.59937823
19016,65.03535,103.0616,17.12983745
19017,67.11675,135.7574,21.18639183
19018,67.28088,105.8265,16.434876
19019,65.52005,114.0189,18.67169444
19020,68.46225,126.0038,18.89890455
19021,68.29754,125.6328,18.93425587
19022,67.42591,118.7455,18.3619522
19023,67.66937,142.4494,21.86913889
19024,71.81863,146.9166,20.02405187
19025,68.71802,128.9584,19.19834033
19026,66.58401,122.4293,19.413364
19027,69.3764,120.9916,17.67205378
19028,68.44002,135.6954,20.36574
19029,64.71921,122.5415,20.56705466
19030,68.52755,125.3404,18.76359243
19031,69.35345,134.088,19.59788018
19032,69.20229,117.4489,17.24103551
19033,67.00578,120.8698,18.9255537
19034,66.89812,112.9835,17.74771814
19035,68.35288,135.8208,20.4365684
19036,67.33573,118.4924,18.37192549
19037,69.82623,138.6881,19.9966541
19038,67.099,128.0533,19.99465912
19039,68.54065,129.6286,19.39812342
19040,71.22829,128.8353,17.85192944
19041,68.5347,130.156,19.48042763
19042,69.8437,134.747,19.4186911
19043,69.37798,153.3498,22.39727783
19044,70.73471,138.6245,19.47736321
19045,68.82335,133.9317,19.87774385
19046,70.17434,126.2272,18.01986779
19047,67.29725,143.426,22.26325066
19048,70.27076,133.5081,19.00700282
19049,67.913,133.8764,20.40579501
19050,69.54137,134.96,19.61886642
19051,68.06886,124.1629,18.83866912
19052,70.52222,123.9367,17.51875757
19053,70.17403,135.6413,19.36397138
19054,68.48377,132.7352,19.89601563
19055,66.5262,100.3805,15.94480621
19056,70.2248,141.5952,20.18472488
19057,64.80255,110.9322,18.57072074
19058,65.99408,114.0842,18.41496376
19059,70.21852,135.3689,19.30060318
19060,64.63526,127.2722,21.41656798
19061,69.50261,143.5405,20.88947629
19062,67.94257,137.276,20.90576191
19063,68.60763,128.7483,19.22879166
19064,69.74468,130.9538,18.92566979
19065,70.29051,135.602,19.29425576
19066,70.17636,150.8629,21.53555661
19067,68.32799,127.8796,19.25569967
19068,67.90664,123.3323,18.80215685
19069,66.83077,123.6567,19.46346003
19070,70.27036,133.2441,18.96963418
19071,67.19055,127.5741,19.865589
19072,67.9287,111.3912,16.97069393
19073,69.57531,130.2659,18.91802388
19074,64.91246,141.2716,23.5696999
19075,67.24179,107.9326,16.78144802
19076,66.73326,128.6043,20.30140675
19077,66.10658,124.0844,19.96103843
19078,66.89731,124.2085,19.51144044
19079,69.97557,116.4106,16.71302116
19080,70.44049,139.3889,19.74871212
19081,70.11371,150.7673,21.56038871
19082,65.99872,134.8482,21.76353575
19083,69.95658,144.1677,20.70933509
19084,69.63275,130.0907,18.86142415
19085,65.33549,121.2849,19.97394062
19086,64.6652,121.7053,20.46084503
19087,67.6065,133.8331,20.58457746
19088,65.23757,127.3737,21.03969975
19089,68.93639,127.6957,18.89011163
19090,66.24616,130.9438,20.97581513
19091,67.52515,118.5495,18.27780066
19092,68.98651,114.9093,16.97392014
19093,68.84443,115.5114,17.1333606
19094,66.88991,109.6227,17.22402298
19095,67.11375,128.4311,20.04483638
19096,71.00279,133.4631,18.61082839
19097,69.99538,132.4863,19.01023762
19098,67.6521,132.338,20.32718911
19099,66.61694,121.7505,19.28664643
19100,66.12389,115.82,18.62181879
19101,68.05366,142.0749,21.56600542
19102,67.73026,142.6115,21.85467675
19103,66.93791,120.2927,18.87340682
19104,70.17167,130.967,18.69793216
19105,66.34749,138.2904,22.08504876
19106,67.05596,121.2986,18.96427937
19107,71.31904,138.9588,19.20571159
19108,67.6327,121.2978,18.64209849
19109,72.3593,119.509,16.0460161
19110,67.54356,142.1348,21.9022057
19111,70.48939,129.9018,18.37904704
19112,68.43258,128.8285,19.33933105
19113,64.68129,108.7665,18.2765043
19114,68.47919,134.2212,20.12144718
19115,66.57968,124.5066,19.74532524
19116,67.2967,129.1762,20.05165819
19117,67.20175,121.1701,18.86208189
19118,67.02215,131.1607,20.52685148
19119,66.46511,119.6751,19.0445918
19120,71.67442,139.3237,19.06566465
19121,68.5519,143.9093,21.52807477
19122,68.65639,120.3063,17.94245092
19123,66.83653,103.4506,16.28023054
19124,70.04256,132.8487,19.03656615
19125,65.59915,134.7797,22.0182798
19126,67.10442,135.3821,21.13558717
19127,67.77316,111.1036,17.00466126
19128,68.32667,115.483,17.38973132
19129,68.48645,123.7207,18.54335802
19130,67.03686,116.3024,18.19351756
19131,66.9232,147.3265,23.12505629
19132,67.87561,116.4401,17.76766689
19133,67.28113,130.6107,20.28371633
19134,66.50314,130.9561,20.81597488
19135,68.32476,133.2194,20.06164627
19136,70.36394,144.2233,20.47813748
19137,65.14779,131.3557,21.75729362
19138,68.01902,133.8224,20.33402712
19139,68.59083,122.4374,18.29520614
19140,69.04421,130.8801,19.30076014
19141,66.88065,124.1543,19.51264396
19142,67.38799,139.7979,21.6416798
19143,68.35328,123.317,18.55494011
19144,68.15364,119.5603,18.09523424
19145,69.75849,142.1927,20.54179938
19146,65.42662,119.948,19.69878165
19147,67.87629,125.7474,19.1874891
19148,69.75726,129.0609,18.64537778
19149,65.78923,116.9633,18.99745092
19150,67.91269,120.1518,18.31402237
19151,71.07096,143.0026,19.90283282
19152,66.99756,122.3414,19.16067473
19153,67.22561,120.1531,18.69049494
19154,70.72869,157.3854,22.11711817
19155,64.74015,108.5634,18.20922065
19156,69.5375,135.2244,19.65948977
19157,69.09657,120.9011,17.80215585
19158,67.70209,132.6755,20.3489454
19159,68.81677,124.6396,18.50217577
19160,68.74628,125.283,18.63584391
19161,66.57536,121.695,19.3019423
19162,67.1991,127.4141,19.83562562
19163,67.24854,123.2395,19.15753081
19164,67.80506,124.4279,19.02606111
19165,71.97488,138.2571,18.76207507
19166,69.89842,143.7624,20.68549517
19167,64.42791,112.2905,19.01736115
19168,67.95844,137.1145,20.87141566
19169,65.51837,133.997,21.94442631
19170,65.50773,98.01516,16.05696562
19171,64.52474,113.2789,19.12721861
19172,69.0834,130.9646,19.29131527
19173,72.04364,141.8397,19.21152473
19174,65.09556,108.8232,18.05402679
19175,66.52195,126.2461,20.05595529
19176,65.7149,125.2941,20.3966218
19177,67.7545,133.7375,20.4801077
19178,65.18518,110.504,18.28250015
19179,67.74465,132.5059,20.2974058
19180,69.32145,124.9234,18.27527178
19181,70.2348,134.8146,19.21266244
19182,67.37761,118.2797,18.31615609
19183,69.67373,119.3944,17.29024551
19184,65.88791,107.4635,17.40222753
19185,67.85004,133.4487,20.37837062
19186,66.95893,120.3034,18.86323679
19187,68.83336,124.4998,18.4725155
19188,68.49758,132.5462,19.85967558
19189,68.7395,122.3993,18.21048538
19190,65.22748,127.1413,21.00780958
19191,71.98146,144.7643,19.64153826
19192,68.68094,134.0401,19.97641755
19193,67.12628,118.6035,18.50408736
19194,67.01346,105.0695,16.44780343
19195,66.4542,133.0311,21.1769611
19196,67.28432,134.1482,20.8311113
19197,70.71591,120.961,17.00460017
19198,67.63227,114.1463,17.54321699
19199,61.827,100.9391,18.56343772
19200,66.81603,123.1338,19.38970814
19201,66.55006,115.1238,18.27357578
19202,69.87374,132.9684,19.14590012
19203,68.88997,133.4733,19.77141408
19204,63.86542,88.16618,15.19587821
19205,67.473,134.805,20.81619201
19206,69.36134,136.2666,19.91176672
19207,67.66722,124.3972,19.09893985
19208,64.09691,112.0101,19.16630183
19209,70.1153,140.897,20.14797847
19210,68.21237,120.1281,18.14987569
19211,68.31802,140.4507,21.15478865
19212,66.31876,138.4193,22.12479111
19213,65.14711,117.866,19.52331497
19214,68.93837,152.8404,22.60848543
19215,68.30602,128.9768,19.43340764
19216,67.90522,127.8382,19.4899018
19217,68.72415,131.8936,19.63180779
19218,66.15404,122.0434,19.60455009
19219,69.20458,145.5385,21.36306417
19220,68.96299,119.937,17.72867755
19221,67.96634,121.1045,18.43010623
19222,68.39281,123.3811,18.54313105
19223,67.87168,112.354,17.14615183
19224,66.60248,105.694,16.75038747
19225,66.40671,136.6209,21.77953174
19226,71.24337,119.4742,16.54781081
19227,69.85952,130.22,18.75779656
19228,66.3421,120.0586,19.17653646
19229,68.03653,117.8885,17.90368613
19230,68.44799,125.149,18.77851779
19231,66.18949,100.7205,16.16200097
19232,65.35281,125.1497,20.59949654
19233,68.07168,112.3675,17.04759446
19234,69.37941,117.3375,17.13684826
19235,65.60905,127.3115,20.79196146
19236,65.33719,113.8739,18.75247584
19237,67.08696,113.6991,17.75972051
19238,68.91007,124.7451,18.46772668
19239,67.21084,130.7168,20.34267619
19240,70.46212,127.2606,18.01929852
19241,68.49577,122.6996,18.38531045
19242,69.3828,124.0819,18.1200802
19243,66.9424,99.05577,15.53933918
19244,65.05132,108.3157,17.99428143
19245,64.57878,107.7267,18.15929605
19246,70.02453,106.5897,15.28164687
19247,68.64292,135.4839,20.21396527
19248,69.3952,123.3528,18.00717037
19249,64.498,103.1257,17.4272852
19250,68.75748,129.8778,19.31302693
19251,70.5535,126.2709,17.8328795
19252,67.55247,107.1793,16.51139529
19253,72.1117,137.8252,18.63255829
19254,68.24515,126.9731,19.16564601
19255,68.39009,150.2682,22.5858302
19256,66.47685,125.4514,19.95675716
19257,71.38525,134.2473,18.52012507
19258,66.35336,129.886,20.73919181
19259,66.6283,131.9099,20.88888462
19260,68.15306,131.1771,19.85375373
19261,69.33029,133.502,19.52527068
19262,68.60209,126.7976,18.94050981
19263,69.86885,139.479,20.08616195
19264,67.12737,119.6263,18.66305479
19265,69.69019,122.2988,17.70248453
19266,67.82449,130.1764,19.89365163
19267,66.96219,122.223,19.16235876
19268,69.13713,137.5221,20.22577287
19269,66.27125,125.5452,20.09579137
19270,71.64224,131.3708,17.99350866
19271,66.31753,135.1288,21.59964235
19272,71.56528,154.7509,21.2414304
19273,68.35767,129.9305,19.54753198
19274,64.12801,110.2428,18.84560281
19275,70.91483,147.3623,20.60001725
19276,70.31161,134.3731,19.10792713
19277,67.4626,130.7984,20.20373236
19278,70.69375,153.4537,21.58592431
19279,69.64298,121.5795,17.62223489
19280,66.12271,121.6818,19.5649914
19281,68.91139,134.8144,19.95765855
19282,65.59233,139.8298,22.8480397
19283,68.39697,131.1997,19.7158017
19284,71.08749,127.9353,17.79751455
19285,66.69531,136.8321,21.62483121
19286,65.6135,118.7268,19.38731551
19287,67.24761,114.7405,17.83685801
19288,63.98366,122.5457,21.0433677
19289,67.44473,143.2907,22.14508178
19290,69.45442,142.9678,20.83501327
19291,66.65284,140.9184,22.29901659
19292,66.90633,112.5183,17.670306
19293,67.36174,132.7616,20.56843314
19294,68.85531,113.9658,16.89876602
19295,67.14749,110.8704,17.28667126
19296,68.43251,127.4271,19.1289964
19297,66.76784,114.9009,18.11941209
19298,65.88806,106.0497,17.17320398
19299,70.28666,139.7015,19.87973458
19300,65.73875,132.1646,21.49946175
19301,66.85533,130.9737,20.60000605
19302,67.81668,119.0647,18.19974476
19303,66.13711,118.1549,18.98963577
19304,67.44496,134.7946,20.83189685
19305,70.31339,135.4947,19.26644375
19306,69.67229,138.3051,20.0296495
19307,68.20788,130.6784,19.74649552
19308,69.07866,135.7628,20.00084308
19309,69.2147,145.863,21.40443581
19310,69.03707,134.3548,19.81726922
19311,67.4867,130.712,20.17596892
19312,68.65038,130.0623,19.40085473
19313,68.47651,117.658,17.63979571
19314,66.81897,125.9835,19.83670071
19315,68.62807,128.3296,19.1548429
19316,66.49421,100.1453,15.92275584
19317,69.32902,117.3836,17.16851084
19318,66.80477,109.5414,17.2551471
19319,67.45323,117.2084,18.10958763
19320,66.82436,118.9075,18.71953072
19321,68.44044,132.5773,19.89751814
19322,68.17205,135.7029,20.52729606
19323,65.54081,120.4393,19.71060428
19324,69.87822,134.6517,19.38578976
19325,70.74234,154.9873,21.77171272
19326,69.72666,142.6482,20.62642187
19327,69.32118,130.9678,19.15966731
19328,67.35447,106.6254,16.52278122
19329,71.54135,121.2208,16.65015223
19330,65.76665,122.1748,19.85754342
19331,70.40562,142.0761,20.14938048
19332,66.07982,104.0078,16.74493757
19333,66.23757,122.995,19.7076118
19334,71.08337,141.4795,19.68397583
19335,70.71918,137.857,19.37803409
19336,66.42899,126.2921,20.11945494
19337,69.82743,119.7982,17.27243239
19338,67.2883,132.4893,20.57107644
19339,67.54366,134.223,20.68297877
19340,68.67346,124.9942,18.63233689
19341,69.49291,136.7762,19.91062362
19342,65.18689,131.8571,21.81415131
19343,68.63243,140.3363,20.94433595
19344,65.87434,123.9921,20.08707895
19345,69.72791,134.6838,19.47409975
19346,68.86516,146.82,21.7641356
19347,70.78499,125.1415,17.55797116
19348,71.49315,139.9804,19.25279072
19349,68.72414,133.7544,19.90878584
19350,68.80062,115.5805,17.16544988
19351,70.09019,125.3692,17.94038278
19352,70.95429,142.1598,19.85065363
19353,68.65434,127.7207,19.04937022
19354,65.07993,103.2811,17.14281054
19355,67.8804,122.2327,18.6489311
19356,68.69267,128.8388,19.19469439
19357,66.39305,109.666,17.48968905
19358,68.97105,121.7352,17.99027588
19359,67.51326,122.2808,18.85972857
19360,67.77261,124.7638,19.09569619
19361,70.49746,131.8233,18.64663908
19362,67.34338,131.4508,20.3764601
19363,67.12994,128.448,20.03780535
19364,67.28063,101.792,15.80843484
19365,67.83278,121.5138,18.56528818
19366,66.94744,111.0788,17.42282422
19367,68.83627,125.1171,18.56253715
19368,67.17864,126.6733,19.73231295
19369,67.94058,129.4379,19.71325243
19370,70.92914,135.2796,18.903327
19371,67.86923,111.0826,16.95334958
19372,68.22707,137.6088,20.7820359
19373,66.86146,119.7778,18.8356211
19374,67.65723,119.8673,18.40889081
19375,68.07379,98.47485,14.9389747
19376,73.59392,145.5716,18.89505271
19377,65.40895,128.1772,21.06161891
19378,67.07607,142.2548,22.22731662
19379,66.89452,117.4998,18.45913597
19380,66.42382,139.1155,22.16578671
19381,71.97374,130.8526,17.75781552
19382,67.96789,119.0567,18.1176385
19383,67.25519,116.9952,18.18326053
19384,65.5737,103.2335,16.8778296
19385,69.84429,127.3391,18.35081205
19386,69.55115,125.4512,18.23146275
19387,66.43305,126.9671,20.22451621
19388,68.85178,117.5224,17.42792299
19389,66.7244,124.9279,19.72628985
19390,68.64607,126.7906,18.91520378
19391,63.70431,112.5109,19.4900203
19392,68.19205,114.4343,17.29991819
19393,67.64495,120.6396,18.53422596
19394,67.69633,129.9412,19.93296701
19395,65.56974,97.43419,15.9316142
19396,70.21936,137.3578,19.58370767
19397,67.42904,125.3863,19.38703788
19398,69.43355,148.2019,21.61077569
19399,67.29278,129.8179,20.15361529
19400,69.10066,151.9111,22.36559429
19401,66.92661,127.0226,19.93602952
19402,66.82918,117.5375,18.50118345
19403,70.36044,119.1202,16.9154535
19404,64.68454,107.658,18.08842046
19405,68.78039,117.1408,17.40741337
19406,66.3356,132.6665,21.19450478
19407,71.05723,148.1894,20.63269307
19408,65.98309,107.8979,17.42220091
19409,66.96438,142.4074,22.32544777
19410,62.66094,102.5225,18.35611212
19411,66.7604,135.5098,21.37411635
19412,69.31698,133.9394,19.59676605
19413,66.1443,137.1406,22.03619064
19414,65.13872,141.9462,23.51801457
19415,68.44832,152.6479,22.90448718
19416,69.10624,132.7292,19.53832249
19417,68.52832,132.1379,19.78074095
19418,68.08132,123.9994,18.80697615
19419,68.86629,136.1652,20.18403912
19420,66.3787,127.2431,20.30168481
19421,67.76213,150.8899,23.10156479
19422,65.99674,147.9077,23.87267808
19423,65.81136,126.1608,20.47755155
19424,67.40505,131.4322,20.33631368
19425,66.83229,123.1594,19.38430367
19426,68.63507,124.9311,18.64376959
19427,62.97683,96.29756,17.06903684
19428,71.24168,132.8696,18.40401794
19429,67.47631,130.3214,20.1218734
19430,68.62495,130.4401,19.47163258
19431,68.42664,122.2238,18.35103979
19432,65.46691,120.4029,19.7491581
19433,68.25073,125.9581,19.00933062
19434,67.4445,119.4108,18.45465175
19435,67.1342,126.346,19.7073934
19436,68.13306,134.1461,20.31503557
19437,65.54906,141.2074,23.10361003
19438,71.2458,147.3819,20.41178293
19439,69.55894,150.7427,21.90209732
19440,67.5101,121.0396,18.67004231
19441,67.63941,122.4085,18.80906814
19442,64.82273,112.1695,18.76616257
19443,69.22052,132.0336,19.37180438
19444,69.92432,144.2027,20.73348056
19445,66.98924,150.2762,23.54157029
19446,68.56214,132.0495,19.74801084
19447,66.77559,127.3659,20.0804308
19448,68.73691,129.7617,19.3073132
19449,66.91012,122.4668,19.23047792
19450,67.17807,126.9057,19.76885012
19451,69.93152,142.0998,20.42691848
19452,69.08901,139.7904,20.58802721
19453,70.19955,130.4641,18.61134207
19454,68.66485,120.245,17.9288899
19455,67.02561,131.4908,20.57638808
19456,64.99279,125.5052,20.88751062
19457,69.62365,146.1419,21.19417421
19458,68.24774,136.1765,20.55327078
19459,66.21311,113.8111,18.2495421
19460,65.83904,132.5109,21.49017485
19461,63.6379,123.548,21.44664508
19462,70.60624,131.5629,18.55250656
19463,68.13407,146.0477,22.11675374
19464,69.39546,136.2664,19.8921621
19465,68.94134,118.7888,17.56998454
19466,67.38692,130.1127,20.14298366
19467,64.89061,111.4397,18.60508017
19468,69.9709,145.0628,20.82938565
19469,68.5498,143.3518,21.44598962
19470,69.27563,137.7491,20.17823274
19471,70.71056,161.4436,22.699046
19472,66.4149,112.9923,18.00831704
19473,62.50167,91.57279,16.47929121
19474,68.42081,128.0469,19.22861355
19475,71.7836,127.215,17.35574169
19476,66.29355,121.9691,19.51023912
19477,66.41854,126.7928,20.20557752
19478,67.77764,145.8554,22.3205531
19479,67.57821,100.8997,15.53215915
19480,67.89491,114.1335,17.40580151
19481,68.64534,116.5296,17.38479044
19482,69.35841,134.6133,19.6718425
19483,68.6794,140.9111,21.00136608
19484,69.63578,107.6423,15.60534609
19485,69.1889,141.0582,20.71480315
19486,68.96742,145.8354,21.5541213
19487,68.61172,139.6006,20.84711666
19488,67.52548,120.6988,18.60899492
19489,66.15107,105.9052,17.01370362
19490,68.68094,135.0912,20.13306629
19491,66.80899,103.3739,16.28157499
19492,68.9321,127.5417,18.8696788
19493,67.76799,139.2827,21.32079001
19494,66.53111,125.715,19.96608365
19495,68.00506,134.7767,20.48743965
19496,67.04487,116.2412,18.17959918
19497,70.32864,115.7384,16.45009313
19498,70.16821,137.7695,19.67105315
19499,68.70678,132.4533,19.72508653
19500,65.97472,118.204,19.09116305
19501,69.80446,106.9538,15.43068483
19502,66.69743,126.3104,19.96072152
19503,67.64179,116.9737,17.97270181
19504,66.80381,131.6848,20.7438092
19505,72.77441,143.1369,18.99982259
19506,69.28426,140.4357,20.56665594
19507,66.80098,114.5898,18.05242789
19508,69.41988,144.3342,21.05507812
19509,66.9729,131.5274,20.61452587
19510,68.03946,143.2374,21.75154139
19511,69.00818,123.1109,18.17400671
19512,69.2158,148.4322,21.7807567
19513,69.63119,130.0823,18.86105135
19514,70.09088,145.9827,20.8897716
19515,66.70823,124.4015,19.65269468
19516,66.09049,121.7826,19.60029569
19517,67.75741,126.407,19.35587709
19518,65.67362,133.5732,21.77172018
19519,67.23266,132.217,20.56278978
19520,69.99684,144.2222,20.69333901
19521,67.57739,132.6973,20.42747007
19522,65.54885,120.8402,19.77136287
19523,69.4322,121.8002,17.76157499
19524,66.99743,133.9659,20.98134398
19525,67.06971,130.6626,20.41990719
19526,64.51039,109.5663,18.50857513
19527,71.90727,129.9342,17.66579556
19528,66.98211,119.479,18.72100916
19529,68.8868,136.5011,20.2217834
19530,67.69444,130.4561,20.01307009
19531,70.7424,140.6748,19.76114261
19532,69.54554,145.2172,21.10740369
19533,69.14821,135.2195,19.8807501
19534,66.50703,108.6434,17.26726545
19535,70.29309,127.0521,18.07639834
19536,67.9355,133.4828,20.33232677
19537,68.21364,133.9939,20.24407339
19538,68.5144,128.0894,19.18248197
19539,65.42839,111.4876,18.30835918
19540,67.86424,128.8723,19.6712938
19541,63.71868,96.00666,16.62352594
19542,70.61081,123.8097,17.45691951
19543,68.90318,123.7874,18.32961043
19544,70.13475,128.6143,18.38137846
19545,71.46053,152.5282,20.99776178
19546,70.03539,120.0435,17.20516617
19547,68.1379,137.3988,20.80466733
19548,63.85703,125.0479,21.55828935
19549,67.30965,124.9212,19.38370572
19550,68.90615,139.2283,20.6142185
19551,71.64804,125.3181,17.16170759
19552,68.88111,134.4917,19.92739521
19553,69.51423,134.5854,19.57969136
19554,68.18086,121.5733,18.3852094
19555,65.69997,110.1231,17.93508383
19556,68.40463,126.7027,19.03575903
19557,71.07505,140.2282,19.51445095
19558,69.27603,126.8514,18.58166416
19559,68.23265,121.7072,18.37752909
19560,68.58259,117.5669,17.57165338
19561,67.36844,127.4011,19.73401805
19562,68.28441,122.825,18.51820874
19563,69.07799,130.0466,19.15909289
19564,67.21276,126.4072,19.67087495
19565,64.98716,104.79,17.44295453
19566,66.9179,127.2505,19.9769975
19567,67.12818,130.2357,20.31775076
19568,66.10688,107.0003,17.21262072
19569,68.57638,125.1795,18.712828
19570,63.93057,112.976,19.43230713
19571,69.76564,139.6668,20.17276097
19572,68.41106,151.9062,22.81803203
19573,66.36876,122.2946,19.51799484
19574,70.47793,129.8903,18.38339695
19575,65.4282,121.4682,19.94747713
19576,66.03012,135.4752,21.84393888
19577,68.0989,130.5315,19.78747869
19578,68.65857,146.6697,21.87289263
19579,72.01458,129.7612,17.5897357
19580,68.50725,123.4456,18.49089238
19581,69.22753,125.3293,18.38443409
19582,70.19938,140.7101,20.07308131
19583,67.04063,124.0582,19.40459697
19584,66.98144,121.0401,18.96599531
19585,68.71907,120.0657,17.87391694
19586,69.72849,144.2993,20.86406987
19587,69.09655,123.9771,18.25509391
19588,69.7738,114.8563,16.58537879
19589,67.75308,130.351,19.96234729
19590,67.08285,122.5291,19.14130565
19591,71.31542,136.2466,18.83276598
19592,70.79423,139.6064,19.5823554
19593,68.65088,120.791,18.01763084
19594,70.36812,127.8744,18.15461475
19595,68.9855,117.1791,17.30971233
19596,67.35987,120.6422,18.69184163
19597,70.4786,146.8413,20.78207982
19598,69.13282,134.3117,19.75607317
19599,69.53122,125.177,18.20204421
19600,67.98617,118.3697,18.00340785
19601,67.61576,135.516,20.83771201
19602,69.78926,147.2761,21.25741315
19603,66.81312,130.7799,20.5955228
19604,68.68595,134.9254,20.10542327
19605,68.05575,116.4879,17.68098649
19606,67.0537,115.5655,18.06916291
19607,63.55754,127.6591,22.21636206
19608,68.02524,131.1121,19.91855977
19609,71.55392,137.254,18.84575205
19610,67.92525,109.364,16.66353815
19611,68.30782,137.5401,20.72257929
19612,69.51542,152.0741,22.12321693
19613,67.29902,120.4122,18.68995846
19614,68.95044,125.9445,18.62346331
19615,66.93895,113.2025,17.76043308
19616,68.33849,111.7251,16.81803764
19617,66.99193,117.526,18.40959781
19618,64.8404,122.1497,20.42473164
19619,67.83682,109.6392,16.7490516
19620,69.02802,119.1542,17.57979667
19621,69.41642,112.3215,16.3867865
19622,72.88867,144.9415,19.17909123
19623,66.61994,120.0592,19.01701267
19624,68.41957,132.3673,19.87812213
19625,67.05694,129.4949,20.24512799
19626,64.48443,128.3386,21.69716001
19627,70.56403,128.5002,18.14230136
19628,67.67847,127.6393,19.59019119
19629,68.38258,132.7334,19.95467136
19630,68.18807,128.7375,19.46451557
19631,67.85684,142.625,21.77527858
19632,71.13318,131.6605,18.29221834
19633,65.43111,121.7387,19.99012036
19634,69.13164,113.8551,16.74765842
19635,68.69,137.9111,20.54790337
19636,70.5797,131.3443,18.5356124
19637,68.82262,116.2803,17.25834177
19638,68.39201,111.0592,16.69164466
19639,68.73134,136.7499,20.35038924
19640,63.96774,105.3882,18.10611596
19641,67.70227,137.468,21.08387721
19642,65.38377,110.8341,18.22589264
19643,66.86451,132.972,20.90856336
19644,67.14211,119.5467,18.64244828
19645,64.23474,137.3847,23.40743109
19646,66.66678,106.7181,16.88007808
19647,68.51504,119.8735,17.95174537
19648,65.93028,115.4797,18.67631248
19649,67.37382,118.0422,18.28143473
19650,70.25357,125.9146,17.93472074
19651,70.0309,136.5168,19.56870153
19652,66.34973,123.1756,19.66987915
19653,69.95254,126.0075,18.1027579
19654,67.47996,129.589,20.00662494
19655,68.7086,121.1474,18.04044409
19656,67.00906,134.2455,21.01783655
19657,67.72585,106.4953,16.32213019
19658,71.29286,141.0486,19.5088662
19659,68.51699,122.1062,18.28506419
19660,66.62695,126.9819,20.10931514
19661,67.94829,126.8774,19.31890612
19662,66.89987,102.8782,16.15950802
19663,67.42931,133.088,20.57769816
19664,68.2914,129.8764,19.57733332
19665,65.99699,100.402,16.20501479
19666,70.19978,129.7827,18.51401571
19667,67.57201,131.9072,20.30907537
19668,63.39936,106.8881,18.69454652
19669,69.54182,136.1776,19.79561031
19670,66.19251,128.8525,20.67428385
19671,65.75415,111.5965,18.14510823
19672,67.57701,130.5393,20.09549277
19673,65.91428,121.6722,19.68736807
19674,67.43806,132.718,20.51516511
19675,65.96746,127.1559,20.54150769
19676,67.37888,114.5618,17.7397534
19677,67.09216,107.9098,16.8528232
19678,68.09938,128.7844,19.5223578
19679,68.59888,116.9653,17.47343601
19680,64.6891,100.6123,16.90223689
19681,67.80635,119.7824,18.31502861
19682,68.11201,145.058,21.98110987
19683,69.98685,114.9373,16.49618133
19684,66.68902,114.2804,18.0641864
19685,69.52482,135.5855,19.71917884
19686,65.66648,129.1953,21.06272541
19687,69.21321,122.4687,17.97224994
19688,70.13351,140.4419,20.07247251
19689,62.90053,128.8516,22.89478297
19690,69.52934,106.595,15.5008654
19691,69.16515,156.2241,22.95771764
19692,64.9069,109.8341,18.32781894
19693,65.51072,115.8503,18.97700808
19694,67.2087,132.4732,20.61732714
19695,68.02634,130.6405,19.84627241
19696,68.8114,134.7657,20.0084713
19697,71.76238,141.3491,19.29544084
19698,69.32284,126.9131,18.56560407
19699,68.35675,129.7181,19.51610255
19700,67.63756,142.1868,21.84936103
19701,66.06231,129.2107,20.81355635
19702,70.56364,133.1328,18.79656279
19703,67.95176,129.1952,19.6698154
19704,68.27422,122.074,18.41047552
19705,68.18009,132.0099,19.9639598
19706,71.27518,138.9276,19.22503826
19707,65.61842,106.7735,17.43280475
19708,69.22954,123.4618,18.1094407
19709,66.69893,121.0699,19.13170937
19710,66.66889,111.8507,17.69080448
19711,70.84943,138.1842,19.35267451
19712,70.96035,142.1775,19.84973443
19713,68.33222,115.3974,17.37401884
19714,70.48522,145.0675,20.52718198
19715,66.60999,111.5677,17.67726482
19716,69.34036,139.2212,20.35581586
19717,69.4538,118.4412,17.26100585
19718,68.68119,115.3372,17.18894042
19719,66.77448,116.9586,18.44023523
19720,67.07195,117.4971,18.3611808
19721,68.99913,125.8425,18.58212738
19722,66.34261,137.5813,21.97503763
19723,70.08887,133.1303,19.05171689
19724,69.33453,122.7998,17.95782904
19725,65.27707,113.6954,18.75758459
19726,70.02681,143.2139,20.53108073
19727,68.94689,132.8988,19.65382217
19728,66.65913,122.1781,19.32989121
19729,66.79488,109.0563,17.18382085
19730,67.90679,111.664,17.02323533
19731,67.10869,122.2714,19.08634138
19732,70.27947,136.6405,19.44812836
19733,64.55087,124.048,20.92863442
19734,71.15681,141.6004,19.66015171
19735,68.5655,123.6268,18.48658356
19736,65.48782,127.7492,20.94076036
19737,67.74423,125.1475,19.17047535
19738,66.83599,136.7083,21.51440982
19739,67.95903,115.2646,17.5451437
19740,66.72479,110.7445,17.48650677
19741,70.98626,143.4517,20.01301097
19742,66.92733,126.7084,19.88628837
19743,67.5508,129.1005,19.88942628
19744,65.12646,113.8691,18.87323156
19745,69.52241,112.2243,16.32272234
19746,67.01183,119.4125,18.69399661
19747,68.04173,118.3399,17.96949319
19748,68.01268,132.8762,20.19401842
19749,62.53035,118.2221,21.25554649
19750,70.50733,125.0036,17.67703035
19751,62.05222,120.4365,21.98866202
19752,65.71906,133.3052,21.69800125
19753,67.78391,127.5209,19.51117664
19754,67.33371,125.0801,19.39449414
19755,67.91253,132.1946,20.1497295
19756,67.30735,132.4663,20.55586453
19757,69.08878,123.8895,18.24629859
19758,65.76843,114.4506,18.60109237
19759,71.64487,135.5309,18.56194363
19760,66.25808,113.4446,18.16608991
19761,64.36476,116.8191,19.82315937
19762,68.6548,142.4832,21.25089242
19763,68.95971,144.5926,21.37521734
19764,70.20612,138.5105,19.75550237
19765,70.57061,147.3327,20.79728915
19766,69.44979,123.2579,17.96504111
19767,70.52781,133.765,18.90501481
19768,66.10873,117.6254,18.92077016
19769,69.08755,133.9543,19.72933288
19770,66.78469,134.3005,21.16796583
19771,71.75464,156.2319,21.33167998
19772,69.13771,134.5773,19.79234054
19773,66.37631,135.2777,21.58516262
19774,69.74647,122.6657,17.72694929
19775,68.98829,130.2543,19.23962636
19776,68.13136,149.3854,22.62399848
19777,66.75278,137.7469,21.73193736
19778,69.8914,129.1302,18.58384903
19779,67.96866,138.8191,21.12453382
19780,67.21946,131.7829,20.50332741
19781,68.80103,130.3331,19.35620309
19782,68.8093,124.482,18.48279314
19783,68.65306,127.3968,19.0017695
19784,67.87452,130.8625,19.96903118
19785,68.70597,122.373,18.22434722
19786,67.1432,123.2538,19.21991982
19787,69.18709,126.7873,18.62005456
19788,70.99521,133.4597,18.61432846
19789,67.95264,132.5607,20.18168604
19790,68.91363,119.3353,17.6650146
19791,69.8465,140.0139,20.17609809
19792,66.93742,135.168,21.20758785
19793,70.11408,124.4536,17.79722574
19794,67.60622,114.6471,17.63376668
19795,66.39876,122.4132,19.51927299
19796,69.57104,133.4373,19.38097314
19797,70.09709,123.9662,17.7361207
19798,67.25205,129.9541,20.19920406
19799,71.43798,155.874,21.47190978
19800,69.21724,123.3436,18.09853362
19801,67.56125,127.1117,19.5769711
19802,67.90888,128.6947,19.61836685
19803,69.3568,121.2005,17.71257254
19804,67.50241,135.2608,20.8683792
19805,68.60586,132.9409,19.85598857
19806,68.2366,129.2684,19.51699451
19807,68.56842,122.7771,18.35795968
19808,69.21836,125.1624,18.36481664
19809,67.53883,126.2731,19.46072885
19810,70.67327,147.01,20.69149308
19811,64.2879,112.1385,19.07443086
19812,68.46678,124.5944,18.6850404
19813,66.73882,131.1966,20.7071752
19814,70.55971,129.4913,18.28446854
19815,67.84481,137.5206,21.00341059
19816,67.01079,114.7508,17.96476627
19817,65.99934,133.4685,21.54045732
19818,68.58547,146.8673,21.94907375
19819,68.81542,125.8746,18.68623898
19820,67.93911,120.2009,18.30725951
19821,68.93217,118.3246,17.50598166
19822,69.23922,143.7294,21.07640834
19823,67.79848,115.8199,17.71326402
19824,68.65821,125.5767,18.72748413
19825,71.49199,161.906,22.26914261
19826,65.53287,111.1526,18.19518914
19827,71.32373,137.6824,19.02679584
19828,69.91417,140.2723,20.17422363
19829,66.6972,121.9527,19.27221093
19830,70.85386,154.6366,21.65412241
19831,70.49105,124.3354,17.5906611
19832,66.27006,138.3716,22.1496853
19833,68.42409,116.2243,17.45155795
19834,68.50301,111.7963,16.74801905
19835,68.49217,124.5766,18.66852247
19836,68.09457,134.955,20.46064598
19837,66.31346,136.7885,21.86762085
19838,68.98854,129.8207,19.17544112
19839,67.05772,126.8982,19.83870048
19840,73.192,135.5029,17.78183949
19841,67.57593,114.2885,17.59437302
19842,66.45283,116.0452,18.47377053
19843,66.91061,140.4039,22.04674698
19844,69.70103,156.9321,22.7085142
19845,68.56368,122.4036,18.3046436
19846,68.88525,121.0687,17.93637711
19847,71.81982,113.7783,15.50694123
19848,68.90203,140.996,20.87844176
19849,67.3832,121.1426,18.75637695
19850,66.76526,113.7805,17.94411623
19851,67.09286,109.4495,17.09292931
19852,66.22802,120.2049,19.26610638
19853,68.25939,123.1291,18.57766915
19854,69.60131,135.8837,19.71913505
19855,64.74935,89.95606,15.08394445
19856,69.34369,126.1819,18.4475413
19857,69.9412,139.8169,20.09318742
19858,68.28392,115.4109,17.40064164
19859,69.34393,140.1904,20.4954141
19860,66.55206,125.5455,19.92661225
19861,66.75602,118.3912,18.67643047
19862,66.35767,111.1497,17.74521899
19863,66.73085,119.8054,18.91378312
19864,65.89961,122.6803,19.85932419
19865,67.4191,143.7547,22.23368643
19866,68.24369,131.5036,19.85034065
19867,66.7219,103.6644,16.36998018
19868,70.74214,130.2358,18.29486969
19869,67.20501,126.207,19.64425072
19870,70.21431,132.2408,18.85686657
19871,64.26213,119.1471,20.28283084
19872,67.14367,97.69037,15.23340289
19873,68.72736,124.143,18.47643751
19874,68.55679,102.8629,15.38555404
19875,66.29825,126.6865,20.2619637
19876,68.72175,133.4487,19.86466529
19877,69.87889,139.1403,20.03162885
19878,65.49782,133.31,21.84561939
19879,68.17108,110.079,16.65173351
19880,66.70977,119.4087,18.8630714
19881,65.56874,125.6166,20.5403899
19882,69.49271,132.6257,19.30654305
19883,69.51683,141.4084,20.57077309
19884,66.7906,143.8571,22.67023053
19885,70.21997,121.1117,17.2671295
19886,70.24793,129.4589,18.44251625
19887,67.80678,141.4006,21.62023126
19888,70.97413,128.1364,17.88247753
19889,69.75903,155.8943,22.5208457
19890,69.15573,139.2332,20.46641563
19891,68.27188,140.4572,21.18437264
19892,67.52736,120.8998,18.63894664
19893,68.11677,131.2058,19.8792624
19894,65.96669,134.5409,21.73503117
19895,68.82825,125.8735,18.67910994
19896,67.64802,128.2415,19.7003406
19897,66.56822,129.7301,20.58079701
19898,67.92216,108.3181,16.5056785
19899,70.16196,114.9037,16.40914351
19900,66.40088,126.6422,20.19231448
19901,67.98154,135.6363,20.63237688
19902,64.99081,116.9649,19.46735638
19903,71.5318,142.0447,19.51560645
19904,63.2937,119.9139,21.0428173
19905,67.63379,150.7738,23.17147907
19906,68.18959,140.7606,21.28140398
19907,68.28412,124.5525,18.77882178
19908,66.9256,136.9907,21.50115862
19909,68.68962,116.8921,17.4163947
19910,69.26219,124.0692,18.18138102
19911,69.7399,137.5653,19.88390063
19912,69.78169,124.2681,17.94039567
19913,68.89306,118.0353,17.4830131
19914,65.92005,129.992,21.02988484
19915,69.67499,114.8889,16.63717429
19916,70.18064,120.8334,17.24676604
19917,68.31191,128.3317,19.33287378
19918,69.27083,118.5856,17.37346716
19919,69.94767,125.403,18.01842168
19920,63.84479,111.7573,19.27437482
19921,69.72054,125.5533,18.15774751
19922,69.6911,117.1674,16.95928267
19923,68.25765,132.8261,20.04177037
19924,66.49187,125.1728,19.90344247
19925,66.2833,121.768,19.48409568
19926,69.49919,123.5578,17.9831599
19927,66.78395,153.494,24.19371299
19928,69.53808,152.2727,22.13767375
19929,68.26418,137.6226,20.76152869
19930,70.75474,138.2314,19.41113602
19931,66.34255,135.4049,21.6274534
19932,70.56467,121.9766,17.22095448
19933,67.88689,142.8679,21.79305723
19934,67.40779,110.0451,17.0257345
19935,70.88991,141.9247,19.85383736
19936,68.45421,122.053,18.31063721
19937,72.14473,138.8158,18.74929751
19938,67.65045,125.5035,19.27834655
19939,68.39678,132.4804,19.90836722
19940,72.84591,136.0289,18.02088708
19941,67.78233,125.8292,19.25323773
19942,66.10641,109.5937,17.63005912
19943,70.18598,127.0676,18.13382481
19944,65.30154,132.5025,21.84401926
19945,67.26947,124.3345,19.31572285
19946,70.78309,151.569,21.26702174
19947,65.97508,132.6737,21.42793473
19948,70.00396,110.0049,15.78055015
19949,67.10731,97.30055,15.18906216
19950,67.53817,121.8995,18.78705347
19951,68.50307,128.1864,19.20335922
19952,65.67232,122.9823,20.04625351
19953,66.09352,127.0341,20.44362358
19954,68.5779,138.1229,20.64679517
19955,68.91832,125.8024,18.61979465
19956,66.54757,118.9779,18.88674952
19957,66.30367,106.1037,16.96722105
19958,67.09517,139.1474,21.72940856
19959,67.48033,133.0521,20.5410511
19960,68.6264,126.1881,18.8361132
19961,67.43831,121.3548,18.7585354
19962,66.67599,122.0323,19.29706129
19963,64.52116,121.3941,20.4997503
19964,69.79005,143.503,20.71234571
19965,67.22173,122.6996,19.08882083
19966,66.4933,115.2943,18.33189612
19967,65.26414,120.4538,19.88046743
19968,66.56788,127.3631,20.20549498
19969,65.89813,121.6184,19.68830956
19970,69.70797,127.6245,18.46394541
19971,67.9721,113.4425,17.26115047
19972,65.86077,98.2528,15.92379775
19973,65.02716,125.143,20.80522002
19974,68.48686,143.42,21.49564757
19975,67.99138,125.5912,19.09883264
19976,70.2878,140.5505,19.99989979
19977,67.29468,123.9692,19.24454551
19978,68.26174,113.2655,17.08827651
19979,72.25625,136.0435,18.31817841
19980,65.0702,119.358,19.81721289
19981,71.08894,135.0485,18.78628959
19982,68.25279,133.0544,20.07907713
19983,66.785,128.2321,20.21129863
19984,67.62555,116.0675,17.84203285
19985,63.94658,121.0392,20.80878508
19986,68.94779,124.4974,18.41089522
19987,67.64244,135.1131,20.759374
19988,68.50966,138.6605,20.76846804
19989,68.9745,118.8841,17.56717702
19990,65.93037,139.6622,22.58724059
19991,68.82556,139.9606,20.77120123
19992,67.93484,121.858,18.56197815
19993,66.37528,118.5364,18.91447652
19994,67.22561,137.6765,21.41635901
19995,68.95225,127.904,18.91222243
19996,65.27908,117.0884,19.31617566
19997,67.65755,123.9277,19.03229586
19998,66.69201,116.5055,18.41425444
19999,65.78102,104.7543,17.01868412
20000,68.07045,129.6798,19.67480396
20001,69,135.3616,19.98723058
20002,69.10487,126.5316,18.62674702
20003,72.13193,161.0239,21.75657664
20004,70.90373,145.6269,20.36379726
20005,67.86807,122.0075,18.6213368
20006,67.43892,131.4767,20.32277021
20007,69.43118,133.454,19.46156799
20008,67.10359,119.217,18.61238397
20009,70.18149,147.2307,21.01399058
20010,67.38918,139.7066,21.62678211
20011,70.45714,139.7301,19.78769803
20012,68.63421,115.9739,17.30749874
20013,65.62218,136.3392,22.25741681
20014,67.06349,123.1228,19.24515918
20015,67.30641,98.95785,15.35651692
20016,65.46606,106.7027,17.50242904
20017,66.53001,121.2127,19.25166398
20018,67.3778,114.9383,17.79862453
20019,69.32271,115.2415,16.85827614
20020,66.7957,128.4932,20.24596394
20021,65.32407,114.5338,18.86872365
20022,66.55935,121.121,19.22014362
20023,66.00505,126.9795,20.48965325
20024,69.59739,152.8693,22.18654594
20025,66.09583,120.371,19.36997554
20026,69.36726,118.9293,17.37541184
20027,72.00809,144.9995,19.6589015
20028,66.88928,110.721,17.39691663
20029,66.40722,123.5727,19.69913976
20030,65.5385,119.9828,19.63727957
20031,69.55926,138.0278,20.05450674
20032,69.81405,122.6454,17.68971857
20033,69.91993,144.7208,20.81058602
20034,70.0879,122.9645,17.59741912
20035,66.23051,99.104,15.8829186
20036,67.61818,141.2592,21.71926444
20037,68.58143,125.3615,18.73727506
20038,68.15695,126.2308,19.10294672
20039,67.512,126.9866,19.58624905
20040,70.76552,142.9296,20.06476597
20041,69.26234,143.2527,20.99248354
20042,68.32817,132.7759,19.99286347
20043,69.51257,113.2856,16.4817508
20044,70.02706,129.0559,18.50126407
20045,66.82483,115.5469,18.19021776
20046,69.03162,142.6512,21.04430676
20047,67.60125,125.5298,19.31046399
20048,69.25415,127.9935,18.76081209
20049,68.10161,115.5621,17.51684922
20050,67.65047,123.7327,19.00632619
20051,70.96123,136.3127,19.03046393
20052,68.41146,131.7994,19.79753139
20053,67.37012,109.7773,17.00330042
20054,66.75139,123.746,19.5238682
20055,67.13334,121.373,18.9321921
20056,67.77926,110.8057,16.95601456
20057,66.97201,112.4094,17.61859562
20058,69.62951,130.6875,18.94971564
20059,67.00845,122.5204,19.1824726
20060,65.84782,110.4676,17.91048889
20061,68.74982,137.4344,20.44125919
20062,63.46219,131.6278,22.97591616
20063,68.28298,121.9196,18.38247236
20064,69.08611,128.7246,18.9598718
20065,67.51138,126.3069,19.48177083
20066,67.91991,122.2827,18.63486028
20067,70.05535,142.0311,20.34492819
20068,67.11741,111.0611,17.33192964
20069,68.90664,119.2548,17.65668001
20070,67.97481,124.2253,18.90032946
20071,69.82979,149.1322,21.50033752
20072,68.87782,132.1464,19.58176684
20073,68.62969,131.2994,19.59719852
20074,68.27637,148.0963,22.3335976
20075,67.85369,120.7737,18.44084238
20076,67.06235,133.1606,20.81486184
20077,70.25943,134.5582,19.1626801
20078,69.18391,131.2755,19.2809665
20079,69.92206,129.2742,18.58826068
20080,70.78492,146.6769,20.57953495
20081,70.76045,134.0286,18.81792069
20082,70.82053,141.0171,19.76554342
20083,67.72934,124.2418,19.04010647
20084,67.43639,129.3814,20.00039367
20085,64.30312,99.33579,16.88872966
20086,64.88648,113.0468,18.87579137
20087,63.01244,101.7311,18.01177328
20088,67.53395,144.4339,22.2628192
20089,64.22026,127.7241,21.77128471
20090,68.28249,116.6627,17.59011379
20091,70.01457,121.0093,17.35390525
20092,65.91743,138.7636,22.45072396
20093,67.71394,125.1313,19.18514619
20094,66.88127,124.8587,19.62298678
20095,69.52967,131.1727,19.07473208
20096,67.75601,135.348,20.7258104
20097,69.49112,154.7671,22.53073436
20098,70.22138,141.0964,20.11557902
20099,67.96935,127.4981,19.40138815
20100,68.11017,128.5156,19.47543849
20101,67.92721,127.1976,19.37968385
20102,66.16473,127.8607,20.53238096
20103,69.99519,143.375,20.57275066
20104,71.32358,121.5075,16.79160241
20105,66.49822,113.8888,18.1057409
20106,70.42992,146.1728,20.71607626
20107,68.25325,136.8917,20.65788094
20108,69.59837,135.2368,19.62691646
20109,67.38237,106.1247,16.43157663
20110,69.63917,135.771,19.68136289
20111,67.21378,112.4521,17.49871891
20112,65.34452,111.6073,18.37509456
20113,68.45655,148.5671,22.28681226
20114,68.20121,137.8471,20.8338148
20115,68.83192,132.2195,19.61873801
20116,67.9535,149.5604,22.76922676
20117,67.56446,148.7404,22.90591527
20118,71.56432,139.6887,19.17447592
20119,68.20903,117.3667,17.73439886
20120,67.06256,135.0763,21.11418027
20121,68.82025,126.8315,18.82564921
20122,71.58552,134.0719,18.39258285
20123,70.89583,103.5093,14.47749135
20124,69.64793,131.3787,19.03986473
20125,66.45609,123.3787,19.63929726
20126,69.56363,141.0351,20.48887264
20127,69.23708,133.7008,19.60703136
20128,65.9631,121.1477,19.57349519
20129,68.3926,118.928,17.87397772
20130,70.81159,143.5666,20.12797332
20131,70.25802,126.5308,18.02020661
20132,68.9312,144.6893,21.40720966
20133,66.2989,110.7134,17.70691357
20134,72.15283,146.939,19.84201005
20135,68.20211,109.0779,16.48528545
20136,69.1044,140.5917,20.69681922
20137,67.85693,134.4135,20.521533
20138,67.39485,118.5645,18.35086656
20139,69.13842,118.8077,17.47273992
20140,66.3523,150.3613,24.00929643
20141,71.42226,121.618,16.76046276
20142,72.04165,150.4715,20.38178768
20143,71.05928,134.4648,18.72071061
20144,68.92866,140.0844,20.7274286
20145,66.87497,131.2338,20.62879353
20146,66.36569,112.5793,17.96911304
20147,68.14086,119.4189,18.08061383
20148,66.96983,123.9473,19.42826429
20149,67.54357,116.4046,17.93731541
20150,70.77658,136.8102,19.19970944
20151,68.23718,118.8886,17.94954303
20152,65.53862,113.2725,18.53895395
20153,70.74761,129.527,18.19248752
20154,67.55223,124.4289,19.16890064
20155,70.84812,150.4496,21.07122097
20156,64.4822,134.1656,22.68385224
20157,67.42974,122.2538,18.90230306
20158,68.7509,119.9506,17.84025157
20159,67.83374,134.5717,20.55973624
20160,63.90073,116.8635,20.11974976
20161,70.12934,134.9922,19.29587588
20162,66.37869,100.5167,16.03748239
20163,68.9421,118.0776,17.46440629
20164,70.85312,134.9686,18.90036146
20165,64.83967,117.0881,19.57881902
20166,67.11542,128.8033,20.10192695
20167,68.74812,134.275,19.9723346
20168,67.68923,123.2354,18.90826396
20169,66.62519,110.3765,17.48054717
20170,69.52379,122.3171,17.78998667
20171,72.60803,150.6268,20.08575993
20172,66.8619,129.2457,20.32422531
20173,67.23587,135.0301,20.99828649
20174,66.98288,118.3685,18.54657995
20175,68.17128,116.8477,17.67553616
20176,67.3241,128.0642,19.86286784
20177,71.1372,144.0187,20.00694034
20178,71.27594,123.566,17.0989092
20179,68.39965,117.7892,17.69917561
20180,68.89269,144.723,21.43614057
20181,66.61543,119.0238,18.85556131
20182,67.87792,127.064,19.38745472
20183,68.88772,131.1342,19.42619188
20184,65.0809,118.9592,19.74450542
20185,65.78164,128.0685,20.80598373
20186,69.07443,130.0005,19.15427543
20187,67.69871,127.2036,19.51164748
20188,68.07915,151.4387,22.9701562
20189,71.94398,122.1514,16.59070551
20190,70.07901,134.6456,19.27398759
20191,65.88124,128.5412,20.81968457
20192,67.77076,134.9165,20.65074288
20193,72.69153,141.1027,18.77253961
20194,69.03806,126.5811,18.67011669
20195,65.71193,136.4266,22.21088866
20196,66.44909,127.9841,20.37667263
20197,68.37502,145.2352,21.83897642
20198,68.09913,108.097,16.38648629
20199,67.05164,116.4216,18.20413633
20200,69.4034,136.0425,19.85493346
20201,65.90879,102.6161,16.60673107
20202,69.2529,134.5586,19.72381208
20203,68.32439,134.5378,20.26040491
20204,72.56715,134.0677,17.89778761
20205,67.16006,114.3012,17.81492359
20206,69.91344,139.9068,20.12207694
20207,69.25259,127.9861,18.76057261
20208,62.57176,116.0712,20.84121615
20209,68.71931,130.8788,19.48350329
20210,67.1141,125.1614,19.53431542
20211,67.42686,130.3149,20.15039339
20212,64.27619,109.2928,18.59715992
20213,65.97118,127.5532,20.60336608
20214,68.29677,125.902,18.97525516
20215,67.4216,137.4702,21.26012336
20216,68.18813,119.2532,18.03050147
20217,66.22803,117.0998,18.76842394
20218,67.71768,135.8263,20.82260467
20219,69.80841,122.2657,17.63780232
20220,67.72574,110.1562,16.88327727
20221,69.0302,122.5569,18.08068287
20222,66.72956,96.99228,15.31284798
20223,66.46165,97.49168,15.5160311
20224,64.83455,114.8982,19.21567073
20225,65.70127,112.5822,18.334857
20226,68.87993,122.4194,18.13928555
20227,69.96137,131.7487,18.92278491
20228,65.23797,114.4665,18.90744524
20229,67.01631,114.5892,17.93651189
20230,70.19731,135.6892,19.35796351
20231,66.3049,114.8127,18.35921071
20232,64.12913,105.3937,18.01603762
20233,68.18283,133.3447,20.16420191
20234,67.67028,135.6944,20.83153646
20235,68.87122,136.7085,20.26167247
20236,65.48468,114.5325,18.77606787
20237,67.5644,116.5703,17.95177475
20238,70.59715,135.872,19.16509407
20239,65.17748,115.0443,19.0381744
20240,71.057,126.792,17.6536065
20241,67.06806,129.769,20.28125356
20242,68.01857,122.0285,18.54221461
20243,67.53436,103.3526,15.93041737
20244,68.2649,140.749,21.23272457
20245,68.76502,116.1648,17.27009501
20246,69.56514,144.1114,20.93487323
20247,68.47043,120.0682,18.00434036
20248,66.97456,139.6484,21.88625984
20249,67.78233,142.2416,21.76451365
20250,71.97165,146.9815,19.94780351
20251,67.87652,134.4355,20.51304608
20252,67.37003,129.7164,20.09170213
20253,65.51123,124.857,20.45204377
20254,66.43394,121.4185,19.34016471
20255,68.50863,118.6061,17.76526888
20256,65.99469,123.818,19.98578096
20257,67.65941,125.8492,19.32632913
20258,68.16997,120.6193,18.24676686
20259,68.01948,117.5951,17.86808196
20260,67.1946,136.9306,21.31999459
20261,70.9964,136.1914,18.9946963
20262,71.25473,125.2789,17.34626029
20263,68.45711,126.4985,18.97595225
20264,66.9254,111.3531,17.47735412
20265,66.96343,129.305,20.27193764
20266,68.34578,141.5014,21.29573595
20267,68.59318,137.2555,20.50799517
20268,65.71377,129.8145,21.13322433
20269,70.41312,124.1318,17.6007511
20270,70.03799,133.8807,19.18695035
20271,67.56852,109.6435,16.88299154
20272,71.64191,134.8014,18.4635589
20273,65.92905,116.835,18.89620763
20274,67.36226,129.5522,20.07089869
20275,68.135,132.4818,20.06185211
20276,65.26581,114.4764,18.89295212
20277,68.22857,97.6209,14.74231187
20278,70.04585,129.0328,18.48802957
20279,68.69432,127.4449,18.98611592
20280,70.301,122.6477,17.44583369
20281,67.26421,130.2722,20.24132699
20282,69.85285,118.5515,17.08024588
20283,71.63372,154.6085,21.1813522
20284,67.21655,131.0217,20.38666185
20285,70.02939,120.2406,17.2363686
20286,65.5687,124.9128,20.42533189
20287,65.25174,112.4398,18.56483935
20288,65.929,114.4281,18.50695781
20289,67.14311,115.7168,18.0446654
20290,66.49901,125.9384,20.02087881
20291,70.93967,125.3897,17.51615827
20292,66.52816,136.1073,21.61850809
20293,69.84944,138.9535,20.02160819
20294,65.96939,139.4453,22.52549116
20295,68.40828,117.9883,17.72461974
20296,67.60775,124.6082,19.16500699
20297,70.31889,126.6473,18.00558546
20298,67.2128,132.4211,20.60670436
20299,66.21903,140.6382,22.54721961
20300,70.83652,142.9636,20.02932742
20301,64.87568,112.136,18.72994661
20302,68.41633,123.2201,18.50620352
20303,67.53817,118.8005,18.30943807
20304,68.45528,143.2071,21.48354633
20305,69.47681,126.8002,18.46696491
20306,68.64769,137.4465,20.50393209
20307,68.03199,127.1805,19.31743696
20308,67.08338,116.2853,18.16562187
20309,72.59665,165.69,22.10133269
20310,68.18865,127.3957,19.26131394
20311,66.73669,130.1419,20.54201975
20312,68.34888,134.0523,20.17282821
20313,65.38285,109.3722,17.98599956
20314,70.40366,123.1378,17.46450341
20315,68.0996,134.1465,20.33506426
20316,68.73681,139.88,20.81288106
20317,66.70503,108.05,17.0711559
20318,66.91609,127.735,20.05414377
20319,67.71304,142.4622,21.84290252
20320,67.09454,118.5795,18.51785079
20321,70.10587,140.6171,20.11336319
20322,67.63564,116.2521,17.8650783
20323,69.59775,114.9682,16.68563187
20324,63.31969,116.6964,20.46139426
20325,67.50844,125.711,19.39154719
20326,64.22298,124.6074,21.23822672
20327,68.1793,126.4246,19.11973362
20328,68.55696,127.6106,19.08705709
20329,70.15891,137.2941,19.60837181
20330,68.97198,129.8513,19.18917218
20331,69.88406,138.7922,19.97855755
20332,67.74655,126.6633,19.40134133
20333,68.93411,142.0475,21.0145732
20334,67.07117,127.948,19.99479989
20335,66.84105,121.3274,19.09095653
20336,67.96232,110.604,16.83409474
20337,66.81235,134.9879,21.25869842
20338,67.54297,137.6693,21.21446687
20339,67.11473,140.6498,21.95122439
20340,67.44452,130.1931,20.12101833
20341,67.47722,121.0267,18.68624993
20342,69.4803,132.4652,19.29006782
20343,64.54045,112.5734,18.99884195
20344,67.05092,156.3107,24.4418768
20345,67.46141,117.9935,18.22647065
20346,71.26722,131.7057,18.22973098
20347,68.42653,124.6422,18.71420563
20348,66.41842,111.3519,17.74499481
20349,65.59731,128.8394,21.04902375
20350,70.03197,137.246,19.67262595
20351,67.08672,135.7636,21.20633183
20352,70.89503,130.5971,18.26658142
20353,68.59771,144.4514,21.58031823
20354,71.63118,153.4787,21.0280609
20355,64.39522,93.13802,15.78974308
20356,71.59533,138.6555,19.01616933
20357,70.78851,147.8683,20.74459033
20358,66.42758,133.9707,21.34363028
20359,66.85979,122.2792,19.22993859
20360,67.44995,110.9694,17.14728234
20361,71.7881,144.1019,19.65713018
20362,65.40377,123.0822,20.22763042
20363,68.96921,135.9892,20.09783336
20364,66.02056,111.7557,18.02464005
20365,67.01558,122.3018,19.14417311
20366,65.98015,132.4379,21.3865639
20367,69.99987,131.8418,18.91533258
20368,72.77006,145.7023,19.34266305
20369,69.19937,128.6703,18.88988689
20370,68.33541,130.0217,19.57399875
20371,65.90805,110.325,17.8546909
20372,70.4214,118.5469,16.80491102
20373,64.65961,126.5912,21.28593248
20374,68.52782,145.3248,21.75510713
20375,65.43216,132.3232,21.72745233
20376,68.28139,120.4382,18.15995945
20377,67.97639,122.7008,18.66751571
20378,67.1216,123.1906,19.2224303
20379,68.9888,130.4923,19.27449593
20380,72.31685,130.7836,17.58043478
20381,71.48421,116.0402,15.96406729
20382,68.65529,131.0603,19.54692609
20383,67.11382,128.0532,19.98581409
20384,68.62405,137.5614,20.53521345
20385,67.85068,138.8061,21.196076
20386,69.48292,129.8207,18.90354037
20387,70.50328,143.8129,20.33923082
20388,64.33619,113.6534,19.3031009
20389,68.29958,134.9162,20.33215255
20390,67.4218,122.3882,18.92754061
20391,67.9999,118.3824,17.9980692
20392,65.63699,92.23364,15.05037634
20393,67.0808,107.6561,16.81889662
20394,68.91211,118.4631,17.53667781
20395,63.59144,128.4961,22.33818856
20396,68.81852,150.2385,22.30108058
20397,65.96684,139.8666,22.59529322
20398,68.01035,122.6358,18.63899852
20399,67.85106,131.9627,20.15084415
20400,71.04479,120.0601,16.72205148
20401,67.7153,127.9327,19.6138693
20402,67.84737,124.7808,19.05623306
20403,67.83905,112.9329,17.25108005
20404,69.74146,147.4557,21.31252081
20405,67.97724,117.8599,17.93058002
20406,71.045,128.2833,17.86727868
20407,66.84059,127.2334,20.02054558
20408,68.48567,132.5849,19.8723841
20409,68.14535,126.5979,19.16502428
20410,65.41341,114.3991,18.79508758
20411,70.53582,139.0164,19.64273347
20412,69.15586,115.9193,17.03935307
20413,66.44247,117.9539,18.78348152
20414,66.25178,120.6345,19.32109569
20415,69.06165,131.7664,19.4216492
20416,67.22249,125.729,19.55967327
20417,66.43324,129.5693,20.6389011
20418,69.95125,130.8579,18.80027978
20419,68.44759,124.3484,18.65860641
20420,70.12447,138.252,19.76457882
20421,69.8081,119.0553,17.17482906
20422,66.66426,111.126,17.5786242
20423,69.07965,124.0522,18.2750906
20424,65.75374,127.0394,20.65631458
20425,67.98129,133.4278,20.29657919
20426,67.91274,136.145,20.75173991
20427,70.14506,127.6122,18.23279877
20428,71.66221,143.7339,19.67587886
20429,67.31462,126.7645,19.66682149
20430,66.85489,125.1375,19.68232697
20431,66.2073,127.1956,20.3993185
20432,67.88187,127.862,19.50694336
20433,69.45561,122.6111,17.86777413
20434,69.68169,129.665,18.77330514
20435,66.81274,120.6235,18.99628539
20436,67.39812,120.5257,18.65260195
20437,68.31286,127.2671,19.17196101
20438,68.85197,127.0149,18.83550436
20439,70.87098,136.8526,19.15453006
20440,69.29233,138.6572,20.30146697
20441,68.53017,120.753,18.07547155
20442,66.20327,126.655,20.31509146
20443,69.44148,139.7399,20.37219462
20444,65.62755,111.5919,18.21443122
20445,70.36911,144.6446,20.53493976
20446,68.25511,126.5607,19.09782245
20447,70.74579,137.4108,19.30078584
20448,69.32344,129.5371,18.9491304
20449,72.37667,135.5361,18.18917974
20450,66.5913,126.8375,20.10795996
20451,68.1977,108.343,16.37633545
20452,67.73534,132.0269,20.22959187
20453,65.65796,135.0314,22.01989914
20454,68.33944,126.1502,18.98892753
20455,67.98774,126.5783,19.25100354
20456,68.54596,132.9952,19.89883109
20457,68.38063,122.207,18.37321735
20458,70.22056,140.0847,19.97181122
20459,70.02586,143.8558,20.6236628
20460,67.93956,129.5068,19.72433807
20461,66.14777,133.4099,21.43448081
20462,70.69657,133.1874,18.73362312
20463,68.46672,116.0821,17.40850736
20464,66.11868,107.6714,17.31439558
20465,68.98878,119.9309,17.71452403
20466,65.43912,110.8787,18.20239563
20467,69.24822,122.2722,17.92527481
20468,66.94932,119.4308,18.73179197
20469,69.8028,155.9683,22.50328787
20470,70.60933,134.2835,18.93449803
20471,64.78426,96.84397,16.22142133
20472,66.84264,111.5454,17.55091656
20473,68.86833,132.5776,19.65107776
20474,66.94365,122.2372,19.17520177
20475,68.80139,114.8579,17.05775105
20476,68.53662,138.1599,20.6772115
20477,67.54398,115.7562,17.83718395
20478,65.80968,107.5309,17.45456572
20479,69.44019,146.7688,21.39770853
20480,72.46054,139.538,18.68291709
20481,67.09188,119.9537,18.73393678
20482,71.46543,129.3841,17.80919183
20483,66.06765,112.5487,18.12667254
20484,70.96886,145.5672,20.31810476
20485,68.75285,140.7801,20.9370352
20486,65.12147,132.9884,22.04553766
20487,69.29005,137.3932,20.11772255
20488,69.67431,128.0475,18.543046
20489,67.58498,125.6642,19.34044741
20490,63.26666,109.048,19.15240049
20491,66.60384,138.8578,22.00528854
20492,66.83134,146.1347,23.00108587
20493,65.56701,106.8728,17.47639106
20494,69.4336,141.0332,20.56540747
20495,69.83412,137.6869,19.84781107
20496,66.49534,128.6661,20.45676896
20497,69.30191,136.9649,20.04814531
20498,70.37349,131.559,18.67487528
20499,68.28454,107.5659,16.21754696
20500,67.51385,122.6429,18.91524572
20501,67.58383,117.5512,18.09242548
20502,68.68046,132.6414,19.76824121
20503,68.31025,107.7211,16.22872328
20504,66.68274,117.1056,18.51424963
20505,69.13988,109.5238,16.10670059
20506,66.6069,107.7197,17.06915482
20507,67.71554,117.3417,17.98999359
20508,72.5178,142.1602,19.00396012
20509,70.39659,133.5727,18.94827961
20510,65.92367,110.1202,17.81310234
20511,68.63932,141.4085,21.10011857
20512,66.27944,102.8787,16.46353655
20513,68.09404,107.0729,16.23366903
20514,62.77861,110.8067,19.76505171
20515,66.02558,123.5278,19.92028658
20516,69.11022,122.7845,18.07233716
20517,67.14077,126.2096,19.68226524
20518,69.85347,107.1566,15.43825752
20519,63.72249,101.0392,17.49281682
20520,64.66334,123.9993,20.84770689
20521,69.61292,122.092,17.71180535
20522,69.72279,128.8986,18.64034777
20523,67.76397,134.59,20.60489639
20524,66.74961,140.8048,22.21648357
20525,66.67181,114.3215,18.08001341
20526,67.69057,123.4607,18.94208223
20527,68.39115,124.7738,18.75335236
20528,67.31796,136.8823,21.23443577
20529,68.69023,125.262,18.6631405
20530,70.04462,136.1957,19.51502689
20531,70.19356,148.1844,21.14283755
20532,69.12451,133.6843,19.66851629
20533,67.56314,124.4263,19.16230999
20534,67.66596,122.3849,18.79068737
20535,65.98485,136.0888,21.97299425
20536,68.9407,133.1295,19.691475
20537,72.42506,136.0244,18.23032523
20538,66.60508,104.5026,16.5602814
20539,67.37321,124.8638,19.33825992
20540,64.89494,119.6409,19.97162146
20541,64.73669,111.0633,18.63051749
20542,69.93102,124.5422,17.90326057
20543,70.69335,152.3325,21.42845058
20544,64.91169,112.489,18.76806714
20545,69.69729,122.2093,17.68592576
20546,63.56648,112.8596,19.6352984
20547,67.29212,142.3005,22.09191327
20548,68.3562,117.0085,17.60422511
20549,68.12976,123.0924,18.64287323
20550,68.62582,115.3394,17.21701744
20551,66.8343,105.8407,16.65747695
20552,69.98616,122.6015,17.59651962
20553,67.44953,130.5904,20.17942195
20554,69.67914,123.558,17.89042391
20555,67.13387,106.9958,16.6893218
20556,71.13815,140.6296,19.53560803
20557,69.22959,142.3174,20.87515971
20558,67.48473,122.8173,18.95849426
20559,66.87485,118.1003,18.56439002
20560,70.4596,130.9488,18.54285069
20561,72.97347,148.319,19.58042515
20562,67.16616,108.2369,16.86668099
20563,67.36668,123.3563,19.10849003
20564,68.30287,117.9635,17.77563277
20565,68.08229,131.5261,19.94798153
20566,68.94862,141.0023,20.85116694
20567,68.47186,145.789,21.86028558
20568,66.63803,120.2544,19.0375914
20569,66.27658,119.9535,19.19765
20570,65.02396,117.4626,19.5302636
20571,71.99598,129.1844,17.52059708
20572,68.04691,121.2735,18.41214639
20573,66.34711,114.8943,18.34888961
20574,63.8229,115.2754,19.89476874
20575,65.95638,118.4989,19.14943748
20576,68.23334,121.6989,18.37590416
20577,69.46635,123.2046,17.94871195
20578,68.44607,142.2776,21.34984968
20579,69.20365,129.7053,19.03947836
20580,65.63555,100.3371,16.37339021
20581,69.41412,127.8275,18.65022071
20582,67.57457,126.7177,19.50859645
20583,69.32559,147.9203,21.6369457
20584,67.15965,129.7563,20.2239941
20585,70.27834,139.5538,19.86341893
20586,69.39938,121.1538,17.68402761
20587,69.78475,126.5296,18.26528303
20588,68.70946,134.4551,20.02163475
20589,67.3998,121.8096,18.85035903
20590,66.39262,117.1371,18.68143265
20591,65.54597,126.8852,20.76224463
20592,70.60879,147.0102,20.72932951
20593,69.12623,136.913,20.14254153
20594,66.72257,122.5503,19.35192498
20595,67.40649,117.2019,18.1337052
20596,66.18815,121.8368,19.55119575
20597,68.62091,121.9134,18.20094018
20598,70.1055,153.0944,21.89830236
20599,65.48309,132.6901,21.75381932
20600,68.80217,128.7584,19.12170547
20601,67.71394,121.7097,18.66054606
20602,66.57756,128.9506,20.45139529
20603,67.61238,130.8714,20.12554389
20604,67.23082,128.4602,19.9796144
20605,67.08114,117.4463,18.34821394
20606,66.53761,122.2484,19.4117243
20607,67.41405,126.4525,19.56058807
20608,67.06676,131.406,20.53789213
20609,60.8062,113.9145,21.65901021
20610,68.97175,140.1085,20.70509931
20611,72.75763,135.1411,17.94674478
20612,66.02447,110.7159,17.85481984
20613,68.71706,126.0198,18.76138823
20614,69.58585,142.5501,20.69574088
20615,68.96375,144.368,21.33951415
20616,68.26381,140.3248,21.16940781
20617,68.53173,133.5063,19.98359846
20618,63.69299,127.3114,22.06171883
20619,67.32224,144.3122,22.38418348
20620,69.87332,136.2286,19.61556674
20621,65.77657,121.8449,19.79795054
20622,67.84042,129.3201,19.7535111
20623,68.02586,127.7367,19.40541502
20624,67.22709,124.1286,19.30805631
20625,70.33705,113.399,16.11373624
20626,64.42061,119.5736,20.25540653
20627,68.62922,134.0348,20.00574688
20628,67.24371,139.2993,21.65713113
20629,67.47488,128.9315,19.90811398
20630,67.65179,143.8519,22.09593295
20631,68.73059,133.2077,19.8236906
20632,69.53168,141.696,20.60380685
20633,67.76596,142.9992,21.89100714
20634,68.6692,145.841,21.7425753
20635,65.39292,101.1876,16.63493696
20636,67.21484,126.5562,19.69284274
20637,67.39797,126.3908,19.56037407
20638,68.43286,136.4691,20.48614635
20639,66.50645,117.1767,18.62383241
20640,65.10771,114.3875,18.9700752
20641,70.25153,134.4531,19.1520193
20642,64.65223,129.7684,21.82515097
20643,68.39572,137.1362,20.60865195
20644,65.58641,112.8512,18.44309432
20645,67.07497,134.1362,20.95947257
20646,70.10614,127.5408,18.24283584
20647,66.44143,129.3753,20.60291889
20648,69.08524,141.5455,20.84878979
20649,66.99606,134.7843,21.11038272
20650,64.84392,122.3505,20.45608647
20651,68.7585,115.2365,17.13533489
20652,67.03556,143.0013,22.3709706
20653,69.10705,125.3759,18.45545173
20654,68.21709,136.4534,20.61357452
20655,67.54954,99.21333,15.28553204
20656,70.05957,138.7376,19.8707641
20657,69.88409,131.7587,18.96609832
20658,69.08434,130.7379,19.2573979
20659,68.81191,138.1377,20.50880333
20660,70.22844,133.4575,19.02270475
20661,63.67519,114.2171,19.80368251
20662,69.40968,129.3261,18.87128275
20663,67.36179,129.458,20.05658462
20664,69.9419,131.7153,18.92852176
20665,68.44902,122.7104,18.41205347
20666,67.76199,127.8066,19.56754329
20667,70.12858,131.6387,18.81693217
20668,67.97947,133.6018,20.32413569
20669,69.83727,126.7482,18.26932986
20670,66.62896,124.7778,19.75907366
20671,69.77866,128.9596,18.61931726
20672,69.32719,120.7591,17.66314351
20673,68.81059,110.0003,16.33197218
20674,68.33355,123.5156,18.59555611
20675,65.4258,116.0243,19.05487914
20676,68.90712,136.1172,20.15301993
20677,65.90871,100.8179,16.31576153
20678,69.61291,143.8929,20.87445343
20679,65.97906,131.2483,21.19516316
20680,64.15687,121.6986,20.7852174
20681,68.2467,129.0825,19.48315925
20682,67.07394,113.9007,17.79811801
20683,66.08619,123.5496,19.88727318
20684,68.43739,107.3327,16.11018407
20685,69.43772,117.4397,17.12298017
20686,68.81411,140.5039,20.85877068
20687,66.23749,130.4565,20.90322589
20688,67.36339,135.7808,21.03515997
20689,68.93254,121.3642,17.95549406
20690,67.86058,111.123,16.96383924
20691,68.66247,134.825,20.10420525
20692,68.4129,130.3184,19.57424696
20693,63.90356,101.9503,17.55067109
20694,69.56018,118.6513,17.2387762
20695,69.81143,117.3253,16.92364592
20696,68.55186,142.7701,21.35768136
20697,66.14069,111.9785,17.99502805
20698,68.79393,127.0587,18.87380624
20699,62.67467,108.2196,19.36765933
20700,68.24157,126.3228,19.0694887
20701,70.13299,125.7628,17.97474813
20702,68.83759,128.3162,19.03642974
20703,69.20668,126.8811,18.6232824
20704,63.01224,123.2124,21.81523548
20705,68.7409,140.5609,20.91170417
20706,66.94988,121.3932,19.03926063
20707,70.13604,132.7095,18.9659611
20708,68.11161,121.1428,18.35737756
20709,66.58893,118.2131,18.74203992
20710,69.98813,128.2565,18.40712365
20711,66.52501,120.0478,19.06951438
20712,65.2536,142.5526,23.53539627
20713,68.66702,140.5596,20.95653306
20714,71.383,149.9544,20.68830673
20715,66.58224,123.0901,19.51918345
20716,66.50775,122.9845,19.54614848
20717,67.13954,113.5739,17.71238899
20718,68.33274,137.9826,20.77408854
20719,66.69458,110.1558,17.40931206
20720,68.21523,113.6369,17.16769572
20721,66.0808,131.0879,21.10412483
20722,69.46013,116.5407,16.98094142
20723,68.46971,128.2455,19.23093869
20724,68.51333,101.2957,15.17037032
20725,69.10467,126.8762,18.67758378
20726,67.91609,125.1615,19.07571099
20727,67.02882,143.6948,22.48398202
20728,66.08997,111.3684,17.92446475
20729,65.02401,130.3431,21.67184437
20730,68.27428,121.8474,18.37626875
20731,67.35413,129.3491,20.04427141
20732,66.36083,120.4201,19.22342156
20733,68.43123,121.1875,18.19300585
20734,67.40001,121.7106,18.83492115
20735,69.1343,143.8484,21.15793219
20736,67.3171,139.03,21.56815773
20737,73.1971,157.1585,20.62079714
20738,68.39262,110.6509,16.62998255
20739,66.29361,129.1393,20.65715056
20740,69.09153,123.9906,18.25973484
20741,68.08869,121.8243,18.47307921
20742,69.84933,128.1401,18.46357922
20743,67.6024,133.6571,20.56000093
20744,69.71303,149.4977,21.62528888
20745,66.84285,117.0056,18.40992654
20746,66.65337,112.7847,17.84683832
20747,68.88409,124.0698,18.38161037
20748,70.70338,119.2585,16.77120687
20749,66.20185,112.3781,18.02589174
20750,66.31546,119.0874,19.0366956
20751,67.41672,113.6532,17.57930717
20752,69.90956,140.9595,20.27573181
20753,67.68745,109.4462,16.79344151
20754,66.35603,124.8582,19.93478725
20755,64.29036,129.8863,22.09158902
20756,69.06878,146.3358,21.5646464
20757,66.89343,136.7567,21.48508158
20758,66.4584,98.04174,15.6051006
20759,68.8269,130.6512,19.38886156
20760,66.65183,134.0198,21.2080205
20761,63.84789,128.9473,22.23691207
20762,65.79543,119.418,19.39249371
20763,66.25942,94.20537,15.08466691
20764,68.35371,133.6204,20.10499222
20765,70.8435,120.1922,16.835716
20766,66.63549,116.47,18.43988504
20767,69.36633,142.61,20.83568915
20768,67.36309,112.8032,17.4756261
20769,69.12732,120.6275,17.74607089
20770,65.03504,115.4154,19.1833417
20771,69.06645,119.3467,17.5886081
20772,67.35099,126.3068,19.57465379
20773,66.63538,125.8876,19.93097395
20774,66.49659,127.904,20.33483729
20775,69.098,124.0368,18.26311796
20776,68.42363,149.2454,22.41011361
20777,68.12064,139.9387,21.19999317
20778,69.58767,125.8239,18.26643841
20779,66.34056,125.5225,20.05019677
20780,68.89947,153.7886,22.77443996
20781,67.47147,142.1622,21.95326482
20782,68.33028,135.5338,20.40687664
20783,65.90128,135.2264,21.88916079
20784,68.73695,127.4165,18.95834756
20785,67.98409,122.7703,18.67385855
20786,65.63064,109.6107,17.88936799
20787,68.03278,148.5683,22.56550429
20788,68.65828,124.3302,18.54155349
20789,68.63764,128.7478,19.21190616
20790,67.32521,105.1839,16.31357564
20791,64.78784,126.1355,21.12543479
20792,67.67246,130.4082,20.01871964
20793,68.72131,139.5527,20.7735495
20794,67.35886,107.6427,16.6782489
20795,68.01738,123.0304,18.69510733
20796,67.93165,128.936,19.64197669
20797,66.67783,123.5636,19.53812856
20798,68.67803,136.5982,20.35938445
20799,70.36756,134.6182,19.11235133
20800,67.51615,132.9171,20.49844153
20801,66.75303,132.5747,20.91577738
20802,69.96302,127.5174,18.31418844
20803,66.93841,115.9348,18.18939933
20804,68.11271,130.5024,19.77504607
20805,63.94913,114.6628,19.71099677
20806,68.91814,147.3669,21.81163276
20807,67.2232,114.4928,17.81128025
20808,69.55046,133.7412,19.4366103
20809,68.68863,129.8662,19.35003474
20810,70.7747,138.641,19.45767445
20811,69.07808,148.7933,21.92089011
20812,68.33838,141.2387,21.26080371
20813,65.5871,126.7083,20.7073027
20814,69.2935,139.4127,20.41139406
20815,68.89933,125.6523,18.60783173
20816,65.81485,99.77933,16.1937756
20817,67.20659,125.993,19.61001932
20818,66.51348,127.1042,20.19741946
20819,67.55072,134.551,20.72918799
20820,68.23821,118.6372,17.91104649
20821,66.4512,110.1362,17.53394973
20822,68.54449,141.4482,21.16448238
20823,68.6177,122.9561,18.35832656
20824,64.08191,102.7885,17.59660795
20825,65.56492,123.1351,20.13696991
20826,67.21104,115.6723,18.00128322
20827,66.10932,126.3925,20.33064931
20828,68.9513,143.6607,21.24263494
20829,67.49786,131.6653,20.31639511
20830,67.93624,139.3751,21.22938942
20831,65.95214,130.4147,21.07774217
20832,68.68249,151.5916,22.59115309
20833,69.18583,124.8504,18.33626819
20834,70.94061,142.0348,19.84084901
20835,69.47461,138.1862,20.12647714
20836,67.12497,113.1001,17.64615561
20837,68.57401,125.5023,18.76237955
20838,65.39763,132.4789,21.77599553
20839,68.35258,137.1238,20.63280821
20840,67.56785,136.4769,21.01523614
20841,69.52703,123.4405,17.95170246
20842,67.54305,105.1903,16.20950239
20843,63.49236,114.9085,20.03846916
20844,68.98626,126.71,18.71720574
20845,67.55391,121.5587,18.72580041
20846,64.6396,115.1491,19.37396685
20847,69.82904,136.2695,19.64634854
20848,67.85076,113.2082,17.28716499
20849,67.23771,125.3433,19.49084295
20850,69.38105,139.5524,20.3803153
20851,65.41584,121.8604,20.01944712
20852,66.96076,119.1984,18.68895432
20853,65.26585,117.7246,19.42900462
20854,69.31322,119.5252,17.48971185
20855,67.70408,122.2612,18.75056234
20856,68.08721,129.7701,19.67881248
20857,68.26197,125.9953,19.00868329
20858,67.36362,121.8119,18.87096928
20859,68.73217,131.316,19.54127332
20860,69.14267,111.1968,16.35141428
20861,68.56673,136.4706,20.40645424
20862,68.1929,120.5822,18.22888934
20863,69.5696,121.1881,17.60257847
20864,70.8464,137.1416,19.20830147
20865,67.82872,127.2809,19.44873324
20866,67.03478,108.5558,16.98274859
20867,67.81671,129.7571,19.8341239
20868,70.03848,138.9428,19.91214046
20869,66.9821,127.2445,19.93778121
20870,65.79107,129.8116,21.08312233
20871,70.02914,142.6562,20.44976824
20872,69.58224,132.0934,19.17960386
20873,66.87147,115.1241,18.09838542
20874,66.91792,127.8387,20.06932675
20875,67.645,121.3585,18.64464517
20876,68.65355,119.0566,17.75754005
20877,66.91671,130.2133,20.44285318
20878,70.15303,141.003,20.14145363
20879,73.57982,148.162,19.23865536
20880,67.98141,124.7923,18.98290954
20881,71.49609,145.3407,19.98839805
20882,69.85855,131.7066,18.97246365
20883,68.11629,109.1855,16.54315431
20884,70.19549,136.493,19.4736466
20885,68.90094,103.5978,15.34106691
20886,70.63071,129.0681,18.18809015
20887,67.51818,126.5297,19.51220496
20888,66.18712,136.2942,21.87186073
20889,69.09528,134.2318,19.76578089
20890,65.42299,105.5537,17.33676287
20891,65.48038,115.372,18.91617679
20892,66.9465,113.8431,17.85690897
20893,68.70316,125.9352,18.75638054
20894,66.07277,123.7771,19.9319872
20895,69.44961,110.8748,16.16026775
20896,68.81836,104.8678,15.5664236
20897,69.50743,105.3865,15.3347904
20898,67.82486,118.2755,18.07475028
20899,67.69081,143.7724,22.05826884
20900,68.29836,129.3948,19.50076272
20901,68.67553,120.7367,17.9966051
20902,65.8428,122.3581,19.84136138
20903,68.03516,124.0374,18.83827612
20904,65.75933,145.1502,23.5970767
20905,70.38122,133.3322,18.92242483
20906,67.40825,132.4084,20.48541459
20907,69.96042,126.2582,18.1346886
20908,68.28036,130.5773,19.68935117
20909,68.78403,111.5448,16.57407958
20910,67.91698,128.8497,19.63731036
20911,69.37666,137.7729,20.1229825
20912,66.74216,117.4347,18.53323583
20913,68.1985,135.4972,20.48028522
20914,63.58869,125.2844,21.78173982
20915,73.25534,129.3863,16.9498181
20916,67.70295,110.3234,16.92028905
20917,65.97536,105.0947,16.97354681
20918,69.81239,134.9831,19.47016852
20919,68.86872,123.426,18.29439101
20920,72.74547,148.5568,19.73494646
20921,68.30771,129.105,19.45176146
20922,66.76693,124.0618,19.56458265
20923,67.44946,123.4784,19.080483
20924,69.7046,141.6202,20.49074033
20925,68.97441,103.9181,15.35573236
20926,67.75058,135.2187,20.70932989
20927,66.8731,124.1057,19.50941026
20928,70.45912,121.7787,17.24456442
20929,70.71713,138.8325,19.51628787
20930,65.65535,118.4649,19.31989561
20931,71.45237,136.8498,18.84370146
20932,69.00661,131.4449,19.40518018
20933,64.07452,139.9216,23.95903736
20934,69.47642,135.5616,19.74318192
20935,69.52284,129.724,18.8677732
20936,64.89822,131.9576,22.02541817
20937,70.70905,134.3203,18.88630389
20938,70.19814,125.1643,17.85601696
20939,67.76234,130.1309,19.92319422
20940,67.21866,135.3954,21.06587649
20941,67.54948,111.8586,17.23378554
20942,68.13277,139.2003,21.0806212
20943,68.84252,126.0857,18.70284351
20944,68.97585,137.8195,20.36441191
20945,67.17762,99.13368,15.4428455
20946,67.76576,131.2841,20.09772177
20947,69.05508,132.9015,19.59268437
20948,68.30757,135.9473,20.48274885
20949,67.32683,123.4861,19.15124739
20950,67.29407,117.8979,18.30238992
20951,66.63257,126.1084,19.96761582
20952,66.94794,107.183,16.81151286
20953,68.13987,133.2584,20.17656906
20954,65.21117,101.1071,16.71448479
20955,68.03769,119.4935,18.14681813
20956,67.26932,128.9103,20.02667587
20957,69.77352,141.6894,20.46027279
20958,69.23863,125.2157,18.36188143
20959,68.7891,114.34,16.986905
20960,67.26289,117.1026,18.19578583
20961,69.29545,132.6378,19.41838896
20962,67.5793,112.7331,17.35319299
20963,67.21365,108.0763,16.81786387
20964,69.62993,140.0795,20.31131263
20965,67.00026,125.4628,19.64795363
20966,67.93443,122.1726,18.61012412
20967,73.47464,134.996,17.57928842
20968,71.5009,148.2703,20.38855629
20969,67.5436,124.5961,19.19956393
20970,71.49304,128.6835,17.69907872
20971,68.1677,130.5834,19.75540853
20972,68.65009,127.7241,19.05223608
20973,66.04619,112.1905,18.08072619
20974,67.31327,122.8993,19.06792158
20975,67.86012,116.6222,17.80357868
20976,69.42007,128.9863,18.81606547
20977,68.38556,133.6644,20.09288335
20978,69.91327,118.2455,17.00672605
20979,68.8823,138.4001,20.50578734
20980,64.05944,115.5782,19.79999023
20981,69.73048,126.5238,18.29288662
20982,68.632,135.6997,20.25260549
20983,69.40445,137.5303,20.07146541
20984,66.00545,132.9691,21.45588643
20985,67.12871,128.9781,20.12123795
20986,67.54768,115.0198,17.72176848
20987,69.18741,122.9827,18.06114178
20988,65.72702,115.7926,18.84292182
20989,67.85686,110.7137,16.90320939
20990,67.32954,113.4872,17.59911833
20991,67.30146,143.8451,22.32551193
20992,66.33349,107.1243,17.11502852
20993,68.22832,133.2817,20.12780856
20994,64.45511,117.3622,19.8595251
20995,67.87195,149.4365,22.80506731
20996,69.92163,125.4082,18.03259262
20997,62.8062,107.3401,19.12988173
20998,69.3377,151.2393,22.11470347
20999,66.60043,130.1472,20.62700091
21000,70.53369,140.2407,19.81692138
21001,68.84104,122.8631,18.22560479
21002,67.22118,124.7784,19.41254493
21003,69.1338,131.5248,19.34559614
21004,70.23848,138.5036,19.73631998
21005,69.10331,125.7452,18.51181666
21006,70.4064,138.0741,19.58137879
21007,66.66478,139.0241,21.99138171
21008,70.33089,164.4539,23.37261341
21009,70.78331,141.8412,19.90196632
21010,66.83722,121.0509,19.04963208
21011,65.8839,112.9256,18.28896518
21012,67.51176,137.9948,21.28429092
21013,71.21095,156.0802,21.63762445
21014,67.16471,135.2937,21.08388366
21015,67.49059,132.7359,20.486005
21016,69.13583,118.2087,17.38594911
21017,66.44838,121.7145,19.37888786
21018,67.03679,143.9542,22.51921487
21019,66.66855,116.5589,18.43566238
21020,69.36123,127.5953,18.64474424
21021,68.92478,137.2977,20.31738499
21022,69.70613,144.1729,20.85916961
21023,66.70216,120.8874,19.10102031
21024,69.3032,132.8515,19.44532522
21025,68.68207,121.2207,18.06530761
21026,67.12449,126.3432,19.71265855
21027,66.92738,116.3508,18.2606844
21028,71.36236,142.3522,19.65083913
21029,66.8559,106.8363,16.80330401
21030,69.46283,118.5577,17.27349205
21031,66.4827,114.5936,18.22629481
21032,72.45414,135.0235,18.08165899
21033,68.10614,120.628,18.28230369
21034,65.75378,124.3824,20.22426787
21035,67.16782,130.0399,20.26326601
21036,68.57483,129.4804,19.35663577
21037,67.275,122.2215,18.9843408
21038,66.23984,97.1995,15.57330562
21039,72.39041,155.1414,20.81234222
21040,68.82192,129.0373,19.15212746
21041,67.67589,126.7606,19.45681097
21042,66.09883,118.7709,19.11075426
21043,67.79875,130.1887,19.91064099
21044,68.76062,115.7905,17.21665141
21045,68.86156,136.3079,20.20796765
21046,71.20733,155.2221,21.52085277
21047,65.24249,114.9215,18.97997148
21048,67.33131,112.8186,17.49451483
21049,67.52803,113.459,17.49146221
21050,67.1708,120.6546,18.79914803
21051,66.8838,138.4066,21.75055014
21052,67.26462,117.0708,18.18990894
21053,70.94467,130.2774,18.1963743
21054,71.15199,133.2351,18.50119903
21055,69.35701,156.0959,22.81214358
21056,66.91104,125.0535,19.63611722
21057,68.07832,122.8732,18.63780802
21058,65.74579,110.9296,18.04126042
21059,70.64116,140.3183,19.7676023
21060,66.02941,112.9351,18.20997847
21061,68.24326,128.8593,19.45143126
21062,66.30423,126.4124,20.21447795
21063,68.49473,134.9166,20.21651987
21064,67.3683,121.4269,18.80871198
21065,70.00791,135.6339,19.45491553
21066,70.18312,125.7853,17.95229074
21067,66.40708,117.1961,18.68270328
21068,67.79402,122.4405,18.72826928
21069,68.33103,142.9592,21.52442209
21070,67.91136,134.3773,20.48313277
21071,68.75045,116.0658,17.26269128
21072,68.82444,113.8497,16.89669804
21073,70.64267,152.2908,21.45333341
21074,65.18174,111.8634,18.50936165
21075,68.51919,129.3323,19.36590894
21076,67.53344,124.0318,19.11835964
21077,68.04198,125.4507,19.04910291
21078,65.82182,113.6,18.43290918
21079,70.27834,131.2909,18.68731735
21080,65.8653,128.4877,20.82109336
21081,66.70285,125.9423,19.89931673
21082,65.88836,122.3566,19.81368845
21083,72.53781,142.2356,19.00355075
21084,67.31225,117.6954,18.26108588
21085,68.85556,119.367,17.6995235
21086,65.30914,125.201,20.63550933
21087,67.56741,117.1659,18.04188932
21088,72.28651,124.0883,16.6944319
21089,69.366,126.9316,18.54521089
21090,71.66938,158.0299,21.62854455
21091,66.91979,114.0239,17.89954854
21092,67.89303,145.9459,22.25854857
21093,66.50206,138.815,22.0658939
21094,67.5214,115.5644,17.81954115
21095,69.21652,128.049,18.78936034
21096,71.08246,135.7997,18.8942317
21097,65.7973,113.1585,18.37495828
21098,68.3417,106.9982,16.10498191
21099,64.74233,113.5996,19.05265384
21100,68.41921,112.8349,16.94504251
21101,68.91514,124.1732,18.38035575
21102,65.84174,85.98927,13.94430868
21103,68.87032,131.6613,19.51413307
21104,64.44608,103.521,17.52228627
21105,67.63533,116.7036,17.93462711
21106,70.20804,141.9526,20.24533552
21107,70.98603,139.8524,19.51099745
21108,68.13106,128.396,19.44538416
21109,66.16887,127.3745,20.45174557
21110,67.05542,124.551,19.47308545
21111,70.75677,131.1854,18.42064487
21112,70.7158,133.8729,18.81980324
21113,67.69017,117.9684,18.09963449
21114,71.53849,140.8829,19.35236603
21115,68.54535,126.4914,18.92606502
21116,65.67176,120.1838,19.59042896
21117,65.99226,124.6178,20.11636012
21118,68.65845,138.4224,20.64304267
21119,66.32469,105.8594,16.91742639
21120,68.44591,119.3537,17.91002566
21121,69.95113,141.9147,20.38887388
21122,65.77165,111.8653,18.17913616
21123,67.068,120.3728,18.81277999
21124,64.69653,131.7434,22.12698374
21125,69.04278,126.7,18.68509887
21126,67.48211,130.1113,20.08598038
21127,66.90722,115.2313,18.09588451
21128,68.75846,119.4879,17.76752647
21129,67.30096,114.3547,17.74871131
21130,69.55268,124.3859,18.07585048
21131,71.05661,149.0296,20.75003782
21132,69.2149,138.0464,20.2572841
21133,67.82442,122.1716,18.67039084
21134,68.71809,129.9713,19.34909372
21135,67.78082,124.843,19.10318952
21136,64.25649,96.69205,16.46311818
21137,68.77435,145.0052,21.55191734
21138,66.37859,131.3486,20.95678834
21139,69.17309,126.2065,18.54226123
21140,70.34987,133.2638,18.92957744
21141,66.73457,124.768,19.69503721
21142,67.61739,127.7756,19.64655678
21143,67.42499,136.4474,21.09982281
21144,68.36893,125.469,18.87009973
21145,70.41579,140.6165,19.93661843
21146,68.06868,120.743,18.31988021
21147,67.28263,116.5436,18.09830221
21148,67.09562,129.5261,20.22666462
21149,67.12164,116.9111,18.24256714
21150,66.69727,139.9522,22.1166293
21151,67.49634,117.8126,18.17969605
21152,70.01384,135.0441,19.36703531
21153,65.78477,129.2745,20.99991179
21154,69.47803,159.105,23.17096714
21155,66.13543,122.234,19.64621922
21156,68.43099,146.9206,22.05628537
21157,67.75061,125.6399,19.24227812
21158,66.95323,105.2662,16.50825634
21159,69.32421,129.7352,18.97768756
21160,68.63523,117.0937,17.474094
21161,67.52914,122.7438,18.92223586
21162,68.96422,126.6954,18.72701312
21163,66.61586,115.7427,18.33553795
21164,68.37756,129.5414,19.47765696
21165,71.01311,127.9603,17.83830186
21166,68.8398,123.6722,18.34628821
21167,68.2039,142.9882,21.60912124
21168,68.87387,122.7388,18.1898126
21169,68.56397,120.7988,18.06450363
21170,69.64694,127.4074,18.46485485
21171,68.82478,141.8906,21.05810498
21172,64.48848,129.7648,21.93552056
21173,69.09307,133.503,19.65972189
21174,68.432,115.0608,17.27285982
21175,67.72728,130.8804,20.05869479
21176,68.58961,133.8262,19.99768874
21177,67.23444,128.1166,19.92402811
21178,69.16746,132.765,19.50901172
21179,67.57615,126.0391,19.40321643
21180,65.096,119.3788,19.80495811
21181,65.51027,107.6904,17.64060747
21182,71.15893,123.3434,17.12428403
21183,70.48329,138.2703,19.56644357
21184,68.18618,140.2804,21.21092456
21185,66.94975,135.623,21.27113934
21186,67.48547,114.2417,17.63434887
21187,65.02626,105.0766,17.46963312
21188,68.66772,128.1246,19.10216501
21189,68.76668,120.2954,17.88332341
21190,70.72339,144.1367,20.25833556
21191,68.16494,142.4759,21.55631993
21192,65.74529,129.1718,21.00843715
21193,67.60346,135.049,20.77346055
21194,69.27402,132.8954,19.46814142
21195,68.96879,122.0169,18.03308786
21196,68.43776,150.6044,22.6048387
21197,67.71247,128.9561,19.77242346
21198,71.63304,138.1379,18.92524061
21199,64.46515,102.4585,17.3321853
21200,66.91695,117.4932,18.44572719
21201,65.28324,124.6847,20.56672254
21202,69.80506,139.8376,20.17462529
21203,67.50948,130.1897,20.0817902
21204,68.54457,133.0212,19.90352844
21205,67.50779,113.7693,17.54981851
21206,69.02801,125.2331,18.47667201
21207,67.19638,128.2747,19.97121917
21208,69.38252,136.381,19.91631821
21209,67.07315,137.2259,21.44341778
21210,65.53914,120.1128,19.6581724
21211,69.12113,136.8986,20.14339518
21212,68.12859,123.5782,18.71709258
21213,66.18245,118.4861,19.01678294
21214,68.75005,125.2406,18.62749382
21215,69.66247,133.9579,19.40554828
21216,67.87585,119.188,18.18684204
21217,69.51193,138.2564,20.11508516
21218,68.10429,117.4216,17.79731058
21219,68.41818,140.0468,21.03223765
21220,65.02588,95.09752,15.81073428
21221,68.73364,119.9769,17.85312614
21222,68.46417,127.8286,19.1715251
21223,68.95687,122.36,18.09004773
21224,67.64606,129.6722,19.92127777
21225,67.98046,111.7482,16.9991679
21226,67.52579,127.943,19.72570379
21227,68.10182,116.2066,17.6144336
21228,65.37706,127.1152,20.90749671
21229,66.7445,120.9335,19.08406905
21230,66.27875,111.7677,17.88640337
21231,69.7328,131.9363,19.07415985
21232,67.30255,119.1448,18.4912972
21233,69.02553,129.4502,19.10022797
21234,70.08744,138.438,19.81208793
21235,67.5875,123.9873,19.08093985
21236,68.44123,135.9688,20.40605148
21237,67.97198,123.3787,18.77308615
21238,66.10388,122.6718,19.73541031
21239,66.0128,116.2522,18.75427142
21240,67.45078,139.0873,21.49160496
21241,69.63918,137.3555,19.91104628
21242,70.26322,128.9824,18.36663864
21243,71.18245,134.1429,18.61131898
21244,67.48152,113.786,17.56606328
21245,67.30461,121.5465,18.8628868
21246,68.27851,128.6151,19.39452798
21247,67.93965,129.5938,19.73753618
21248,66.34597,117.4876,18.76369052
21249,66.17643,134.2907,21.5573113
21250,64.65454,116.1862,19.53942686
21251,67.54127,125.4026,19.32517435
21252,68.59123,122.8707,18.35973785
21253,63.19682,109.5683,19.28633905
21254,67.87138,121.2874,18.50962636
21255,69.10296,143.9699,21.19501493
21256,69.35396,136.2498,19.91354919
21257,66.69452,117.4852,18.5677031
21258,68.01196,111.6817,16.97331846
21259,65.03661,104.7919,17.41675522
21260,67.43888,124.3636,19.22329861
21261,66.47035,128.7613,20.48730093
21262,70.20849,144.0743,20.5476698
21263,67.13509,125.9127,19.63928673
21264,64.94556,129.3952,21.56624623
21265,68.59608,118.1328,17.64928948
21266,66.23435,136.462,21.86756871
21267,69.86976,124.5872,17.94114878
21268,67.15711,121.2002,18.89185763
21269,66.2651,124.1129,19.87021348
21270,68.35631,129.7324,19.51850526
21271,71.29633,135.8907,18.79363166
21272,70.11197,139.2857,19.91945794
21273,66.10542,133.4835,21.47379352
21274,69.08371,133.6883,19.69234433
21275,67.40367,128.5047,19.88416003
21276,66.85289,131.739,20.72188767
21277,69.20063,132.4558,19.44492214
21278,70.60672,124.7653,17.5936953
21279,68.53661,121.9863,18.25665233
21280,68.93974,131.5648,19.46057878
21281,67.96975,127.7058,19.43276514
21282,65.23482,104.5786,17.27584154
21283,71.6941,137.807,18.84776112
21284,69.24201,113.2636,16.60758002
21285,67.94013,140.4541,21.39129117
21286,69.61292,132.7728,19.26126191
21287,67.27993,122.6409,19.04669345
21288,66.33297,135.2301,21.60577298
21289,66.12205,109.5588,17.61610834
21290,72.21224,144.4488,19.47366208
21291,68.64486,134.8144,20.11294014
21292,66.69156,126.1919,19.9455057
21293,65.73194,116.6978,18.98738224
21294,68.38632,138.149,20.76656197
21295,71.57464,153.8989,21.11895847
21296,71.70436,130.4351,17.83440697
21297,71.22448,130.8944,18.13918697
21298,69.04649,116.1818,17.13208474
21299,69.24498,131.2336,19.24082897
21300,69.31455,149.1439,21.82287697
21301,67.37766,116.1292,17.98311457
21302,65.85673,120.8833,19.59391893
21303,68.3071,111.1158,16.74169583
21304,62.66611,102.4978,18.34866178
21305,66.11815,124.0832,19.95386011
21306,66.10233,119.1205,19.16497675
21307,70.76474,134.5527,18.88921506
21308,67.3541,126.4415,19.59371964
21309,67.29001,115.4747,17.92837725
21310,68.9878,136.8897,20.22001649
21311,67.50241,129.6194,19.99800971
21312,67.80553,131.8187,20.15589649
21313,70.86344,143.7688,20.12683615
21314,66.88387,134.1093,21.07518679
21315,69.60302,114.8928,16.67216391
21316,65.8415,109.0991,17.69200527
21317,68.05408,140.0282,21.2550679
21318,67.79184,130.6684,19.9880789
21319,66.63211,130.5872,20.67706071
21320,68.05862,130.8255,19.85552847
21321,66.37615,122.9051,19.61106199
21322,66.6771,106.3209,16.81204578
21323,63.97165,125.9937,21.64357762
21324,69.12251,146.0978,21.49611621
21325,68.28209,134.7229,20.31342413
21326,68.12163,149.2238,22.60598098
21327,66.18678,118.8765,19.07694505
21328,67.49155,121.369,18.73114364
21329,70.23978,127.3437,18.14539823
21330,69.18802,119.5174,17.55192107
21331,66.98707,115.3673,18.07407538
21332,71.11033,145.6761,20.25248145
21333,68.61714,128.542,19.19265926
21334,66.8577,127.9222,20.11862893
21335,67.07586,138.2211,21.59718611
21336,63.93118,111.9108,19.2487213
21337,65.85939,113.125,18.33489847
21338,69.44418,139.1515,20.28483638
21339,67.8368,129.6571,19.80710128
21340,64.76778,123.182,20.64355808
21341,66.2066,113.314,18.17340581
21342,67.79536,131.6799,20.14071438
21343,72.01784,124.9024,16.92956991
21344,65.20628,115.5842,19.1106275
21345,67.38543,127.1064,19.6784431
21346,66.56993,115.3937,18.3054843
21347,66.03326,108.599,17.50877147
21348,68.54084,122.4814,18.32848725
21349,66.75178,123.5222,19.48833072
21350,71.83647,140.7706,19.17685216
21351,63.58595,131.2403,22.8191893
21352,67.86356,125.8127,19.20465595
21353,69.18172,135.9835,19.97371412
21354,70.22442,129.4703,18.45649194
21355,70.26193,126.4545,18.00733581
21356,68.25391,131.4638,19.83839054
21357,67.64774,133.374,20.48896012
21358,67.60438,113.665,17.48366244
21359,64.18161,92.72194,15.82401261
21360,69.07121,133.7058,19.70205121
21361,67.16346,119.9669,18.69608351
21362,65.77951,122.1882,19.85195692
21363,66.50073,124.7978,19.83852728
21364,63.97477,113.8485,19.55533101
21365,67.69537,103.4807,15.8743792
21366,70.51405,154.9609,21.90918066
21367,69.76942,133.3499,19.25829318
21368,70.56116,142.826,20.16652991
21369,68.60348,115.6884,17.28036243
21370,64.8078,126.7873,21.22152163
21371,70.90317,130.958,18.31285489
21372,66.45704,120.7458,19.21964539
21373,69.81243,134.6215,19.41798854
21374,67.93456,113.5044,17.28966141
21375,68.21735,122.932,18.57079873
21376,70.49535,141.461,20.01110665
21377,67.39105,106.465,16.48002011
21378,71.6752,139.7622,19.12525465
21379,68.59578,147.415,22.02430457
21380,67.0862,115.6875,18.07071664
21381,68.16122,136.504,20.65503772
21382,67.98705,105.9146,16.10863573
21383,64.80826,114.3374,19.13739912
21384,68.38232,142.4635,21.41762315
21385,69.73223,130.6929,18.89470919
21386,65.31482,110.0279,18.1315395
21387,67.93911,117.1572,17.84368723
21388,66.28781,128.8133,20.60860945
21389,65.31992,157.9292,26.02114916
21390,67.56335,120.957,18.62790359
21391,69.33362,127.7738,18.68570053
21392,68.05282,119.9513,18.20824261
21393,68.7317,130.5724,19.43088315
21394,66.24459,131.6161,21.08450987
21395,67.13869,130.7992,20.39927283
21396,64.8849,115.8741,19.34881712
21397,67.27717,128.8991,20.02026311
21398,66.586,116.0707,18.40399369
21399,67.12561,113.2244,17.66521235
21400,65.22732,115.8697,19.14547464
21401,67.58676,132.6108,20.40849432
21402,69.53328,124.1201,18.04729051
21403,68.83049,141.3701,20.97737624
21404,68.31099,116.924,17.61480462
21405,68.74387,124.9707,18.59069271
21406,64.0985,103.2453,17.66566061
21407,70.8389,150.1694,21.03745272
21408,68.9783,130.9676,19.35059042
21409,67.48817,124.8039,19.26318865
21410,69.27081,124.6497,18.26190296
21411,67.12082,119.5077,18.64819089
21412,70.77956,125.8114,17.65466996
21413,67.97148,111.5771,16.9776252
21414,72.82909,149.1342,19.76618278
21415,66.00035,115.6001,18.65610844
21416,66.37328,127.1567,20.29121318
21417,67.24395,128.6992,20.00897028
21418,69.45193,122.1409,17.80113948
21419,70.32167,133.6321,18.99712003
21420,64.85287,124.4417,20.79997726
21421,66.82049,124.4221,19.58995959
21422,67.88258,124.2948,18.96232582
21423,68.26595,121.0339,18.25803671
21424,66.40595,108.3041,17.26578126
21425,69.54769,148.9234,21.64476368
21426,68.91851,117.4566,17.38445144
21427,67.1916,123.127,19.17249606
21428,67.33889,120.5712,18.69248332
21429,67.05347,120.1048,18.77903082
21430,66.71262,124.3153,19.63649238
21431,69.98886,141.4564,20.30112415
21432,71.51013,139.8831,19.23027249
21433,73.19268,150.9736,19.8116678
21434,67.79156,132.7662,20.30914285
21435,68.64126,132.4578,19.76343222
21436,66.17287,133.4576,21.42588126
21437,67.35348,134.5655,20.85302074
21438,67.26831,123.5621,19.19639032
21439,66.43498,113.6441,18.10125145
21440,69.66258,122.2091,17.70352551
21441,67.46824,107.2974,16.5708872
21442,71.53982,140.1055,19.24486297
21443,70.50755,130.405,18.44073897
21444,67.39344,140.9644,21.81873273
21445,68.28771,142.5192,21.48540788
21446,70.85948,143.5364,20.09654744
21447,68.2026,128.7043,19.4512054
21448,71.52565,142.5129,19.58329997
21449,67.68578,122.5681,18.80779588
21450,68.77033,145.575,21.63913554
21451,69.69672,124.4363,18.00850803
21452,69.86332,132.8198,19.13020865
21453,68.11448,130.3112,19.74504729
21454,67.44093,132.8781,20.53816476
21455,64.59419,103.0731,17.36655795
21456,66.89966,119.9647,18.84347415
21457,66.46718,113.4911,18.05937115
21458,68.19723,124.665,18.84370932
21459,69.78449,137.4408,19.84052599
21460,66.84378,117.16,18.43370723
21461,67.60705,117.721,18.10611587
21462,69.81536,130.9669,18.88925847
21463,68.71877,128.5218,19.13292502
21464,69.44319,119.0987,17.36213068
21465,66.78997,124.5261,19.62425665
21466,70.36901,141.0114,20.01919764
21467,68.40678,128.6087,19.32090109
21468,66.17464,115.9334,18.61147199
21469,64.05399,133.0834,22.8027296
21470,66.90763,128.5777,20.19155121
21471,66.08072,103.0628,16.59234348
21472,68.68999,121.2085,18.05932424
21473,66.15716,121.0179,19.43798445
21474,68.64629,122.4392,18.26592487
21475,64.94119,116.4141,19.40530285
21476,68.07015,137.3806,20.84334027
21477,64.00869,118.3034,20.29900139
21478,65.53683,107.9785,17.67346701
21479,67.41471,121.7855,18.83829386
21480,65.74584,121.5395,19.76679296
21481,66.18987,140.962,22.61904798
21482,63.73028,114.8628,19.88122181
21483,67.5378,107.9156,16.63204822
21484,68.83259,123.8887,18.3822555
21485,68.60078,114.8935,17.16297924
21486,70.33758,135.3466,19.23214972
21487,68.06319,122.375,18.57049286
21488,67.31084,134.7184,20.90317327
21489,67.93548,111.8576,17.03834961
21490,70.21616,124.6681,17.77610127
21491,70.22715,126.5091,18.03295933
21492,67.41853,123.4532,19.09409675
21493,69.66876,126.5893,18.33479936
21494,66.51862,131.9422,20.96295899
21495,66.56167,123.7117,19.62988162
21496,65.37204,125.3946,20.62766567
21497,71.0227,140.9263,19.64052163
21498,69.76803,125.9309,18.18757142
21499,69.13129,124.6745,18.3393373
21500,70.11223,142.237,20.34137694
21501,66.65293,122.3701,19.3638696
21502,71.50512,126.6515,17.41371303
21503,67.35973,133.4416,20.67501771
21504,67.0525,125.5655,19.63340863
21505,70.82773,148.3559,20.78995271
21506,68.41937,125.6235,18.86548924
21507,68.65019,123.9353,18.48701784
21508,67.9628,132.746,20.20385497
21509,70.56903,126.337,17.83436247
21510,69.24189,135.4178,19.85606801
21511,67.38822,140.2362,21.70938347
21512,63.09263,104.4273,18.44217386
21513,68.73587,111.0236,16.5197611
21514,67.79277,142.0958,21.73550863
21515,68.54986,136.4451,20.41268457
21516,70.1535,120.8283,17.2593845
21517,70.09971,126.219,18.05708396
21518,67.95659,134.1742,20.42495851
21519,69.44167,121.8278,17.76075459
21520,67.44686,126.7548,19.58827839
21521,69.5806,131.3823,19.07725332
21522,69.63943,138.8988,20.13461841
21523,69.95134,143.1008,20.55915733
21524,66.54229,129.1494,20.50464395
21525,65.47078,129.3234,21.20984081
21526,65.98373,137.8792,22.26282926
21527,67.1234,123.9595,19.34137064
21528,65.06387,105.1229,17.45713117
21529,69.55975,139.0725,20.20600992
21530,68.47409,124.6217,18.68514437
21531,69.93312,139.2227,20.01241813
21532,67.5759,144.2837,22.21206414
21533,66.79037,126.0623,19.86611078
21534,69.56945,134.6805,19.5624347
21535,73.00543,144.8899,19.11098674
21536,68.94047,124.2216,18.37401066
21537,66.71029,114.4104,18.07320488
21538,70.56037,126.6797,17.88712955
21539,66.06623,121.9,19.6336019
21540,72.09895,144.037,19.47921775
21541,67.44827,119.4643,18.46085615
21542,68.97642,135.795,20.06493719
21543,69.04275,113.957,16.8058379
21544,68.66189,137.4046,20.48920415
21545,71.18002,136.655,18.96114853
21546,66.66057,126.3655,19.99151924
21547,63.36463,110.6809,19.37912662
21548,69.34799,125.2128,18.30359074
21549,69.77767,135.8281,19.61155471
21550,69.07072,130.9719,19.29947462
21551,68.32296,118.1762,17.79721305
21552,66.55968,118.5975,18.81951421
21553,68.37761,112.1167,16.85767969
21554,65.98221,115.1319,18.59076587
21555,63.25998,110.1988,19.3586064
21556,71.62632,153.9411,21.09427645
21557,66.09519,98.68208,15.88012473
21558,67.48908,116.7462,18.01901566
21559,70.30231,124.28,17.67735888
21560,64.70216,119.9535,20.14330324
21561,64.77568,101.9952,17.08878152
21562,66.64032,119.5377,18.92282935
21563,70.55327,126.3116,17.83874375
21564,67.87381,126.972,19.37576367
21565,65.91455,113.3049,18.3333333
21566,69.77502,125.1068,18.06493077
21567,66.139,107.6645,17.30264926
21568,65.92413,125.8118,20.35109992
21569,69.6475,131.9709,19.1259246
21570,68.14729,124.0205,18.77377562
21571,67.74068,113.6562,17.41202784
21572,68.11275,106.676,16.16460951
21573,68.20793,113.7575,17.18959423
21574,68.37827,123.0314,18.49843865
21575,67.82451,130.8329,19.99396664
21576,67.48875,111.5242,17.2132023
21577,69.68654,142.2781,20.59660205
21578,69.65756,142.6607,20.66917585
21579,70.94824,134.3418,18.76217727
21580,68.7831,121.5774,18.06527954
21581,69.0255,135.5666,20.00271314
21582,68.53275,151.8248,22.7248866
21583,65.24397,139.6435,23.06191099
21584,68.75415,122.4198,18.20577437
21585,66.91508,118.2568,18.56664548
21586,68.90378,143.5003,21.24819478
21587,64.45659,137.1951,23.21449677
21588,69.37774,133.934,19.56166727
21589,69.76118,106.7714,15.42348894
21590,67.73498,132.2829,20.26903247
21591,65.93122,136.2363,22.0326097
21592,72.06156,145.1228,19.64643044
21593,69.92008,139.7968,20.10243758
21594,68.01618,121.4656,18.45797914
21595,70.62601,146.913,20.7055232
21596,65.42178,112.1659,18.42347112
21597,68.50672,139.005,20.82185404
21598,69.48629,128.6752,18.73492367
21599,65.57785,136.1471,22.25611579
21600,67.95425,122.3756,18.63017404
21601,68.9238,137.9993,20.42178884
21602,64.5782,113.4876,19.13074423
21603,69.22296,137.6336,20.19200582
21604,65.8112,122.3264,19.85527472
21605,68.38674,122.2001,18.3688972
21606,68.064,123.0604,18.67405833
21607,71.89949,144.9726,19.7146755
21608,66.75955,113.9546,17.97464761
21609,66.26364,111.5726,17.86332505
21610,69.12286,121.6069,17.89246369
21611,71.05851,132.4697,18.44334475
21612,67.82703,134.8738,20.609968
21613,66.1189,130.9344,21.05512616
21614,67.76657,123.0486,18.83653397
21615,66.34736,129.4624,20.6752936
21616,69.88206,132.1693,19.02630776
21617,68.8186,116.2218,17.25167451
21618,69.22245,130.6511,19.16789682
21619,69.56448,149.2076,21.67560278
21620,65.74056,129.3787,21.04511531
21621,66.94081,129.4569,20.30947055
21622,66.44573,128.19,20.41151866
21623,68.4432,137.5434,20.64117747
21624,67.98349,130.0934,19.78808092
21625,68.25542,128.3862,19.37311172
21626,67.17137,115.7127,18.02884646
21627,66.57049,137.5753,21.82389614
21628,65.00255,127.5117,21.21507507
21629,68.08759,132.0304,20.02134915
21630,68.04764,140.0717,21.2656954
21631,69.45338,147.4061,21.48245988
21632,67.9968,110.0948,16.73960409
21633,63.71092,103.5775,17.93878384
21634,67.26281,132.7455,20.62647997
21635,66.4024,117.3694,18.71296721
21636,63.39192,109.587,19.17107877
21637,67.72768,118.9536,18.2305813
21638,66.803,119.5927,18.83944321
21639,67.10602,104.2534,16.27505963
21640,67.28255,128.7274,19.99039782
21641,66.92397,111.4987,17.50095456
21642,69.27156,142.0013,20.80356237
21643,69.82977,150.7596,21.73497166
21644,67.13762,115.8561,18.06934237
21645,68.9154,122.9638,18.2012007
21646,68.58518,118.3007,17.6799924
21647,67.44759,110.2889,17.04332233
21648,68.28475,135.5616,20.43829031
21649,66.59309,133.2853,21.12901467
21650,69.66864,125.674,18.20229287
21651,66.48926,127.8714,20.33413704
21652,66.0901,124.6678,20.0648909
21653,68.39518,128.0957,19.2503612
21654,70.80442,130.4059,18.28655206
21655,70.79288,124.7995,17.50608404
21656,66.19153,144.743,23.22458996
21657,69.06036,115.5577,17.03321148
21658,68.21507,129.3545,19.54232396
21659,65.55386,118.7886,19.43271809
21660,68.80277,116.4346,17.29121592
21661,69.1402,119.6141,17.59042931
21662,68.15536,129.5781,19.61042024
21663,68.42978,134.0208,20.12042933
21664,71.79676,147.6642,20.13820927
21665,68.11027,145.6245,22.06808095
21666,64.77343,138.189,23.15447875
21667,68.49853,114.9544,17.22338149
21668,68.55531,146.7026,21.9437546
21669,67.41253,130.7003,20.21858026
21670,71.11461,153.6546,21.35911362
21671,66.74425,129.3251,20.40846934
21672,68.39703,131.2146,19.71800618
21673,69.25426,139.9834,20.51818194
21674,67.91866,136.0479,20.73332473
21675,66.60066,131.2614,20.80344654
21676,67.43294,126.1017,19.4953967
21677,69.11285,147.8694,21.76286315
21678,69.6757,134.3107,19.44926781
21679,68.41421,146.046,21.93574349
21680,65.50774,100.9124,16.53159004
21681,69.76777,137.657,19.8812617
21682,70.67766,141.3048,19.88602197
21683,66.20366,129.6357,20.79294204
21684,65.94018,100.974,16.32543
21685,71.3988,129.6586,17.88030109
21686,71.26908,149.5428,20.69753034
21687,65.25052,135.2581,22.33318448
21688,70.22019,129.3704,18.44447277
21689,67.46231,121.088,18.70397939
21690,65.38827,125.245,20.59282969
21691,71.06891,151.2576,21.0529627
21692,70.64691,149.0675,20.99674388
21693,65.94902,125.9638,20.36031
21694,69.02074,128.0814,18.90088626
21695,70.46626,151.3353,21.42560644
21696,68.28099,121.4549,18.31347446
21697,67.90092,146.1333,22.28195021
21698,66.4104,125.4014,19.98874455
21699,68.78832,128.2448,19.05310162
21700,64.64202,117.7037,19.80229844
21701,64.62019,126.3926,21.27847559
21702,68.67167,106.6081,15.89243012
21703,68.10937,128.4228,19.46183263
21704,66.32562,128.0712,20.46652767
21705,68.69826,126.9703,18.91324272
21706,62.48237,100.3418,18.06850515
21707,68.46424,133.7977,20.06671995
21708,65.35569,125.5137,20.65758979
21709,65.85849,129.4713,20.98482229
21710,66.3082,126.7998,20.27399878
21711,65.70911,113.7976,18.52837185
21712,65.6121,131.8419,21.52984493
21713,67.63331,135.7273,20.85937299
21714,66.74792,123.7179,19.52146431
21715,70.65296,157.9704,22.24694188
21716,68.17586,116.5777,17.63232401
21717,69.85767,136.0274,19.59537277
21718,66.60797,119.7939,18.98181049
21719,69.08158,145.2811,21.40128845
21720,67.16475,120.9003,18.84082425
21721,66.35066,114.9647,18.35816805
21722,66.59299,129.3826,20.51040185
21723,65.04067,101.3936,16.84984287
21724,68.30625,124.8439,18.81056176
21725,67.6115,129.8552,19.9697914
21726,69.20628,146.9622,21.5709841
21727,70.44549,146.535,20.7582293
21728,70.91437,136.5757,19.09238846
21729,65.42417,133.412,21.91158412
21730,67.54349,139.8108,21.5441345
21731,67.24006,129.7754,20.17862254
21732,68.186,139.256,21.05614259
21733,66.55056,104.7859,16.63239324
21734,68.61863,141.8655,21.18107667
21735,68.3969,138.2968,20.78234832
21736,69.25466,123.9714,18.17099997
21737,66.51789,122.2101,19.41715043
21738,69.53102,130.8152,19.02200685
21739,67.84335,134.6077,20.55941057
21740,67.73899,123.6453,18.94329418
21741,69.10056,133.7242,19.68802715
21742,67.22282,136.6474,21.25804115
21743,70.14077,117.6351,16.80936055
21744,66.63163,127.9701,20.26296337
21745,69.45646,136.697,19.91998555
21746,69.02288,157.9236,23.30323462
21747,69.04845,144.0225,21.23624868
21748,65.98766,115.1328,18.58784043
21749,68.32236,137.4591,20.70156137
21750,69.06911,130.3359,19.20665168
21751,67.6674,128.978,19.80213348
21752,67.94975,129.5573,19.72611166
21753,68.79124,110.5886,16.42855664
21754,68.35343,138.2477,20.80140237
21755,68.31792,137.2072,20.66631078
21756,69.47505,131.5983,19.16672307
21757,67.39877,108.4221,16.77912069
21758,67.90904,129.8693,19.79733092
21759,69.51989,142.6941,20.7559774
21760,67.83781,148.7128,22.71747388
21761,65.60406,115.2958,18.83247406
21762,68.8712,135.0711,20.01900378
21763,67.41876,114.7234,17.74376649
21764,66.89864,112.6633,17.69714523
21765,67.05157,111.2213,17.39103341
21766,68.65952,126.4751,18.86074444
21767,68.82781,124.8432,18.52645452
21768,68.27979,132.045,19.91099359
21769,67.24388,126.8469,19.72103274
21770,65.70125,118.0533,19.22587844
21771,68.53534,142.5502,21.33506708
21772,68.97033,135.912,20.08577163
21773,69.42265,123.1637,17.96534978
21774,65.89796,116.9465,18.93209229
21775,67.48926,121.2539,18.71464997
21776,68.24839,126.698,19.12230597
21777,69.9615,142.6772,20.49234591
21778,69.1349,133.9896,19.70750919
21779,65.7668,114.8528,18.66738525
21780,69.31519,132.0639,19.32335832
21781,67.68043,112.7006,17.29638464
21782,65.7642,105.172,17.09528616
21783,68.65969,107.7614,16.06996288
21784,72.48764,132.3992,17.71384193
21785,64.78256,110.153,18.45165997
21786,70.4841,159.2503,22.53477711
21787,69.67148,143.2815,20.75082521
21788,65.12354,134.8383,22.35077535
21789,68.17589,135.8612,20.54892651
21790,68.75037,129.4885,19.25912028
21791,67.50063,144.4117,22.28137834
21792,66.18238,115.3209,18.5088138
21793,66.93648,142.2417,22.31806399
21794,67.71915,134.6098,20.63521544
21795,66.15708,124.7595,20.03901147
21796,68.60607,121.8448,18.19856902
21797,64.407,116.1544,19.68452092
21798,65.95004,110.1839,17.80915603
21799,69.6538,107.6804,15.60279333
21800,67.30606,131.0374,20.33491005
21801,69.65916,124.3081,18.00936032
21802,68.25471,144.5448,21.81185219
21803,67.50858,135.5885,20.91511396
21804,68.8211,142.21,21.10776458
21805,67.96832,132.0779,20.09890555
21806,66.09807,113.2875,18.22887054
21807,68.6238,134.5527,20.08622002
21808,66.2588,131.9464,21.12835757
21809,65.78144,121.6553,19.76421668
21810,63.68103,113.8491,19.73625594
21811,68.96781,117.3037,17.3370086
21812,69.61369,120.1962,17.43639717
21813,67.9393,131.376,20.00917691
21814,72.12761,141.5293,19.12487477
21815,66.17765,108.006,17.33726251
21816,64.44865,113.84,19.26737556
21817,66.9381,124.7886,19.57868303
21818,69.72663,138.5469,20.03340573
21819,66.50238,144.8476,23.02460839
21820,67.66821,122.3427,18.78295893
21821,68.21966,127.736,19.29521118
21822,66.23247,107.7751,17.27157157
21823,68.48757,111.7849,16.75386274
21824,66.72098,123.6466,19.52597238
21825,67.26512,110.1107,17.10822708
21826,67.97088,127.9019,19.46195821
21827,71.33619,141.8512,19.59604907
21828,67.42918,123.1017,19.03371749
21829,69.16961,120.2536,17.66943886
21830,69.73638,127.9477,18.49562491
21831,66.88932,118.3424,18.59439857
21832,67.92182,102.3229,15.59227681
21833,68.65846,123.3907,18.40134793
21834,68.9523,124.4188,18.39686489
21835,63.26116,131.8104,23.15424907
21836,68.1796,139.1423,21.04290066
21837,69.04181,137.5828,20.29061134
21838,66.5111,116.7547,18.55416593
21839,69.76603,127.3629,18.39544268
21840,68.24223,124.3347,18.76900524
21841,68.84887,136.3807,20.22621442
21842,67.04484,127.0678,19.87284835
21843,70.93046,126.9017,17.73197917
21844,68.51393,136.1465,20.38938127
21845,71.06022,111.4244,15.51252641
21846,65.47707,106.8859,17.52658362
21847,68.63389,114.5655,17.09747397
21848,68.18722,118.3686,17.89723196
21849,67.06874,123.2887,19.2680739
21850,67.62436,129.2202,19.8645805
21851,68.97729,130.823,19.32979168
21852,67.66502,117.9736,18.11389009
21853,69.96163,120.0183,17.23784444
21854,64.63866,108.6377,18.27894803
21855,66.42798,116.0001,18.48040975
21856,67.91525,103.1791,15.72578932
21857,66.84693,116.1444,18.27219268
21858,66.66734,129.0009,20.40430519
21859,68.74944,150.8735,22.44036727
21860,66.35019,124.4368,19.87100431
21861,68.74957,131.2495,19.52149214
21862,67.15931,110.9528,17.29343001
21863,68.07741,122.6487,18.60425249
21864,73.25176,148.2284,19.42006227
21865,67.62804,122.5984,18.84458274
21866,70.98337,122.6745,17.1157681
21867,68.14991,122.0117,18.46827063
21868,68.73907,126.2233,18.77965247
21869,65.52461,113.7172,18.61969631
21870,65.35162,110.6449,18.21268642
21871,64.35555,113.8107,19.31818884
21872,68.55885,127.5331,19.0744135
21873,69.0529,133.1832,19.63545304
21874,72.60485,143.9177,19.192797
21875,69.48058,115.4622,16.81389314
21876,66.25333,113.0559,18.10644266
21877,65.40529,109.6595,18.02087338
21878,70.28061,119.1562,16.95902675
21879,70.37019,116.2454,16.50264867
21880,65.48775,125.4251,20.55983582
21881,66.53455,123.3583,19.58976621
21882,67.5823,121.7252,18.73569837
21883,65.69418,125.5996,20.45925376
21884,68.03737,134.0532,20.35811089
21885,68.47451,123.5137,18.5187893
21886,65.23306,116.1786,19.19313691
21887,67.86301,125.1315,19.10098391
21888,65.79717,123.5802,20.0673391
21889,71.44975,133.3758,18.36669167
21890,70.84018,136.3143,19.09578124
21891,71.18982,141.107,19.57348214
21892,66.03097,126.5347,20.40185283
21893,71.37742,125.9633,17.3811162
21894,70.57756,137.1181,19.35159793
21895,68.2458,128.0182,19.32302801
21896,68.22017,141.7363,21.40971183
21897,65.06244,106.6877,17.71776695
21898,66.90634,108.0455,16.96787524
21899,63.03862,115.8658,20.49732537
21900,67.06774,152.2417,23.79367941
21901,65.30894,106.7987,17.60256762
21902,65.06679,107.6525,17.87560219
21903,67.39673,124.6423,19.29048417
21904,69.06112,122.2679,18.02189867
21905,69.12434,132.9822,19.56531494
21906,68.47088,130.1302,19.51289031
21907,70.21144,143.2455,20.42775084
21908,70.97244,143.2283,19.98962696
21909,67.11423,122.2441,19.07892974
21910,70.05116,132.2902,18.95188164
21911,68.72983,131.9808,19.64154029
21912,65.39469,129.8896,21.35230349
21913,71.11058,132.006,18.35187974
21914,63.52038,122.4025,21.32649269
21915,68.03493,121.5552,18.4614149
21916,64.8839,130.9255,21.86279455
21917,68.16535,123.2502,18.64728548
21918,69.34209,124.7472,18.23863268
21919,69.55427,112.586,16.36033231
21920,69.37897,123.8323,18.08562695
21921,67.90715,124.8204,19.02873365
21922,69.78616,119.2747,17.21730029
21923,70.06486,123.9407,17.74879007
21924,67.26241,133.3415,20.71933505
21925,63.73139,121.2644,20.98852244
21926,68.32099,129.2511,19.46620404
21927,66.39081,142.8419,22.78216583
21928,70.03989,137.0893,19.64572105
21929,66.24433,135.7157,21.74142432
21930,68.25743,117.7142,17.76169122
21931,70.79829,130.2646,18.2699012
21932,67.11709,116.0134,18.10494638
21933,65.93811,124.2235,20.08565954
21934,67.55474,97.14789,14.96501111
21935,64.78244,124.6147,20.8742076
21936,68.45511,118.3446,17.75382872
21937,68.60516,130.4597,19.48579537
21938,68.18953,135.0554,20.41887848
21939,64.24981,113.7089,19.36449109
21940,67.42016,121.1719,18.74034946
21941,69.64799,129.1334,18.71443569
21942,68.76641,137.5208,20.44424188
21943,67.47039,116.7224,18.02532454
21944,66.34719,102.2607,16.33123463
21945,65.27345,94.26051,15.55292131
21946,68.49649,130.6183,19.57143715
21947,66.77663,128.4905,20.25710357
21948,68.62434,136.1352,20.32213806
21949,66.97798,134.398,21.06124499
21950,74.42744,141.7416,17.9881497
21951,68.16821,110.4841,16.71442062
21952,69.58597,134.9162,19.58736673
21953,64.67803,128.0545,21.51971933
21954,69.98681,130.8804,18.78440923
21955,68.74272,136.6016,20.32159008
21956,67.56099,137.7014,21.20809553
21957,63.59232,107.4139,18.67267213
21958,69.05534,151.567,22.34423261
21959,66.83137,135.1775,21.27644217
21960,69.25699,132.5855,19.4322966
21961,70.10878,128.1379,18.32686192
21962,65.74458,118.6861,19.30346505
21963,68.92381,132.023,19.53738205
21964,63.45696,101.8629,17.78331969
21965,66.46407,114.2272,18.17820479
21966,65.32677,112.1856,18.48034476
21967,70.28537,127.3897,18.12841226
21968,73.62336,145.5589,18.87829735
21969,72.06438,133.0115,18.00541796
21970,63.99289,118.1347,20.28006581
21971,69.13512,125.715,18.49034365
21972,69.11398,115.0134,16.92668691
21973,68.8397,119.2542,17.69094655
21974,68.42829,125.7109,18.87369298
21975,69.11164,126.3794,18.60069693
21976,67.75382,133.1108,20.38454615
21977,68.28205,130.0354,19.60666915
21978,69.79824,140.2748,20.24165599
21979,67.80131,125.3779,19.17344475
21980,66.92047,117.4567,18.43805708
21981,65.41043,110.3167,18.12602517
21982,67.2104,118.1644,18.3894618
21983,69.23036,104.0257,15.25818204
21984,69.02497,127.7908,18.85569136
21985,65.27684,145.1158,23.94152337
21986,69.48104,139.7665,20.35287635
21987,70.35139,148.13,21.0403511
21988,66.72914,110.6124,17.46337118
21989,69.18346,124.9384,18.35044958
21990,69.39009,117.0886,17.09523349
21991,65.10415,122.9297,20.38894717
21992,70.42201,132.063,18.72059511
21993,64.20998,124.7386,21.26919834
21994,66.39326,110.6721,17.65003165
21995,67.99051,130.6448,19.86784923
21996,66.54414,127.2514,20.20218113
21997,67.85205,120.743,18.43704605
21998,68.3302,147.7192,22.24164416
21999,67.70322,116.5958,17.88214379
22000,67.08778,126.0409,19.68701984
22001,67.45991,131.0766,20.24831917
22002,64.53855,103.166,17.4121945
22003,68.77395,120.2698,17.87573783
22004,65.27979,120.4821,19.87560496
22005,69.89596,114.4375,16.46719159
22006,66.11113,121.7524,19.58320161
22007,69.19728,138.7705,20.37391223
22008,68.62235,127.2493,18.99676078
22009,70.33159,152.9261,21.73382004
22010,69.44904,126.7259,18.47090674
22011,70.18822,153.6557,21.92681453
22012,68.18276,135.8523,20.54343991
22013,64.73962,108.7094,18.23400762
22014,69.52012,132.428,19.26256508
22015,68.40112,115.1738,17.30543798
22016,68.4364,121.9109,18.2988396
22017,69.7165,113.6107,16.43249122
22018,65.8825,117.5802,19.04361436
22019,67.92953,105.9806,16.14598257
22020,67.02377,130.0163,20.3467675
22021,68.48076,122.6201,18.38145342
22022,70.66957,126.6477,17.82738873
22023,67.61492,134.6768,20.70918638
22024,73.58866,153.0783,19.87225567
22025,66.98903,119.4068,18.705831
22026,70.73654,151.4389,21.27674289
22027,70.82435,140.2097,19.65025499
22028,67.78555,110.19,16.85866806
22029,67.01787,127.3742,19.93680462
22030,67.07288,137.5581,21.49550162
22031,69.53889,129.2925,18.79633384
22032,64.16684,128.8207,21.99478268
22033,66.59597,117.7506,18.66476627
22034,66.02727,121.3984,19.57589405
22035,69.90695,127.6222,18.35865425
22036,66.31378,128.1986,20.49420326
22037,71.0924,157.3921,21.89232584
22038,69.1847,130.0327,19.09799526
22039,69.53601,139.6967,20.31056187
22040,69.43737,126.2871,18.41313719
22041,66.46531,118.2134,18.8118698
22042,69.60722,130.2072,18.89216573
22043,68.40154,126.3804,18.98905234
22044,66.58472,124.3242,19.71341401
22045,67.65364,132.7654,20.39190959
22046,65.62466,132.5228,21.6327532
22047,67.55476,138.0942,21.27251569
22048,67.67129,129.3039,19.84988698
22049,71.35689,135.5968,18.72116791
22050,67.23927,145.4296,22.61320684
22051,66.4871,119.4681,18.99907691
22052,69.16735,124.7664,18.33372426
22053,69.7819,117.0658,16.9005089
22054,66.7397,123.7996,19.53916796
22055,70.68935,140.8345,19.81328127
22056,67.5828,124.7307,19.19801483
22057,66.10625,128.8248,20.72381747
22058,70.29985,153.2173,21.79487252
22059,69.77906,141.0626,20.36652712
22060,67.07765,126.0482,19.69410708
22061,65.67584,121.7947,19.85054536
22062,65.93844,126.4153,20.43984642
22063,71.89509,127.5677,17.34992441
22064,67.92099,109.7213,16.72007629
22065,70.56492,143.6368,20.27885076
22066,64.88248,107.027,17.87284933
22067,71.8284,131.3314,17.89499222
22068,68.76645,127.0974,18.89464696
22069,66.38695,107.555,17.15617615
22070,66.21688,118.3435,18.974149
22071,70.84942,138.4765,19.39361655
22072,68.79234,125.5644,18.65269917
22073,69.99779,131.4314,18.85757319
22074,64.83696,142.2888,23.7947285
22075,66.68908,130.1091,20.56617587
22076,64.81045,115.7425,19.37127069
22077,71.13578,141.1345,19.6070528
22078,68.08155,124.9248,18.94720345
22079,66.47646,121.6753,19.35628384
22080,70.8782,153.3804,21.46346485
22081,67.83647,116.1852,17.74923559
22082,68.67074,136.5908,20.36260416
22083,69.34659,131.303,19.19463037
22084,67.01988,112.523,17.61121568
22085,63.74803,103.3567,17.87970804
22086,68.12093,113.5474,17.20170052
22087,71.9073,153.8792,20.92132956
22088,68.39398,130.7981,19.65717058
22089,69.89219,143.0116,20.58113365
22090,67.92004,132.341,20.16758384
22091,69.5779,145.1589,21.07930851
22092,67.4598,122.5588,18.93257677
22093,67.62244,123.0214,18.91273405
22094,67.1134,126.3654,19.72263873
22095,68.88195,116.6333,17.28092647
22096,66.77155,136.6336,21.5441776
22097,66.44019,130.1774,20.73142652
22098,68.75179,130.6616,19.43279536
22099,70.97369,129.0189,18.00586084
22100,67.69709,124.2238,19.05549057
22101,67.55783,117.3321,18.07260623
22102,69.39296,132.2173,19.30246543
22103,66.57,126.0029,19.98843314
22104,68.4234,114.5145,17.19517122
22105,66.2871,131.8304,21.0917617
22106,67.95212,128.0529,19.49569501
22107,67.00587,124.613,19.51160412
22108,66.13305,123.0369,19.77668974
22109,67.94284,130.1582,19.82163462
22110,66.8761,135.8472,21.35325761
22111,67.88451,131.2437,20.02130656
22112,64.79759,116.9411,19.57964406
22113,67.83546,134.9498,20.61645648
22114,68.28544,117.8027,17.76046553
22115,66.99732,136.9152,21.44332506
22116,66.70636,133.6125,21.10901309
22117,67.99473,111.8341,17.0050951
22118,68.56614,133.2531,19.92568425
22119,63.70894,125.1008,21.66779177
22120,67.39951,134.5424,20.82097281
22121,67.68099,140.1474,21.50834355
22122,64.98122,108.9518,18.13902808
22123,69.4232,123.6302,18.03311036
22124,70.00146,149.3087,21.42033423
22125,71.36114,144.8643,19.99830274
22126,66.60996,121.845,19.3056617
22127,67.09436,115.8078,18.08510803
22128,70.12298,145.3622,20.78193989
22129,66.03876,135.1259,21.78191729
22130,66.27712,129.0541,20.6537956
22131,67.62592,131.2538,20.176268
22132,65.95321,109.7856,17.74307258
22133,68.48038,130.1038,19.50351925
22134,65.65352,118.0966,19.26090495
22135,72.12181,147.585,19.94639016
22136,67.40851,146.4429,22.65657147
22137,69.88715,134.4733,19.35515828
22138,69.27105,154.4557,22.62849778
22139,71.93958,152.5295,20.71921875
22140,66.98862,115.2594,18.05633556
22141,69.88329,127.6165,18.37026702
22142,69.06831,142.8685,21.05397733
22143,68.37576,146.4785,22.02545434
22144,72.36275,141.3837,18.98123832
22145,65.32142,96.822,15.95211016
22146,67.06859,133.4834,20.86143759
22147,68.08786,124.3863,18.86203322
22148,71.55388,136.8521,18.79058991
22149,69.55143,119.9292,17.42882601
22150,68.24976,132.8025,20.04284273
22151,69.17304,120.0536,17.63830255
22152,70.54788,136.8571,19.3310179
22153,67.5523,115.2183,17.74992439
22154,66.68536,135.8133,21.47022654
22155,66.47161,121.4223,19.31885507
22156,68.24878,143.2844,21.62541495
22157,70.94761,133.8643,18.69582164
22158,67.82211,121.5944,18.58344836
22159,66.99944,123.4547,19.33395075
22160,69.05494,128.4013,18.92932995
22161,67.15164,119.0471,18.55927035
22162,69.05272,147.0719,21.6832036
22163,67.94938,113.3519,17.25890079
22164,70.70493,150.7817,21.20335415
22165,65.96851,115.2572,18.61872939
22166,65.66304,104.3101,17.0074701
22167,67.91282,121.6957,18.54927882
22168,68.97438,122.827,18.14987168
22169,69.66398,133.2072,19.29596307
22170,66.46308,147.6569,23.4989331
22171,64.40454,119.04,20.17508057
22172,67.10339,127.6042,19.92192828
22173,68.39658,110.7311,16.64010898
22174,65.04915,123.1842,20.46572247
22175,65.33805,133.3083,21.95230749
22176,69.8495,128.4304,18.50531818
22177,70.79219,116.7218,16.37331458
22178,69.86252,142.5929,20.53831133
22179,64.08728,114.6547,19.62472177
22180,67.75657,127.4783,19.52040224
22181,66.57296,125.5804,19.9196385
22182,65.95543,119.1968,19.26277311
22183,67.27865,124.621,19.3549485
22184,63.76783,119.2237,20.61173945
22185,65.67411,133.6584,21.78528224
22186,68.27234,139.0601,20.97337325
22187,66.29509,122.8579,19.651499
22188,66.30592,118.0936,18.8832645
22189,65.17403,125.2493,20.72914932
22190,65.36657,118.4034,19.4808591
22191,70.09668,134.7715,19.28228463
22192,67.49154,135.2386,20.87167558
22193,71.89162,135.7549,18.46521204
22194,70.80254,139.8002,19.60493658
22195,68.10091,95.27771,14.44244775
22196,65.66029,132.4741,21.60134084
22197,65.09694,123.0223,20.4088258
22198,66.33209,110.2627,17.61718785
22199,68.60514,139.9802,20.90781386
22200,66.0317,101.1566,16.30964814
22201,69.62638,141.8247,20.56646101
22202,67.93519,138.7177,21.12990846
22203,66.51344,117.3527,18.64788541
22204,68.79437,129.367,19.21644452
22205,69.85071,133.4628,19.22976191
22206,68.56043,126.5705,18.92957028
22207,65.15652,110.9314,18.36936136
22208,67.67203,121.017,18.57733012
22209,71.47108,133.0386,18.30932364
22210,67.893,125.5458,19.14729881
22211,65.36284,122.8713,20.21826807
22212,68.20304,126.67,19.14351267
22213,64.78973,113.3012,18.97481256
22214,66.79185,133.5896,21.05140221
22215,68.86132,124.0532,18.39130767
22216,66.84413,132.7674,20.88912387
22217,67.68374,122.9456,18.86685965
22218,69.02992,116.8819,17.24359633
22219,68.4131,145.2036,21.80992483
22220,68.72312,127.6754,19.00451611
22221,69.07539,119.1678,17.55769722
22222,64.79406,119.185,19.9575184
22223,68.20087,125.924,19.03198147
22224,70.01234,131.9024,18.91728629
22225,68.42995,132.477,19.88856113
22226,66.58476,110.4114,17.50731574
22227,68.27708,109.3802,16.49469006
22228,68.22959,153.4104,23.16672291
22229,64.99611,124.0648,20.6456792
22230,69.04964,137.6179,20.29118517
22231,66.26221,124.3251,19.90592251
22232,69.57317,148.4155,21.55514759
22233,71.58799,128.2996,17.59949839
22234,64.67557,122.1539,20.52967775
22235,64.75449,126.3476,21.18276008
22236,68.73197,133.4295,19.85590105
22237,67.67754,141.1335,21.66188812
22238,67.92076,125.3999,19.10941718
22239,66.36387,115.1711,18.38380615
22240,64.70157,123.7421,20.7798864
22241,66.85773,131.6002,20.69705817
22242,67.53255,129.7075,19.9937435
22243,66.06081,125.8923,20.27994179
22244,68.08335,131.1495,19.89024491
22245,70.50547,131.9548,18.66099918
22246,65.92983,122.5229,19.81566633
22247,69.70668,125.4368,18.14811381
22248,70.89685,150.7064,21.07818159
22249,67.66278,115.7167,17.7685378
22250,70.95408,136.2602,19.02696856
22251,71.28145,140.2041,19.39826947
22252,68.15606,147.0766,22.25819555
22253,67.59876,113.8641,17.51719981
22254,67.48336,136.762,21.11190254
22255,68.24318,118.4243,17.87630021
22256,66.80036,135.7861,21.39208098
22257,67.16489,121.1942,18.88654621
22258,69.37906,129.4147,18.9008838
22259,68.19199,127.1902,19.22836009
22260,67.68815,133.5415,20.49020419
22261,70.95609,134.0273,18.71411276
22262,70.27042,133.8297,19.05297207
22263,66.56488,135.5664,21.50884459
22264,70.52776,140.0465,19.79280761
22265,69.02233,131.4256,19.39349408
22266,72.34913,140.7812,18.90746746
22267,67.03635,124.2948,19.44408744
22268,69.90606,143.0028,20.57170156
22269,71.44901,130.5197,17.97376093
22270,68.37323,121.8766,18.32750985
22271,66.7327,107.9074,17.03449096
22272,64.94584,104.0162,17.33618897
22273,66.81655,107.7306,16.96392363
22274,69.28764,122.0171,17.86752859
22275,69.39732,116.0082,16.93396333
22276,65.91704,116.9297,18.91841579
22277,64.86837,115.2735,19.25833931
22278,63.55164,119.2598,20.75849563
22279,70.44002,149.2576,21.14719831
22280,68.09522,117.641,17.83531475
22281,68.10961,126.8252,19.21958889
22282,67.27297,146.7294,22.79246327
22283,64.1425,91.37972,15.6139715
22284,64.02389,92.55327,15.87314476
22285,66.53104,139.6883,22.18537288
22286,66.97558,125.6853,19.69730658
22287,70.25009,142.8251,20.3453934
22288,68.34103,121.3014,18.25820582
22289,67.49306,124.8288,19.26424014
22290,68.9249,136.115,20.14229829
22291,68.2984,139.7633,21.06334843
22292,67.57662,122.0482,18.78857195
22293,68.30339,113.878,17.15973744
22294,64.49314,136.2782,23.03322073
22295,70.97046,138.3778,19.31374559
22296,66.36863,134.281,21.43108634
22297,63.76287,112.4485,19.44344779
22298,67.57329,119.1817,18.3491002
22299,67.92684,141.4374,21.54947859
22300,66.16697,113.6853,18.25480266
22301,66.34329,135.2088,21.5956497
22302,69.95923,139.5936,20.05075779
22303,68.90018,124.9902,18.50932474
22304,68.56348,136.245,20.3746517
22305,68.30793,141.0644,21.25350207
22306,69.43004,133.9346,19.53229519
22307,67.64037,122.9113,18.88579138
22308,71.4182,132.1873,18.21911414
22309,69.04964,142.7013,21.04071129
22310,67.39319,121.8913,18.86670272
22311,69.45379,129.8532,18.92413695
22312,63.44375,109.1048,19.05555018
22313,68.43154,135.2451,20.30318805
22314,65.74265,118.765,19.31743174
22315,69.89797,139.0575,20.00878033
22316,69.04994,126.7366,18.68662051
22317,70.71294,118.9324,16.7208257
22318,66.53418,113.3842,18.00604154
22319,66.23135,111.8218,17.9206843
22320,68.21149,121.5553,18.3659819
22321,65.49434,117.2374,19.21383087
22322,66.9114,137.1524,21.53567572
22323,64.09729,112.0671,19.17582786
22324,68.66012,129.1182,19.25456324
22325,70.23702,130.4602,18.59093407
22326,64.64689,116.0481,19.52082129
22327,66.20455,119.7629,19.20887599
22328,68.73289,118.1634,17.58365256
22329,67.14691,143.8829,22.4342959
22330,65.14466,128.5075,21.2875733
22331,64.89881,118.0226,19.69912952
22332,68.72325,126.7209,18.86236717
22333,68.02931,127.2642,19.33167319
22334,65.49921,138.8997,22.76064206
22335,70.07897,124.0463,17.75675979
22336,65.80961,122.0785,19.8159946
22337,68.17208,126.3151,19.10722005
22338,68.34963,116.8118,17.57800993
22339,70.21958,133.1982,18.99053614
22340,68.84447,135.5874,20.11113291
22341,67.94979,121.2596,18.46270024
22342,65.27381,105.3339,17.37983157
22343,66.23461,126.2458,20.23029878
22344,67.1436,111.9571,17.45812987
22345,65.90468,126.1104,20.41144339
22346,69.99086,147.0435,21.10175113
22347,65.17115,122.095,20.20888884
22348,69.63168,149.5493,21.68332916
22349,66.90136,127.7358,20.06310124
22350,64.91721,127.0199,21.18885058
22351,71.97009,144.7114,19.64056507
22352,65.46509,114.3207,18.75256422
22353,69.56498,142.8489,20.75156697
22354,68.3429,136.2659,20.50952996
22355,63.43363,130.6775,22.83058359
22356,65.46842,122.375,20.07170706
22357,67.08889,111.5552,17.42384228
22358,69.81623,133.9541,19.3196186
22359,67.95191,124.754,18.99356413
22360,69.45766,123.6822,18.02279864
22361,66.40296,126.6477,20.19192638
22362,68.39926,122.2508,18.36979156
22363,68.96552,122.0338,18.03729589
22364,70.89678,159.438,22.29944947
22365,67.65672,145.5204,22.34896041
22366,67.53701,120.4889,18.57029083
22367,66.81162,118.2279,18.61964069
22368,69.88334,133.8676,19.27007902
22369,68.6168,134.1446,20.02938427
22370,67.45962,122.1682,18.87233857
22371,70.80403,144.2832,20.23276028
22372,67.18316,135.5907,21.11856347
22373,68.50765,134.9876,20.21953019
22374,68.76787,128.1724,19.05367249
22375,68.43434,126.9071,19.0499166
22376,66.47823,111.5383,17.74273028
22377,67.34436,121.6583,18.85795559
22378,65.02414,129.485,21.529084
22379,67.19022,111.6239,17.38202583
22380,68.52752,114.7147,17.17292877
22381,68.88508,139.316,20.63982389
22382,66.13478,114.642,18.42634731
22383,67.98273,132.5035,20.15512397
22384,69.229,123.9145,18.17612652
22385,69.38501,119.8229,17.49701004
22386,68.09481,122.3788,18.55382647
22387,68.35242,138.5489,20.84733843
22388,68.641,125.5334,18.73041555
22389,70.81774,123.9536,17.37522125
22390,67.41551,146.1271,22.60301857
22391,70.62572,144.159,20.3175487
22392,66.74351,118.2665,18.66375329
22393,70.06192,124.4469,17.82277557
22394,67.44022,140.4945,21.71584291
22395,67.20582,112.23,17.46829506
22396,68.96137,121.5742,17.97152718
22397,67.16343,118.3616,18.44592412
22398,69.11617,127.4023,18.74879088
22399,67.19284,119.2573,18.56924741
22400,70.04124,127.3701,18.25219763
22401,65.39474,118.9921,19.56085435
22402,69.78766,136.6437,19.72366716
22403,65.78283,106.2273,17.25704223
22404,70.85273,136.7051,19.14374342
22405,67.26176,114.9494,17.8618147
22406,65.82405,117.3282,19.03656268
22407,67.87583,118.4041,18.06723775
22408,68.89097,131.2082,19.43532033
22409,68.26679,146.8878,22.1575678
22410,69.18241,106.3253,15.61710637
22411,70.00856,126.6624,18.1677334
22412,67.79094,130.9155,20.02640902
22413,71.07725,142.6734,19.85350104
22414,68.53121,125.742,18.82170183
22415,70.69622,130.7612,18.39254535
22416,68.34285,122.5753,18.44896975
22417,67.88412,131.1011,19.99978264
22418,69.09173,119.5692,17.60850618
22419,64.19111,131.5028,22.43574803
22420,65.58191,114.5981,18.73115771
22421,67.00245,135.268,21.18210064
22422,72.50619,141.3209,18.89781313
22423,67.29625,123.9061,19.23385262
22424,64.37806,122.5322,20.78403119
22425,66.53719,106.8997,16.97473097
22426,66.73451,120.6642,19.04727319
22427,67.1243,126.1548,19.68337493
22428,68.93399,141.4405,20.92484619
22429,68.1547,121.1812,18.33998402
22430,64.69305,105.483,17.71832014
22431,70.17224,135.2665,19.31145061
22432,65.44791,119.2957,19.5789118
22433,66.75949,133.259,21.01966811
22434,72.58158,159.1321,21.23539204
22435,66.85111,120.6395,18.97700221
22436,67.85314,132.4666,20.22655009
22437,66.56029,115.992,18.40572593
22438,66.60117,105.015,16.64343424
22439,68.16608,137.8016,20.8484103
22440,68.02612,131.4764,19.97338748
22441,70.43453,134.9766,19.12681104
22442,70.448,122.5178,17.35470271
22443,66.79366,121.7954,19.19180083
22444,67.93008,104.9369,15.9867176
22445,67.53134,120.2005,18.52895235
22446,64.0635,110.7893,18.97718623
22447,67.46311,122.3789,18.90293123
22448,65.64829,106.5113,17.3741743
22449,65.50176,127.0283,20.81372788
22450,65.19088,137.0147,22.66463879
22451,73.55973,143.8236,18.68552167
22452,67.48872,128.3561,19.81113946
22453,71.66711,136.453,18.67663493
22454,66.5003,134.2579,21.34263149
22455,70.47009,134.5955,19.05356355
22456,68.77001,104.3631,15.51329749
22457,66.6715,133.7417,21.15152632
22458,66.8153,119.2792,18.78314007
22459,67.02357,146.3363,22.90088583
22460,67.20076,133.7343,20.8185158
22461,70.29408,122.478,17.42512525
22462,67.91383,130.3713,19.87105268
22463,65.94586,106.4359,17.20554324
22464,67.94159,127.6529,19.44082085
22465,68.59362,121.6743,18.17970096
22466,67.31884,102.4131,15.88684248
22467,69.48282,132.2356,19.25523586
22468,67.43331,102.8806,15.90522649
22469,68.54895,127.8072,19.12093089
22470,67.08363,123.5613,19.30210546
22471,68.71345,123.6214,18.40625667
22472,74.51784,146.9867,18.60856351
22473,71.11623,126.5249,17.58708555
22474,66.6034,132.068,20.92956136
22475,65.16296,131.9835,21.85110272
22476,67.40019,119.562,18.50232284
22477,70.16146,129.2907,18.46398235
22478,65.61241,125.0266,20.41671028
22479,69.34532,142.6343,20.85186896
22480,70.28985,120.4244,17.13501872
22481,63.28424,102.8488,18.05358338
22482,67.56905,138.245,21.28673884
22483,64.16839,117.9972,20.14581035
22484,68.38401,113.6476,17.08466493
22485,63.44102,105.99,18.51313224
22486,70.16228,152.0325,21.71122735
22487,67.14157,119.621,18.65433489
22488,67.3811,134.1843,20.77690418
22489,71.23103,135.0203,18.70750823
22490,71.63547,135.9923,18.63002401
22491,69.82003,141.106,20.34889092
22492,63.77542,117.014,20.22490525
22493,68.54253,133.6109,19.99295336
22494,64.10125,112.2048,19.19701764
22495,67.39109,142.0633,21.9903561
22496,69.56071,117.9541,17.13721929
22497,67.46663,132.0557,20.395504
22498,66.90103,114.3497,17.96076151
22499,66.12243,122.077,19.62870111
22500,65.6892,118.8169,19.35733636
22501,65.1204,118.9654,19.7215877
22502,67.16597,126.5318,19.71770791
22503,67.33179,132.7412,20.58357205
22504,65.43456,132.9256,21.82476527
22505,71.01314,144.9404,20.20539513
22506,67.13382,139.0221,21.68485137
22507,70.73742,139.8123,19.64274929
22508,61.5772,96.8142,17.94958913
22509,65.29383,126.8247,20.91292984
22510,68.56296,129.1019,19.30673526
22511,67.5144,122.6961,18.92314245
22512,72.21583,141.0306,19.01095196
22513,70.28404,128.3399,18.26432334
22514,71.11178,143.1083,19.89468414
22515,65.76568,130.449,21.20300664
22516,68.03973,128.1704,19.46336386
22517,68.16794,130.1159,19.68454383
22518,66.20705,121.4541,19.47865791
22519,67.45865,135.8331,20.98387284
22520,68.06964,107.1248,16.25318361
22521,68.40912,142.847,21.45845459
22522,68.36422,129.5642,19.48868862
22523,68.2454,147.5186,22.26667344
22524,68.48681,138.3336,20.73333325
22525,67.05044,128.3177,20.0649752
22526,70.19008,130.5503,18.62866464
22527,69.81118,129.5179,18.68250734
22528,70.02186,147.9327,21.21056432
22529,65.66764,126.892,20.68648727
22530,68.29689,128.3698,19.34712038
22531,68.96595,113.4953,16.77504741
22532,64.81674,125.2063,20.9511149
22533,67.12839,125.9876,19.65489217
22534,68.09125,106.3661,16.12783037
22535,68.70922,133.285,19.84753446
22536,68.68883,102.1817,15.22496177
22537,66.17566,105.552,16.9443623
22538,66.59899,112.7548,17.87125608
22539,66.343,108.918,17.39661573
22540,69.56934,147.6161,21.44140725
22541,70.46931,121.3031,17.17224937
22542,69.28264,134.4014,19.68385973
22543,65.39677,118.5694,19.49015755
22544,65.71084,117.2162,19.08397879
22545,68.83017,137.2144,20.36091691
22546,66.59626,119.4922,18.94066408
22547,64.3308,120.3128,20.43756987
22548,68.47765,137.3295,20.58834647
22549,65.57002,122.3498,20.00543304
22550,70.5056,139.8634,19.77935754
22551,64.50765,117.6468,19.87526839
22552,65.13344,115.206,19.09072366
22553,64.89306,118.7128,19.81784222
22554,68.39202,120.7594,18.1495311
22555,67.7322,135.0784,20.69907169
22556,68.13899,132.4274,20.05126578
22557,65.15771,127.3552,21.08824228
22558,67.62358,116.1185,17.85091265
22559,66.69655,129.1073,20.40325156
22560,68.34154,120.2991,18.10707004
22561,70.32266,137.2463,19.51036483
22562,72.36994,161.072,21.62016237
22563,71.00524,135.5327,18.89812058
22564,67.51452,117.0815,18.05715118
22565,68.86769,134.6847,19.96376994
22566,71.92456,140.8061,19.13473126
22567,69.60134,137.1303,19.90002167
22568,71.14383,145.1859,20.16532766
22569,69.61626,119.6241,17.3521236
22570,68.93692,131.6676,19.477378
22571,69.42922,132.3479,19.30135538
22572,67.17672,140.0865,21.82297825
22573,69.72196,128.3285,18.55834604
22574,70.60744,132.7756,18.72288054
22575,67.34019,127.3799,19.74729226
22576,66.31079,126.9478,20.29607692
22577,67.23639,129.5258,20.1420112
22578,66.2918,121.0966,19.3716963
22579,69.50398,136.2028,19.82083801
22580,66.49436,113.3199,18.01739032
22581,70.58993,133.791,18.87542428
22582,68.92044,139.3391,20.62206936
22583,71.77031,132.9198,18.14075508
22584,68.50443,119.7086,17.93260418
22585,69.39218,115.8239,16.90956544
22586,68.6537,126.212,18.82470061
22587,66.18463,133.7102,21.45880695
22588,68.33578,125.5068,18.89410262
22589,66.10103,120.5161,19.39027375
22590,67.31834,134.4938,20.86367423
22591,68.14329,140.9484,21.33876496
22592,67.54457,113.9351,17.55625905
22593,68.89329,132.902,19.68488997
22594,67.78014,114.3622,17.49979267
22595,72.29726,130.9845,17.61698381
22596,69.89756,138.4082,19.91558714
22597,68.68682,129.1788,19.24862671
22598,68.22197,129.9893,19.63425458
22599,68.06326,122.2425,18.55034774
22600,70.50201,121.5432,17.1902817
22601,66.80934,127.5672,20.09185269
22602,65.84644,114.6007,18.58138132
22603,65.26085,108.4305,17.89786934
22604,67.03193,124.5872,19.49239946
22605,69.69241,134.7945,19.50996684
22606,67.68945,126.7584,19.44867876
22607,64.90842,115.6715,19.3009914
22608,69.7312,145.1096,20.97959944
22609,70.9839,149.7127,20.88787474
22610,65.35669,113.8631,18.73950998
22611,70.94864,141.6714,19.78560619
22612,66.61118,127.3027,20.16966502
22613,67.8403,126.3388,19.29818889
22614,70.30731,113.6596,16.16443334
22615,67.19256,118.4278,18.44024178
22616,72.6701,153.4343,20.42519755
22617,69.11157,146.5177,21.56472379
22618,65.42909,96.09124,15.77964987
22619,66.69501,115.1204,18.19369588
22620,67.2699,119.5571,18.57330254
22621,66.82154,106.1513,16.71274095
22622,66.56659,120.8269,19.16930371
22623,68.05305,121.1583,18.39133722
22624,69.85664,127.7646,18.40562116
22625,69.45607,112.218,16.35300001
22626,65.00963,133.8473,22.26432595
22627,70.59848,142.1744,20.05330816
22628,70.32798,145.7059,20.70981292
22629,71.92476,137.7201,18.7152577
22630,72.18595,134.2977,18.11834593
22631,68.29702,125.3716,18.89517786
22632,72.45555,135.889,18.19685409
22633,67.70906,116.7369,17.90069579
22634,65.63799,127.0389,20.72915041
22635,68.38226,140.6609,21.14666167
22636,65.644,134.9545,22.01672013
22637,69.68159,129.241,18.71197079
22638,69.47913,151.5039,22.06329614
22639,72.95987,156.0008,20.60222128
22640,69.56484,129.0326,18.74455749
22641,70.69665,130.411,18.34306395
22642,66.5653,130.9523,20.7765134
22643,66.0725,113.1841,18.22633161
22644,68.68202,131.7641,19.63660055
22645,64.4832,117.5189,19.86871957
22646,66.84969,112.0469,17.6261059
22647,66.68227,105.1667,16.62695878
22648,68.65461,122.6123,18.2873154
22649,69.72195,118.0798,17.0762256
22650,69.39789,117.1566,17.10131679
22651,70.61082,125.1074,17.63988761
22652,66.22358,110.4053,17.69782669
22653,70.31099,126.7549,18.02493287
22654,68.85282,134.3575,19.92387345
22655,69.84827,129.8123,18.70509257
22656,69.80382,120.1583,17.33607273
22657,66.79719,113.3404,17.85762422
22658,68.78234,136.1364,20.22905959
22659,68.63042,142.019,21.19671019
22660,67.06382,138.7234,21.68345457
22661,66.47369,111.6471,17.76246344
22662,67.0678,121.6606,19.0141606
22663,70.53877,153.2208,21.64797539
22664,69.15369,123.9976,18.22795245
22665,66.29498,125.3838,20.05559103
22666,66.87256,133.81,21.03526548
22667,67.12544,134.5897,20.99872177
22668,69.56909,131.9905,19.17190878
22669,67.03174,136.702,21.38795234
22670,66.4968,127.9662,20.34459767
22671,67.5556,109.1244,16.80948789
22672,67.93723,149.1814,22.7224069
22673,66.27955,131.2398,21.00205457
22674,70.08345,127.6921,18.2763055
22675,67.35558,112.0268,17.35921553
22676,64.76129,135.324,22.68293088
22677,69.37296,119.6408,17.47648879
22678,68.95501,122.0693,18.04804344
22679,67.90465,120.3374,18.34665603
22680,66.71124,117.9071,18.62504181
22681,65.76897,119.6472,19.44535086
22682,69.74997,139.8994,20.21543666
22683,68.41754,144.6354,21.72176028
22684,70.48365,141.2387,19.98629368
22685,68.69947,126.1275,18.78703911
22686,67.91544,139.3144,21.23314358
22687,64.26003,138.8967,23.6464203
22688,69.46549,139.5814,20.335023
22689,72.00386,126.9035,17.20748373
22690,68.50887,137.5104,20.59668191
22691,68.6786,148.859,22.1864366
22692,69.89895,128.7758,18.52884199
22693,68.57138,138.3081,20.67841089
22694,68.97025,144.2462,21.31749185
22695,68.34718,115.801,17.4271526
22696,72.38993,135.652,18.19806504
22697,70.20578,142.9711,20.3919072
22698,69.75085,129.6653,18.73613838
22699,64.09194,119.3224,20.42069271
22700,71.43266,131.4454,18.10952554
22701,67.37224,135.8829,21.04544716
22702,66.33348,126.2756,20.17479832
22703,65.95623,109.4862,17.69306448
22704,69.41866,129.0734,18.8295362
22705,66.28843,108.9547,17.43114148
22706,71.46665,149.7074,20.60590736
22707,71.51152,132.7706,18.25177996
22708,69.24771,121.9716,17.88146981
22709,69.53177,144.4003,20.99698078
22710,67.22302,103.2602,16.06394647
22711,67.93135,129.3014,19.69781532
22712,66.47411,124.7407,19.84533521
22713,68.31675,139.713,21.04445814
22714,73.35404,150.7569,19.69629082
22715,67.46996,125.8104,19.42902302
22716,68.76208,145.3668,21.61337281
22717,66.09377,139.3107,22.41912972
22718,67.45004,123.2179,19.03990183
22719,67.8148,123.4598,18.87260818
22720,67.34877,126.6511,19.6293064
22721,71.09293,136.7007,19.01398892
22722,66.02176,142.9777,23.05947612
22723,66.60069,127.9869,20.28445707
22724,69.93282,138.0167,19.83923317
22725,68.7928,138.5455,20.58077745
22726,65.98657,111.6272,18.02246737
22727,66.96658,125.4782,19.67013611
22728,68.02571,120.8518,18.35956054
22729,67.76658,132.3844,20.26567154
22730,71.68362,121.7687,16.65908472
22731,68.13284,137.313,20.79476402
22732,66.94959,124.8775,19.58590652
22733,68.59926,130.122,19.43869892
22734,68.17404,138.4723,20.94499055
22735,65.94969,128.6623,20.79606273
22736,67.78038,145.0523,22.19585842
22737,69.16229,133.4977,19.61961041
22738,68.84495,135.0473,20.03074273
22739,62.87593,87.80417,15.61354874
22740,65.38831,114.5963,18.8419434
22741,69.61852,138.186,20.04332635
22742,68.48205,117.8466,17.66521296
22743,64.11049,120.9648,20.68979294
22744,69.87984,144.6479,20.82397598
22745,67.76735,124.5242,19.06198305
22746,67.35451,131.093,20.31428145
22747,70.00347,141.6283,20.31731112
22748,67.782,128.6523,19.68539445
22749,70.91393,133.8196,18.70733588
22750,65.724,116.8975,19.02447034
22751,69.41139,111.6991,16.29834535
22752,67.93682,132.6835,20.20979067
22753,68.58455,127.992,19.12870473
22754,69.50539,133.2801,19.39472678
22755,68.94904,128.2592,18.96650912
22756,66.66785,137.9687,21.82242442
22757,66.40117,126.7388,20.20754024
22758,64.44764,114.5613,19.39006304
22759,70.69015,129.7884,18.25884901
22760,68.25112,128.0135,19.31930646
22761,67.4473,139.9757,21.63111145
22762,65.36833,136.6826,22.48711685
22763,67.34133,133.5039,20.69597537
22764,66.46421,123.7168,19.68830412
22765,69.82447,127.4811,18.38170667
22766,64.73067,112.8504,18.9338191
22767,68.26578,123.2698,18.59541618
22768,68.95561,109.0392,16.1212522
22769,64.58086,119.146,20.08293319
22770,74.19842,141.6148,18.08317368
22771,66.6644,121.794,19.26607602
22772,68.02958,132.4556,20.12009699
22773,69.7998,152.4869,22.00287867
22774,68.71084,119.4949,17.79320488
22775,68.62699,133.9088,19.98823935
22776,66.32223,134.6167,21.51473614
22777,68.55855,132.8311,19.86697964
22778,68.53141,135.5661,20.29210462
22779,62.48689,111.8165,20.13183669
22780,68.00704,110.0622,16.72960817
22781,66.30784,137.3814,21.96612755
22782,67.82081,120.6221,18.43555708
22783,67.83951,133.1991,20.34657018
22784,69.5902,111.5373,16.19120916
22785,67.87211,141.0278,21.52173872
22786,67.74583,102.3371,15.67556831
22787,64.71388,101.4857,17.03590847
22788,71.13759,146.4352,20.34241517
22789,68.46782,143.5551,21.52786447
22790,67.8517,124.7309,19.04618132
22791,67.49456,121.203,18.70385614
22792,68.90683,126.8225,18.77703834
22793,66.26091,108.851,17.42901952
22794,68.79987,141.3204,20.98867138
22795,68.59418,114.3444,17.08424093
22796,65.34823,114.1506,18.79169114
22797,69.42848,141.8919,20.69367454
22798,71.12497,141.1445,19.61440291
22799,67.55908,122.9483,18.936966
22800,66.396,119.9881,19.13417179
22801,68.62226,119.503,17.84037993
22802,67.72435,136.7854,20.96550746
22803,68.47464,123.3189,18.48951213
22804,68.21036,117.8225,17.8025771
22805,72.93173,137.7735,18.20907922
22806,66.67029,123.5324,19.53761357
22807,69.46618,133.0678,19.38569909
22808,69.70422,116.2886,16.82574581
22809,64.06811,127.9847,21.91944505
22810,68.24092,122.1935,18.44648755
22811,65.17573,124.5714,20.61587926
22812,65.69849,123.4044,20.09903442
22813,66.12188,121.0018,19.4561439
22814,66.75351,113.6246,17.9258385
22815,67.124,130.327,20.33452659
22816,68.13272,126.5551,19.16564863
22817,67.68052,133.1014,20.42728156
22818,67.62642,101.6002,15.61770061
22819,68.10599,119.3721,18.09203997
22820,67.87029,128.1651,19.55985793
22821,65.92455,122.2294,19.77136515
22822,68.17315,141.5252,21.40732387
22823,69.90983,142.9065,20.55563113
22824,70.66076,137.2266,19.32133007
22825,66.01225,124.1513,20.02891968
22826,68.1509,132.5444,20.06196727
22827,64.74223,116.3991,19.52223961
22828,67.10415,140.3787,21.91582289
22829,71.26494,126.1828,17.46640948
22830,64.91946,130.5654,21.77878418
22831,65.50098,125.5682,20.57497889
22832,68.43887,120.3856,18.06858762
22833,64.33844,111.7705,18.98197801
22834,67.68823,129.9065,19.93241366
22835,66.06957,123.5877,19.90341573
22836,68.48965,124.2906,18.62703437
22837,67.35924,129.934,20.1318542
22838,67.16705,118.2155,18.42116955
22839,66.10219,125.8852,20.25341693
22840,69.4862,124.0363,18.05955329
22841,70.51144,140.7336,19.89912381
22842,68.89049,125.4419,18.58144143
22843,67.11289,115.4696,18.02233694
22844,69.51603,139.5932,20.30718214
22845,68.86244,131.8509,19.5467073
22846,67.76488,133.5444,20.44427241
22847,65.95197,126.4559,20.43802268
22848,65.55731,110.9407,18.14696397
22849,72.43314,128.1583,17.17225932
22850,68.05046,126.5532,19.21172342
22851,63.42692,114.5877,20.02378079
22852,70.12328,133.688,19.11275564
22853,65.79126,110.9996,18.02770036
22854,68.70108,135.9715,20.25238081
22855,73.28207,137.8167,18.04104604
22856,68.99273,147.8318,21.8331566
22857,67.82843,135.2744,20.67033008
22858,62.94505,122.372,21.71271927
22859,69.51628,126.2618,18.36767785
22860,67.94096,116.288,17.71033875
22861,68.50625,132.962,19.91693353
22862,67.95033,114.1483,17.37967427
22863,68.24256,128.3786,19.37926671
22864,66.74548,120.3706,18.99468208
22865,68.97078,134.1704,19.82813032
22866,67.89432,119.747,18.26219942
22867,67.79059,128.8443,19.70977688
22868,69.35969,151.1659,22.08995709
22869,67.25605,119.6419,18.59413209
22870,69.23614,143.8642,21.09805233
22871,66.1292,119.0279,19.13451941
22872,67.91232,136.3911,20.78950855
22873,69.75562,108.6263,15.69393703
22874,64.53749,114.2815,19.28888463
22875,67.63726,119.2335,18.32236817
22876,64.64337,103.3826,17.39221106
22877,68.76465,135.6549,20.1678841
22878,68.35968,125.3602,18.85883927
22879,67.15012,110.7928,17.27321891
22880,67.86118,110.2807,16.83495752
22881,65.15809,111.8642,18.522933
22882,68.62459,147.1759,21.97012358
22883,69.70212,107.5978,15.56921592
22884,65.83099,119.0626,19.31389716
22885,66.5626,108.4966,17.21515347
22886,68.09845,118.1344,17.90841916
22887,71.05128,146.987,20.46870838
22888,67.73185,113.9887,17.46752003
22889,70.68351,137.5274,19.35121965
22890,66.52891,121.9112,19.36324386
22891,69.66816,132.621,19.20874283
22892,69.14886,118.2569,17.38648403
22893,68.16218,125.9458,19.05689191
22894,66.39514,129.8475,20.70695957
22895,69.00165,122.8649,18.14112454
22896,67.50031,118.3179,18.25552147
22897,69.70684,143.0038,20.68960085
22898,66.12548,130.5276,20.98553293
22899,69.3575,143.6705,20.99597597
22900,71.21111,123.7803,17.15976537
22901,70.30626,127.5549,18.14113603
22902,68.79866,113.9144,16.91897283
22903,67.98332,129.6498,19.720705
22904,67.04034,136.5138,21.35302775
22905,65.51177,125.8274,20.61065914
22906,67.5647,121.5267,18.71489197
22907,65.31898,112.9453,18.60992829
22908,68.67641,133.8246,19.94693211
22909,69.69018,108.3043,15.67681568
22910,67.58645,128.7129,19.80879827
22911,69.02146,131.7672,19.44439161
22912,71.22346,134.1668,18.59320473
22913,66.68869,121.3149,19.17631243
22914,68.89188,116.5565,17.26456936
22915,70.25429,132.284,18.84156381
22916,66.69163,113.6064,17.95624237
22917,71.23552,149.4307,20.70150683
22918,72.23127,136.0526,18.33207684
22919,69.14796,127.1588,18.69575472
22920,68.3997,137.7419,20.69726692
22921,69.1157,137.5853,20.24761799
22922,67.44534,123.8531,19.14072174
22923,67.22197,120.25,18.70759411
22924,68.34089,123.5174,18.59183283
22925,68.42363,130.5575,19.60401062
22926,70.02078,101.0972,14.49574578
22927,70.21496,126.4946,18.03715368
22928,66.38077,133.6296,21.31932361
22929,66.71388,115.4801,18.24022022
22930,64.1655,117.12,19.99784616
22931,71.24956,137.0562,18.97971287
22932,69.89254,147.3662,21.20760191
22933,68.98321,135.968,20.08654469
22934,64.57034,129.1319,21.77322295
22935,67.41889,116.1147,17.95888352
22936,69.98766,137.7019,19.76297453
22937,70.43488,133.2956,18.88841781
22938,65.75904,116.6186,18.95886
22939,64.11045,115.4852,19.752588
22940,66.59156,134.6647,21.34866464
22941,67.27675,137.0794,21.29107123
22942,69.17155,136.9795,20.1259267
22943,69.6518,130.5147,18.91254898
22944,66.32536,128.4373,20.52519352
22945,64.03352,114.4831,19.62826684
22946,61.92639,78.01476,14.30146655
22947,67.7671,117.9652,18.05807412
22948,66.40118,109.6265,17.47910855
22949,66.88433,124.1093,19.50342521
22950,68.2887,122.8747,18.52337441
22951,66.1441,116.6754,18.74789016
22952,70.22583,140.134,19.97584144
22953,68.68353,137.0244,20.41963706
22954,71.08882,137.2922,19.09847007
22955,64.53211,112.4629,18.98509927
22956,66.54164,115.2955,18.30546145
22957,67.46281,130.815,20.20617068
22958,68.0421,121.023,18.37671253
22959,65.46687,124.5001,20.42122875
22960,68.52141,113.6681,17.01928628
22961,67.96073,126.2877,19.22207681
22962,66.57412,121.4992,19.2716045
22963,67.40978,137.7122,21.3050188
22964,67.55044,146.7738,22.61244372
22965,64.99509,110.056,18.31504333
22966,68.29555,135.3666,20.40243638
22967,65.96557,133.8862,21.62999911
22968,68.96821,134.2673,19.84392933
22969,69.15112,119.7562,17.60576477
22970,68.56283,128.7529,19.25461656
22971,69.75078,136.582,19.73561461
22972,67.47683,102.3792,15.80730064
22973,70.38587,126.0902,17.89228027
22974,68.33742,135.0531,20.33025029
22975,68.81973,142.3251,21.12568957
22976,68.62357,110.3801,16.47781008
22977,63.33985,102.0817,17.88747986
22978,69.12711,117.5758,17.29722625
22979,67.89769,121.003,18.45191582
22980,66.45348,137.254,21.84966976
22981,65.60765,117.6409,19.21342101
22982,69.61332,124.3246,18.03547988
22983,65.2444,100.6039,16.61436161
22984,70.00592,138.7949,19.90945164
22985,68.27914,126.7719,19.11622967
22986,68.01894,140.9059,21.41040014
22987,66.99443,125.0889,19.59280904
22988,66.27568,120.1084,19.22296264
22989,67.53537,142.9972,22.0404416
22990,66.97235,112.1711,17.58106693
22991,70.63806,145.3795,20.48240595
22992,62.8996,122.5734,21.77989545
22993,69.89458,138.0427,19.86468904
22994,71.93148,145.0405,19.70636948
22995,68.87022,125.7048,18.63134663
22996,68.93,132.8748,19.65990396
22997,64.69495,125.4599,21.07266674
22998,68.70088,125.097,18.63277844
22999,69.00687,141.8557,20.94196637
23000,67.0541,127.0649,19.86690653
23001,66.03227,105.2789,16.97400043
23002,65.47238,123.0281,20.17638634
23003,68.47197,116.8453,17.52027533
23004,72.86624,155.6909,20.61416911
23005,69.44922,122.5776,17.86617954
23006,67.63052,125.2892,19.25677286
23007,68.2045,100.3754,15.16898616
23008,66.53317,124.1705,19.71956465
23009,67.27027,129.1828,20.06844289
23010,65.41871,117.4206,19.28837622
23011,71.23007,141.3686,19.58761413
23012,65.94361,116.2995,18.80129379
23013,68.6177,135.2373,20.19200769
23014,70.50911,124.1658,17.55766872
23015,69.85115,120.489,17.36023516
23016,71.86882,124.1575,16.89846496
23017,69.08754,132.1762,19.46745273
23018,68.19593,127.1534,19.22057562
23019,70.29545,123.0092,17.50001771
23020,66.37047,119.1916,19.02178149
23021,69.81223,135.2679,19.51133794
23022,67.11791,109.1436,17.03243541
23023,66.40278,119.7731,19.09598618
23024,66.84852,138.8225,21.8389419
23025,69.11523,131.8907,19.40984124
23026,70.68754,133.2559,18.74804709
23027,65.23047,125.7246,20.77182103
23028,67.79963,131.9513,20.17968351
23029,67.81254,129.5695,19.80788402
23030,68.18637,114.497,17.31228094
23031,64.72897,113.9349,19.11677848
23032,67.22249,131.9605,20.52910836
23033,67.93339,115.2966,17.56326488
23034,66.48779,120.5557,19.1716406
23035,66.56398,120.0062,19.04059196
23036,66.75188,105.1257,16.58583048
23037,66.02021,126.5255,20.40701973
23038,67.9585,127.2612,19.37152316
23039,67.75219,110.8899,16.9824616
23040,73.95494,154.3987,19.84561611
23041,68.63039,141.3375,21.09501296
23042,62.37478,129.29,23.36157973
23043,68.14198,140.1522,21.21904076
23044,68.18139,117.3218,17.74199044
23045,69.02633,120.1428,17.72652092
23046,66.65396,107.1014,16.94722361
23047,70.08721,141.2284,20.21155928
23048,67.67278,118.0272,18.11796407
23049,67.75081,117.2739,17.96088406
23050,69.23325,126.2547,18.51712001
23051,66.37194,110.396,17.61731173
23052,70.10608,147.4051,21.08416793
23053,69.31002,138.6833,20.29492468
23054,68.90824,136.5244,20.21265142
23055,68.92139,134.8939,19.96363315
23056,67.23139,132.9597,20.67907798
23057,65.72498,138.466,22.53396141
23058,65.644,115.7868,18.88966704
23059,67.33561,143.0319,22.17678751
23060,69.78481,131.0816,18.92235814
23061,70.59255,139.4271,19.66911317
23062,68.63899,122.564,18.28843244
23063,65.88659,127.421,20.63489542
23064,68.58695,138.1849,20.65061226
23065,72.62181,131.941,17.58737236
23066,67.19948,126.541,19.69948
23067,63.83059,95.14852,16.41722102
23068,66.5739,121.3202,19.24333959
23069,68.18941,124.102,18.76291193
23070,67.36899,131.4176,20.35582853
23071,67.99917,126.5831,19.24526204
23072,64.31329,110.9314,18.8542111
23073,69.79204,145.3659,20.98002884
23074,68.63117,136.1348,20.31803375
23075,66.5155,137.0524,21.77690969
23076,66.38747,121.6402,19.40261268
23077,69.64946,125.6207,18.20459522
23078,69.99201,160.4327,23.02243664
23079,69.47095,127.7372,18.60656659
23080,68.77016,134.2468,19.95534304
23081,71.11019,140.7725,19.57084018
23082,68.89861,118.0075,17.47607961
23083,69.31258,146.593,21.45084616
23084,69.5515,139.4765,20.26951533
23085,64.91223,119.4779,19.93378856
23086,68.37362,118.1811,17.77158672
23087,69.53448,128.3192,18.65720339
23088,71.24771,154.2702,21.36463843
23089,68.83289,127.9049,18.97800249
23090,70.97853,139.8943,19.52096772
23091,68.7672,143.2316,21.29273678
23092,70.09748,131.3648,18.79444576
23093,66.41888,138.25,22.03116023
23094,65.86975,130.1757,21.09177921
23095,70.4954,159.7426,22.59719408
23096,65.064,105.9605,17.59615607
23097,66.23465,146.7267,23.51223878
23098,63.36047,101.3858,17.75397799
23099,65.49193,111.6041,18.29194541
23100,69.78248,123.3267,17.80408406
23101,67.16624,108.0636,16.83963533
23102,69.51547,125.7864,18.29894644
23103,68.25933,117.6366,17.74899416
23104,69.56163,123.3559,17.92155755
23105,68.51831,132.3693,19.82117117
23106,68.80896,133.7864,19.86448476
23107,68.56353,140.9816,21.08295208
23108,67.83572,124.3327,18.9943227
23109,69.41269,142.6121,20.80817298
23110,69.68146,129.8956,18.80681628
23111,67.64549,143.3283,22.01960788
23112,66.05269,122.8764,19.79897859
23113,66.27796,107.2234,17.15957922
23114,65.97701,122.1289,19.72370556
23115,66.49181,104.5214,16.61974028
23116,69.4567,127.3538,18.5583321
23117,65.33723,121.5969,20.02425611
23118,66.57846,124.3407,19.71973807
23119,68.01712,137.5218,20.89731048
23120,71.9112,138.2502,18.79438077
23121,69.96109,142.6425,20.48760217
23122,66.49663,115.0091,18.28471762
23123,69.70181,127.0448,18.38332677
23124,68.75589,117.8107,17.51944102
23125,68.24339,124.7115,18.82524527
23126,71.0885,134.7542,18.74558224
23127,69.22398,128.7649,18.89033629
23128,65.73834,132.8322,21.60833102
23129,66.723,122.3498,19.32001499
23130,66.46585,143.7961,22.88259669
23131,70.17314,133.0561,18.9953935
23132,62.87311,118.5005,21.07393429
23133,71.03165,157.4647,21.93990431
23134,65.93252,123.4121,19.95784829
23135,68.38672,133.2561,20.03082676
23136,68.48179,131.7267,19.74599078
23137,66.76412,127.6081,20.12552921
23138,70.28787,145.6777,20.72944314
23139,67.95232,126.7402,19.29572653
23140,66.4042,107.4818,17.13559378
23141,67.99874,125.0152,19.00712427
23142,68.94294,132.508,19.59827399
23143,66.99344,117.7892,18.44999445
23144,67.73609,127.2783,19.50156404
23145,65.91236,138.3038,22.3797749
23146,69.29849,141.5628,20.72320514
23147,69.19949,127.7265,18.75126404
23148,67.43514,143.9286,22.24999405
23149,71.4622,132.334,18.21688014
23150,69.06087,139.6586,20.58538145
23151,66.77321,128.0555,20.19059195
23152,68.79889,126.6591,18.81173534
23153,67.86558,143.0202,21.82999197
23154,68.57647,120.5964,18.02766241
23155,65.96871,133.0051,21.4856074
23156,66.58142,120.7591,19.15001358
23157,68.05952,119.5858,18.14918696
23158,70.24508,128.3668,18.28842127
23159,64.83437,113.7229,19.01921819
23160,68.73522,137.6596,20.48345321
23161,68.7765,136.8831,20.34346917
23162,68.33747,119.7698,18.02954874
23163,70.23944,142.1361,20.25338597
23164,68.81975,140.2789,20.82195461
23165,68.00236,149.5672,22.73755269
23166,64.70248,119.8107,20.11912441
23167,69.24303,140.6072,20.61630152
23168,69.73554,112.9331,16.32556567
23169,69.90308,118.7222,17.0802663
23170,70.26048,142.8739,20.34632605
23171,68.15806,118.4471,17.92442844
23172,68.16444,136.4492,20.64479508
23173,66.89046,125.3586,19.69613867
23174,65.22883,117.7991,19.46337364
23175,68.87187,130.3033,19.31198829
23176,68.18349,142.1478,21.49497843
23177,64.41925,133.8882,22.68121417
23178,66.7988,111.9541,17.63835205
23179,69.8922,131.1349,18.87192459
23180,67.47421,127.7576,19.72724566
23181,65.32392,100.9973,16.63874677
23182,67.69222,124.5089,19.10197212
23183,70.27339,149.3882,21.26619591
23184,69.54348,138.795,20.17512842
23185,73.32067,131.1796,17.15413318
23186,66.05531,120.903,19.47946084
23187,65.51404,123.1225,20.16619615
23188,69.69787,148.9949,21.56193418
23189,65.81341,127.2974,20.66074946
23190,69.3073,133.1362,19.48469093
23191,64.86268,108.1662,18.07411827
23192,69.16539,138.3731,20.3343051
23193,70.52093,136.9358,19.3569205
23194,68.1878,118.8524,17.9700764
23195,66.08498,113.2371,18.22797976
23196,65.10427,113.6349,18.84725523
23197,68.62122,116.6541,17.41560085
23198,71.42976,127.3845,17.55147137
23199,65.69791,117.3124,19.10715985
23200,69.80748,128.074,18.47618821
23201,69.92772,136.1304,19.57094107
23202,69.41298,130.348,19.01859007
23203,70.06942,126.2846,18.08209192
23204,66.39166,118.4999,18.89932328
23205,66.07042,107.3307,17.28483156
23206,67.94108,131.225,19.98513168
23207,66.88941,127.8534,20.08874825
23208,68.96017,124.9296,18.46817697
23209,69.5704,156.8531,22.7823978
23210,68.2825,128.9134,19.43723838
23211,66.7166,130.1374,20.5536823
23212,66.72626,108.1246,17.07207351
23213,66.57273,114.7724,18.20539284
23214,68.04107,126.3943,19.19289754
23215,68.6295,139.1018,20.76186703
23216,68.49436,113.7604,17.04656235
23217,66.39979,114.3961,18.24034851
23218,68.28212,132.8866,20.0365305
23219,68.52069,139.9603,20.95640266
23220,69.03432,120.0319,17.70605884
23221,64.99547,129.0647,21.47813778
23222,67.91196,112.3713,17.12845538
23223,66.91361,116.2512,18.25256266
23224,70.70381,139.5198,19.62029513
23225,67.40064,137.1524,21.22416904
23226,69.05353,127.2322,18.75774349
23227,65.85398,121.7386,19.73420217
23228,66.79527,121.806,19.19254587
23229,68.85892,145.3855,21.555396
23230,66.42832,103.8422,16.54331988
23231,66.91067,126.6949,19.89407271
23232,70.43889,137.7195,19.51307686
23233,67.94999,139.0592,21.17270065
23234,69.95065,139.1737,19.99534903
23235,72.71908,134.6013,17.89401627
23236,65.74199,136.7099,22.2366622
23237,65.51557,125.163,20.49945153
23238,70.21226,119.1812,16.99562634
23239,69.16742,128.4386,18.8732953
23240,68.82771,105.6454,15.67758906
23241,68.60122,132.7843,19.8352818
23242,65.56691,127.4552,20.84219476
23243,69.79458,120.7382,17.42435159
23244,68.50628,131.7647,19.73756767
23245,66.57019,116.6893,18.51086726
23246,70.03926,134.5167,19.27739879
23247,67.9869,141.6655,21.54611362
23248,71.22405,151.3256,20.97077106
23249,68.74939,126.1276,18.75978076
23250,67.24515,139.1668,21.63560445
23251,67.73462,114.4462,17.53619252
23252,67.46116,127.3858,19.67744624
23253,69.2147,140.1225,20.56205519
23254,67.51576,126.9627,19.58038168
23255,66.10796,114.8271,18.47107665
23256,68.5057,117.2246,17.55984458
23257,66.73397,122.3952,19.32083038
23258,69.36366,125.575,18.34824414
23259,71.87173,146.8516,19.9856285
23260,65.49077,118.2955,19.38935472
23261,66.34021,108.1274,17.27179208
23262,66.91425,112.1228,17.60402718
23263,69.28626,134.7612,19.73449222
23264,67.79093,124.6467,19.06746362
23265,69.07817,143.6054,21.1565305
23266,67.44134,146.0127,22.5680261
23267,68.73085,134.9284,20.07960964
23268,69.47641,129.3397,18.83703026
23269,68.70536,144.436,21.51045211
23270,64.93749,106.7489,17.79621883
23271,67.24113,111.1544,17.28271536
23272,66.56344,131.8655,20.92256831
23273,65.53499,94.12903,15.40750912
23274,63.90174,118.1282,20.33684336
23275,69.67198,133.5641,19.34321956
23276,64.43413,124.1712,21.02539992
23277,64.51197,115.5299,19.5150251
23278,67.70097,133.1008,20.41485072
23279,64.90215,123.7036,20.64521909
23280,67.99061,129.6754,19.72036941
23281,67.82413,120.6313,18.43515824
23282,68.52722,126.7222,18.97063209
23283,69.2092,121.3021,17.80311455
23284,66.20442,115.7721,18.56886102
23285,71.109,132.442,18.41331204
23286,68.57075,114.2557,17.08265623
23287,68.00623,137.8888,20.95978953
23288,64.09668,113.0901,19.35124195
23289,68.75021,138.3973,20.58424225
23290,65.47736,116.194,19.05270777
23291,68.75545,135.4326,20.14022339
23292,67.45601,117.7914,18.19816549
23293,65.98877,120.6623,19.47990603
23294,69.37016,127.3013,18.59699487
23295,67.6734,123.4882,18.95591673
23296,69.89525,119.6832,17.22238099
23297,69.61509,128.0375,18.57315713
23298,69.3937,137.0006,20.00035506
23299,67.97247,102.2394,15.55634312
23300,69.22724,127.8642,18.75643327
23301,67.9542,120.0739,18.27979553
23302,67.95068,115.6076,17.60167898
23303,68.40984,145.4263,21.8454568
23304,68.77759,131.7281,19.5767162
23305,65.13204,122.8043,20.35070867
23306,68.81528,126.5719,18.78983048
23307,64.91737,118.1884,19.71552492
23308,69.24,141.1041,20.69096946
23309,64.37656,106.7087,18.10087719
23310,66.94537,128.9508,20.22731666
23311,67.93057,122.6122,18.67920948
23312,67.94897,110.6746,16.85145986
23313,67.85108,123.105,18.79825289
23314,66.58719,114.1358,18.09655205
23315,69.6734,133.9095,19.3924511
23316,69.99226,131.5353,18.8754629
23317,66.01009,111.5487,17.99696154
23318,69.06337,140.4059,20.69403361
23319,68.44652,122.5025,18.38220191
23320,67.77966,120.9614,18.50986954
23321,68.28074,126.8558,19.12798467
23322,67.85813,116.385,17.76840977
23323,66.32684,104.7552,16.73987851
23324,64.69309,116.3749,19.54784358
23325,69.99022,153.7945,22.07096958
23326,71.14046,139.3483,19.35635871
23327,73.11374,141.5157,18.61066745
23328,67.07803,128.1482,20.02198983
23329,67.86878,111.8266,17.06712467
23330,66.00182,122.9777,19.8458575
23331,66.90908,135.2963,21.24570408
23332,66.6852,127.4327,20.14546489
23333,67.09584,138.9995,21.70587883
23334,69.32346,129.5811,18.95555593
23335,71.51046,152.7026,20.99242515
23336,67.95718,126.8874,19.31537419
23337,71.95199,148.9864,20.23095255
23338,64.63369,101.6115,17.09937693
23339,67.76332,102.2017,15.64674819
23340,67.47196,128.7711,19.8850679
23341,68.9559,128.348,18.9758644
23342,68.91935,130.601,19.32944933
23343,69.72604,129.9311,18.7879086
23344,69.36628,126.0097,18.41036901
23345,69.36979,160.0595,23.38277342
23346,70.82097,125.9832,17.65811004
23347,67.88765,130.1885,19.858498
23348,66.24709,108.1229,17.31966145
23349,65.29888,126.1983,20.80642019
23350,68.06429,115.6124,17.54369646
23351,68.31388,157.1449,23.67215037
23352,66.80653,129.4758,20.39417299
23353,70.76233,128.8173,18.08528129
23354,67.91801,131.1724,19.99069461
23355,67.7657,137.7214,21.08321785
23356,68.41708,129.1072,19.38995128
23357,70.60391,134.6567,18.99003594
23358,70.95676,152.5077,21.29411245
23359,67.80891,119.3174,18.24255144
23360,68.05761,144.4357,21.92181397
23361,71.64101,137.6723,18.85725583
23362,69.56807,131.7272,19.13422495
23363,68.37897,124.4672,18.71393581
23364,69.52961,139.0711,20.22332811
23365,67.91638,129.7194,19.77020611
23366,65.90163,130.2564,21.0844406
23367,66.40618,120.6583,19.23514793
23368,66.75016,127.253,20.07792061
23369,70.67254,128.2802,18.05566768
23370,66.19564,121.9578,19.56618411
23371,63.86903,108.1252,18.63380764
23372,67.31392,124.2722,19.28055572
23373,68.76809,138.7117,20.620277
23374,65.20943,116.157,19.20347852
23375,66.98591,115.0587,18.02635272
23376,67.42523,136.1542,21.05433334
23377,66.50837,120.1535,19.09585651
23378,67.6117,121.1889,18.63693356
23379,66.61201,121.5732,19.2614109
23380,70.86568,118.6469,16.60885918
23381,71.32734,128.9839,17.82291652
23382,65.4778,112.1488,18.38915604
23383,67.97456,143.301,21.80277314
23384,64.43034,111.1606,18.82458285
23385,64.28602,107.6355,18.30955459
23386,66.96798,126.725,19.86475561
23387,70.1485,131.5029,18.7868461
23388,69.33442,151.3078,22.12681312
23389,64.16934,112.0675,19.13285869
23390,68.13767,119.5635,18.10420204
23391,67.08413,112.2697,17.53792883
23392,67.41342,121.7801,18.83817951
23393,66.12667,114.907,18.47347108
23394,69.20029,131.6151,19.32169464
23395,68.12415,123.0866,18.64506524
23396,68.46751,112.8145,16.91808412
23397,68.76315,142.2609,21.15092428
23398,68.57141,125.4749,18.75970582
23399,66.26613,130.1712,20.83948668
23400,71.68987,134.2174,18.35898052
23401,69.02855,137.7087,20.31698229
23402,68.18153,128.3747,19.41338563
23403,68.09645,134.3938,20.37443692
23404,67.62189,123.3117,18.95767179
23405,67.09138,118.3389,18.48201861
23406,63.55618,102.794,17.88988374
23407,62.85508,114.4639,20.36775194
23408,68.7842,131.0257,19.46858701
23409,63.50044,120.7176,21.04613968
23410,67.44217,134.7953,20.83372866
23411,67.98901,129.3666,19.67433466
23412,70.35684,147.6725,20.97211843
23413,69.72082,128.5478,18.59066825
23414,64.46472,100.3255,16.97158707
23415,67.97104,130.713,19.88961045
23416,66.30166,125.9627,20.14412845
23417,70.70031,134.4612,18.91078999
23418,71.09133,140.8249,19.5885143
23419,67.99134,145.7668,22.16699095
23420,69.21008,134.423,19.72832465
23421,66.88274,126.4537,19.87278587
23422,68.36795,125.8251,18.92419844
23423,68.49492,134.5742,20.16510122
23424,68.58014,153.277,22.91055352
23425,67.89223,128.9499,19.66691257
23426,67.11189,96.36193,15.0404862
23427,63.31715,104.4658,18.31836645
23428,67.75509,136.1973,20.8564299
23429,67.73474,121.4205,18.6047743
23430,70.0064,133.8839,19.20472928
23431,71.4794,141.4209,19.45839992
23432,66.55546,111.2872,17.66172677
23433,68.93126,130.5566,19.31620129
23434,68.92078,127.2883,18.83837525
23435,69.87076,106.3125,15.30906692
23436,68.83485,119.3079,17.70140692
23437,65.01842,151.4337,25.1828591
23438,67.6557,118.4406,18.19060486
23439,67.04163,133.2765,20.84585797
23440,69.71126,126.3546,18.27849849
23441,66.50183,131.5315,20.90826063
23442,68.33511,144.3527,21.73163693
23443,66.9407,110.8551,17.39123823
23444,67.40925,136.9725,21.19091538
23445,69.31165,131.074,19.18047698
23446,64.06236,115.105,19.7171276
23447,65.56181,116.5971,19.06958334
23448,64.77319,121.3992,20.34138772
23449,68.96452,131.9731,19.50694716
23450,66.63747,118.1281,18.70128909
23451,69.56752,135.5865,19.69512457
23452,65.1007,109.2654,18.12452645
23453,64.9936,110.6938,18.42202788
23454,70.66323,128.1262,18.03874423
23455,69.00077,112.673,16.63670472
23456,70.10951,114.8419,16.42486582
23457,67.34384,114.9568,17.81944764
23458,68.60818,134.9085,20.14850563
23459,67.23956,107.1732,16.66448119
23460,72.29201,139.9045,18.81942754
23461,67.08503,120.075,18.75671086
23462,67.42026,134.753,20.84072974
23463,69.11345,124.4949,18.32237386
23464,72.35402,138.0597,18.53945312
23465,65.26185,121.3037,20.02214543
23466,68.44809,119.1946,17.88501208
23467,63.33709,129.6209,22.71507346
23468,69.63855,127.8437,18.53255155
23469,70.94026,120.1561,16.78477782
23470,68.87976,129.9892,19.26102281
23471,66.86712,117.3156,18.44530558
23472,71.04505,130.1568,18.12819396
23473,68.38827,119.0647,17.89678875
23474,67.52106,122.7459,18.92708866
23475,69.87186,132.0456,19.01405083
23476,71.55171,117.5422,16.14020719
23477,66.46162,127.9555,20.36443837
23478,72.02569,124.1535,16.82439427
23479,67.57232,118.5305,18.249366
23480,69.00459,120.4771,17.78704773
23481,65.95744,133.5889,21.58728955
23482,69.42784,138.1965,20.15510483
23483,66.84795,110.233,17.34166391
23484,68.35329,123.8493,18.63502739
23485,65.86502,123.3062,19.98161482
23486,69.835,140.2449,20.21604181
23487,67.66145,126.0904,19.36220198
23488,68.19426,144.2229,21.80187809
23489,69.32705,129.9933,19.01388456
23490,67.61906,116.2005,17.86590677
23491,73.40972,133.009,17.35118811
23492,66.96963,127.496,19.98462878
23493,66.12847,105.4284,16.94868434
23494,67.31517,123.035,19.08789796
23495,70.20341,139.4022,19.88421898
23496,68.61279,136.1018,20.32399293
23497,68.2315,128.3552,19.38201632
23498,69.01795,120.3067,17.75501437
23499,69.11662,132.9447,19.56416739
23500,67.01546,130.2632,20.3904618
23501,69.66929,126.4905,18.32021073
23502,68.84648,115.084,17.06894946
23503,68.62712,120.257,17.95040051
23504,68.34286,124.6374,18.75933364
23505,68.00429,110.7882,16.84132318
23506,68.53424,138.4216,20.71781677
23507,68.86421,125.0711,18.54065852
23508,68.66789,116.5181,17.37165972
23509,64.77087,106.5228,17.85000892
23510,66.59801,130.4351,20.67413253
23511,68.51877,135.0892,20.22818134
23512,67.72455,122.4271,18.76465704
23513,68.65578,152.6253,22.76290283
23514,66.55626,135.1086,21.44176341
23515,65.6087,120.4908,19.6782443
23516,65.99372,127.2212,20.53570387
23517,69.59156,131.6555,19.11090211
23518,66.83509,115.5445,18.18425564
23519,68.49693,122.8879,18.41290166
23520,68.18592,141.1364,21.34051773
23521,65.89922,113.8338,18.42748262
23522,66.9475,105.6898,16.5775243
23523,69.06182,134.9376,19.88896888
23524,68.33972,125.0717,18.8264306
23525,66.07267,132.8536,21.39365255
23526,69.31936,138.2366,20.22410353
23527,65.84808,131.2502,21.27987469
23528,67.36294,118.4514,18.35073469
23529,67.3593,117.1267,18.14747061
23530,64.4803,114.5619,19.37052689
23531,69.90125,145.3534,20.91272545
23532,66.98612,146.5458,22.95932178
23533,69.10503,121.7325,17.92018738
23534,67.52838,111.8378,17.24135039
23535,69.42915,123.1078,17.95383372
23536,67.06781,118.8862,18.58054807
23537,67.46411,126.3954,19.52275044
23538,68.88653,120.841,17.90197796
23539,67.0299,111.8676,17.50340343
23540,64.80287,122.305,20.47439399
23541,70.12057,128.2378,18.33498286
23542,66.70331,137.0292,21.65078646
23543,65.61686,124.6061,20.34528324
23544,66.94092,116.4586,18.27020988
23545,65.96306,94.7257,15.30458508
23546,65.67991,123.1875,20.07506077
23547,69.71521,131.7122,19.05137164
23548,72.27532,154.9474,20.85256924
23549,68.9462,125.8252,18.60811086
23550,65.77925,120.1731,19.52471731
23551,67.74371,133.4557,20.44346458
23552,67.50658,138.89,21.42565414
23553,64.7387,129.9819,21.80269892
23554,70.40075,138.2906,19.61523042
23555,66.31113,118.736,18.98300149
23556,69.07813,132.6275,19.53924433
23557,65.591,118.3107,19.33262579
23558,67.68762,120.8594,18.5445915
23559,66.44951,120.1558,19.13006734
23560,68.08673,126.8226,19.23211396
23561,66.24786,127.0943,20.35812098
23562,70.99353,123.479,17.22308268
23563,68.2099,127.1802,19.21675278
23564,67.95421,125.725,19.14010136
23565,68.83812,129.5121,19.21355236
23566,65.96009,128.081,20.69557778
23567,66.27192,118.0759,18.89981198
23568,65.97624,115.5401,18.66005594
23569,66.75536,121.1873,19.11789844
23570,70.71061,142.0151,19.96736153
23571,69.7805,121.0935,17.48267978
23572,68.54296,139.0712,20.80974778
23573,68.1192,108.6708,16.46376322
23574,65.3068,129.9528,21.4202314
23575,69.78927,139.6959,20.16330288
23576,68.62776,126.7958,18.92607451
23577,70.62247,130.7473,18.42902031
23578,68.90663,139.9702,20.72377589
23579,69.10172,147.4603,21.70964507
23580,65.38912,106.2248,17.46506723
23581,67.42929,118.2165,18.27831884
23582,68.36866,129.2801,19.44342944
23583,68.36248,120.0642,18.06064424
23584,66.87574,122.173,19.20407361
23585,69.29149,127.6393,18.68873639
23586,65.28542,129.8255,21.4132666
23587,66.6047,119.5932,18.95186956
23588,66.85857,137.179,21.57390643
23589,71.25571,140.6042,19.46768342
23590,70.01811,125.5674,18.0057601
23591,68.14057,121.5594,18.40485281
23592,70.42527,136.4209,19.33655906
23593,70.19124,116.1543,16.5739028
23594,70.03089,121.4123,17.40358505
23595,66.38573,126.3671,20.15764876
23596,66.9214,125.7389,19.73762739
23597,67.42805,135.3317,20.92539487
23598,67.65681,110.0211,16.89694824
23599,67.35105,110.7792,17.16820174
23600,66.64091,119.5543,18.92512202
23601,69.83869,146.7883,21.15702488
23602,66.59553,124.4923,19.73366069
23603,69.77893,122.8878,17.74252734
23604,66.08192,128.2059,20.63944577
23605,70.75962,145.1159,20.37508085
23606,68.33049,109.8427,16.53855091
23607,67.25612,139.0113,21.60438019
23608,70.61119,143.3182,20.2073614
23609,67.56781,112.6521,17.34662266
23610,70.97495,148.0819,20.66555687
23611,70.12654,129.6234,18.52993563
23612,68.78941,128.9925,19.16357875
23613,67.18784,110.9939,17.28514702
23614,67.1599,121.0722,18.87033792
23615,67.87817,132.0587,20.14939879
23616,69.82444,124.1746,17.90495245
23617,68.68474,116.2746,17.32685185
23618,69.35291,130.007,19.00170996
23619,68.57852,135.4695,20.24979525
23620,67.33814,133.6925,20.72717609
23621,68.19909,124.0152,18.74446647
23622,63.92008,113.4979,19.52848405
23623,68.02589,121.0372,18.38762883
23624,66.5546,127.0069,20.15702737
23625,67.95995,112.8356,17.17494545
23626,67.45313,138.8983,21.46090547
23627,69.72472,146.8345,21.23292745
23628,65.79407,117.257,19.04235243
23629,68.77865,148.2023,22.02434363
23630,65.47726,110.3392,18.09273245
23631,68.95735,124.7896,18.4489898
23632,68.41169,137.9051,20.71452668
23633,67.62647,134.5912,20.68895492
23634,66.45056,136.37,21.71085241
23635,68.41418,136.993,20.57602361
23636,73.46216,140.968,18.36320471
23637,65.43572,118.0352,19.37925576
23638,67.99082,135.9919,20.68082257
23639,67.52665,122.5461,18.89315161
23640,67.73934,115.2443,17.65602185
23641,65.96595,119.5018,19.30590343
23642,68.87961,121.7995,18.04760061
23643,68.08036,127.2558,19.30141832
23644,67.36171,120.6458,18.69137824
23645,64.38354,119.3323,20.23781552
23646,69.75639,126.066,18.21316005
23647,66.8137,106.6755,16.79921416
23648,67.46087,121.3847,18.75060991
23649,68.99738,118.3578,17.47780982
23650,66.52827,123.3633,19.59425894
23651,69.43908,136.248,19.86449572
23652,67.88492,122.1517,18.63409132
23653,70.61052,147.686,20.82360099
23654,69.48816,130.5616,19.00855766
23655,67.12804,122.7826,19.15509088
23656,67.75649,117.9294,18.05824803
23657,70.94686,131.9377,18.42713748
23658,68.2358,125.9982,19.02370447
23659,68.81174,135.5761,20.12859132
23660,69.37167,130.0714,19.00084174
23661,66.56234,123.6984,19.62737612
23662,67.51121,115.6791,17.84261244
23663,67.92882,129.482,19.72679734
23664,64.63454,109.9452,18.50130122
23665,67.79166,118.3516,18.10409924
23666,67.04792,125.6464,19.64874226
23667,68.56413,112.2504,16.78607978
23668,67.53116,124.9106,19.25511869
23669,67.71164,130.67,20.03570141
23670,71.49767,128.9497,17.73339481
23671,66.42399,121.8209,19.41007483
23672,65.25687,115.1695,19.01254819
23673,67.02666,121.5475,19.01981106
23674,68.4504,122.1388,18.32554896
23675,73.55566,149.8402,19.46935104
23676,69.17741,131.2888,19.2865438
23677,67.4203,110.133,17.03301125
23678,67.42349,130.7954,20.22671418
23679,70.42099,127.0184,18.00601926
23680,67.02709,116.7578,18.27008209
23681,66.33083,129.3366,20.66549925
23682,69.55259,133.0437,19.33405838
23683,69.55744,135.4041,19.67433039
23684,67.25328,138.7002,21.55785131
23685,66.1666,105.7041,16.97342635
23686,68.87957,98.57059,14.60568152
23687,69.62485,131.5031,19.07053034
23688,68.47403,129.3925,19.40048787
23689,65.07886,140.2449,23.27890397
23690,67.07668,137.308,21.45398876
23691,65.87754,121.0767,19.61287019
23692,68.13293,123.9844,18.77622315
23693,70.14968,121.9132,17.41625069
23694,65.34486,111.9794,18.43616548
23695,66.07233,123.6313,19.908774
23696,68.10652,129.6434,19.64845277
23697,71.04529,139.779,19.4682391
23698,64.75341,119.3351,20.00774938
23699,67.33457,110.3688,17.11297294
23700,64.26607,127.348,21.67624087
23701,66.25028,122.8633,19.67895645
23702,69.80613,126.2564,18.21468242
23703,70.31933,132.2946,18.80823291
23704,65.90373,122.0525,19.75522652
23705,68.12881,111.4134,16.87450905
23706,69.43281,120.0944,17.51251814
23707,69.05555,140.1024,20.6539786
23708,70.16747,139.4727,19.91466009
23709,70.72975,152.7356,21.4630459
23710,69.50996,137.1134,19.94991952
23711,67.74268,136.3711,20.89069655
23712,67.58253,128.0786,19.71346677
23713,65.01312,125.7965,20.92289936
23714,67.06595,129.959,20.3122262
23715,68.32618,129.2915,19.4693305
23716,67.4883,132.394,20.43462402
23717,67.81802,121.1499,18.51774814
23718,67.86423,122.2616,18.66223046
23719,67.04793,144.7241,22.63213026
23720,69.56793,124.4291,18.07420163
23721,64.52939,128.9372,21.76799557
23722,68.42798,122.4175,18.37940262
23723,68.71113,112.1148,16.69414148
23724,66.14989,138.2484,22.21044122
23725,72.84817,151.3727,20.05236446
23726,71.75528,136.2952,18.60921954
23727,66.20062,122.2395,19.60842793
23728,71.30122,122.1991,16.89777062
23729,72.70475,106.6605,14.1851316
23730,66.4848,131.0492,20.84226751
23731,65.73936,103.8932,16.90018679
23732,65.73932,116.6705,18.97867851
23733,68.36851,126.187,18.9783176
23734,66.78073,123.7823,19.51243857
23735,65.25826,95.63814,15.78757645
23736,69.25203,125.6851,18.42358333
23737,68.19473,113.3283,17.13136904
23738,67.42308,127.9037,19.7797709
23739,68.59131,121.6313,18.17450029
23740,69.93451,112.2096,16.1288078
23741,68.35495,137.9728,20.75911635
23742,67.77473,133.3277,20.40516543
23743,70.20824,136.6606,19.49047735
23744,64.81088,111.9485,18.73603837
23745,70.52361,135.5258,19.15615024
23746,68.65188,115.0439,17.1598723
23747,67.0511,131.1182,20.50248437
23748,69.31371,132.4638,19.38269869
23749,67.36956,128.4464,19.89527011
23750,70.15169,114.8211,16.40214898
23751,65.51921,113.3363,18.56038801
23752,70.00466,104.466,14.98567776
23753,68.0189,129.3333,19.65198733
23754,66.72787,103.2365,16.29949215
23755,69.81422,132.2248,19.07130727
23756,67.4484,105.256,16.26518034
23757,64.50036,126.8106,21.4282451
23758,67.42181,127.379,19.69937036
23759,69.54484,135.6098,19.71135937
23760,66.78251,94.51209,14.89763112
23761,68.02583,135.0232,20.51237854
23762,69.59756,126.0523,18.29439582
23763,69.70111,147.8201,21.38993319
23764,68.69898,131.2838,19.55536318
23765,69.50665,139.9177,20.35988252
23766,67.16676,125.2779,19.52185089
23767,66.01105,130.5078,21.05515835
23768,68.95166,129.3768,19.1303219
23769,68.38876,119.2589,17.92572236
23770,67.47329,132.4444,20.45149929
23771,66.73831,128.1593,20.22809767
23772,64.92467,96.91718,16.16354409
23773,71.2568,130.6852,18.0937715
23774,68.64395,136.5972,20.37945612
23775,67.67603,124.4685,19.10491159
23776,65.50539,143.9237,23.57944437
23777,64.31386,119.0699,20.23709461
23778,69.72695,119.3308,17.25466532
23779,65.11523,125.7234,20.84521047
23780,63.70715,111.0903,19.24221712
23781,69.94478,128.5573,18.47317101
23782,67.20119,113.6719,17.69516094
23783,71.38651,141.1154,19.46692858
23784,66.74038,133.1715,21.01789734
23785,65.21928,125.0902,20.67409996
23786,66.83913,129.4363,20.3680681
23787,69.02398,130.9462,19.3218288
23788,67.32826,112.6738,17.47364405
23789,66.59493,127.1637,20.15747581
23790,71.73466,145.4267,19.86741602
23791,66.33824,123.3295,19.70127828
23792,67.0491,123.2213,19.26882382
23793,70.64134,152.056,21.42106352
23794,69.59606,118.9768,17.26824896
23795,66.78068,119.4823,18.83463573
23796,69.39063,149.617,21.84412265
23797,69.90303,133.9469,19.27063342
23798,72.73727,144.2981,19.17352411
23799,68.39263,132.5303,19.91828292
23800,68.31048,129.9349,19.5752117
23801,66.94796,113.807,17.8504679
23802,68.97424,131.1916,19.38596865
23803,63.82304,120.9811,20.87939358
23804,67.42872,134.8411,20.84912248
23805,67.44922,122.6827,18.95766248
23806,68.4922,143.6419,21.52554885
23807,65.45648,99.10252,16.26053121
23808,67.46239,125.3729,19.36580483
23809,68.06118,119.3436,18.11154547
23810,69.35205,127.3954,18.62046258
23811,67.1694,120.7452,18.81404864
23812,69.16451,138.1299,20.29908272
23813,67.84407,117.4335,17.93591523
23814,69.74531,136.4161,19.71473467
23815,69.50049,118.8787,17.3014953
23816,65.59756,109.2654,17.85100264
23817,65.7887,121.8958,19.79891803
23818,67.73988,121.1281,18.55715452
23819,67.45264,107.8988,16.67147539
23820,66.76519,118.5142,18.69069867
23821,69.16573,122.5451,18.0081602
23822,67.64803,130.9586,20.11773304
23823,68.99719,126.3192,18.65356667
23824,66.95571,114.573,17.96645403
23825,68.21681,139.3253,21.04759597
23826,70.59044,135.6509,19.13754508
23827,67.01016,136.7692,21.41225081
23828,67.16363,112.0325,17.45946901
23829,67.31394,114.5343,17.76973161
23830,68.61835,135.0315,20.16089814
23831,67.52474,129.9562,20.03671346
23832,68.7303,132.5218,19.72178282
23833,68.51045,113.1181,16.94235536
23834,70.2755,124.5574,17.7303362
23835,69.58278,132.3214,19.21241064
23836,68.17009,126.5205,19.13940753
23837,68.29276,130.0106,19.59678185
23838,69.6923,140.5433,20.3421043
23839,70.30843,136.5605,19.42073324
23840,65.24029,116.5097,19.24356997
23841,71.56487,132.1166,18.1348071
23842,67.86942,130.7553,19.95567172
23843,67.8101,144.9624,22.16266214
23844,66.69452,119.4778,18.8826194
23845,68.80517,129.8844,19.28724393
23846,67.00182,134.3311,21.0357837
23847,68.36228,144.5173,21.73912634
23848,70.3389,131.5169,18.68726499
23849,68.009,126.9959,19.3024416
23850,65.48455,136.5241,22.38138471
23851,69.68966,125.4997,18.16608414
23852,68.552,129.4829,19.36990466
23853,68.2096,138.6158,20.9448404
23854,66.93118,121.261,19.02915515
23855,67.46192,119.6095,18.47581502
23856,69.29621,107.5141,15.73989329
23857,68.12627,130.5966,19.78144317
23858,66.35397,124.3943,19.86195444
23859,68.31918,120.5494,18.1566235
23860,67.79233,119.2799,18.2457395
23861,66.99949,124.8734,19.55610084
23862,69.77773,131.3978,18.97185274
23863,69.52365,147.8093,21.49769793
23864,66.95733,129.7038,20.33816519
23865,68.37534,117.5037,17.66883313
23866,67.07925,137.0927,21.41870742
23867,64.60565,98.9372,16.66379598
23868,66.65496,139.758,22.1139874
23869,69.01472,121.4022,17.91836674
23870,66.8597,122.6126,19.28242184
23871,69.87952,144.0689,20.74081123
23872,64.61346,103.4199,17.41459757
23873,67.75415,134.9398,20.66443734
23874,73.02684,139.7916,18.42771063
23875,68.15447,128.9553,19.51667506
23876,72.59702,136.8067,18.24841312
23877,68.01914,112.0903,17.03182097
23878,65.82187,112.6344,18.27620169
23879,68.81957,130.1162,19.31358018
23880,71.317,144.7312,20.00466836
23881,70.00255,137.785,19.76648944
23882,66.38261,122.7683,19.58542137
23883,68.21355,140.6809,21.25441516
23884,67.74003,108.2607,16.58576038
23885,70.18718,122.1478,17.43112379
23886,71.83265,130.342,17.75807676
23887,67.36621,116.9097,18.11013307
23888,68.57086,135.0217,20.18736819
23889,71.04741,151.1236,21.04704427
23890,66.59795,123.6365,19.59658092
23891,68.81107,118.8078,17.63939383
23892,65.33076,116.2683,19.15054891
23893,68.52512,129.2716,19.35346982
23894,68.01263,133.3037,20.25901803
23895,68.81095,129.318,19.19991017
23896,71.415,142.9992,19.71106326
23897,73.38057,154.3189,20.14708794
23898,69.0571,127.9148,18.85642891
23899,66.30593,125.7792,20.11219224
23900,67.19635,120.2431,18.72078788
23901,66.82731,118.848,18.70851184
23902,70.80376,131.1233,18.38749438
23903,69.21079,126.0975,18.50606948
23904,68.97666,140.9174,20.82167314
23905,70.93475,141,19.69955214
23906,69.29018,137.2974,20.10361965
23907,67.88454,132.3025,20.1828093
23908,68.839,139.0026,20.6209725
23909,68.75738,128.0374,19.03941203
23910,66.63057,118.8852,18.82504663
23911,68.70439,122.1627,18.19386516
23912,70.42439,142.969,20.26520572
23913,68.09534,120.9784,18.34122659
23914,68.73448,155.5583,23.14723978
23915,66.32387,126.5144,20.21880885
23916,68.38525,133.0024,19.99355054
23917,71.26558,129.0136,17.85793225
23918,70.30804,139.5592,19.84740875
23919,72.37914,125.4124,16.82941294
23920,70.68229,145.6807,20.49916266
23921,69.25524,116.9842,17.14657002
23922,68.61717,118.0604,17.6276318
23923,69.95234,154.2652,22.16250252
23924,67.21192,122.616,19.08138375
23925,68.95803,140.1877,20.72504792
23926,70.21225,115.701,16.49934321
23927,66.06475,117.0679,18.85617331
23928,69.89075,153.5111,22.0930516
23929,65.70868,118.8838,19.35675342
23930,67.40897,131.353,20.32169546
23931,67.80336,128.5892,19.66334448
23932,66.77537,126.0811,19.87800099
23933,69.39472,124.5088,18.1761759
23934,68.03254,152.3259,23.13639586
23935,70.68853,142.0573,19.98577438
23936,64.90623,125.4661,20.93673493
23937,66.7301,124.653,19.67952033
23938,66.05134,125.7801,20.26767797
23939,65.12063,107.4916,17.81938313
23940,70.73337,136.9526,19.24318285
23941,70.21345,129.7068,18.49598413
23942,67.41542,144.5605,22.36075574
23943,69.81576,121.2493,17.48749587
23944,69.08556,124.4855,18.33578587
23945,68.79164,125.9361,18.70829625
23946,64.48761,124.4471,21.03718094
23947,65.63039,122.1341,19.93344175
23948,63.8873,101.9472,17.55907195
23949,64.23075,110.6193,18.8495178
23950,68.96118,138.7769,20.51460403
23951,67.28415,117.8188,18.29550407
23952,67.95165,129.1463,19.66243409
23953,66.13126,121.0599,19.45996438
23954,69.68175,125.9135,18.23011981
23955,68.97307,132.694,19.60864107
23956,68.54922,140.4031,21.00520802
23957,72.05551,144.0404,19.503172
23958,69.71957,127.4787,18.43671538
23959,66.86686,144.6107,22.73703834
23960,68.5857,132.7412,19.83781854
23961,67.71756,150.1169,23.01348075
23962,69.84981,115.8517,16.6927265
23963,70.80466,148.1321,20.77211993
23964,69.82289,136.5182,19.68567167
23965,68.44916,118.8654,17.83505839
23966,64.51651,124.292,20.99214264
23967,66.39716,102.9907,16.42306938
23968,70.74389,119.446,16.77834276
23969,68.03206,126.3614,19.19298443
23970,70.51117,146.8083,20.75821915
23971,68.10873,141.6847,21.47201073
23972,67.23845,115.9517,18.03005529
23973,68.54145,146.4722,21.918153
23974,66.88341,120.6493,18.9602176
23975,67.94309,127.9486,19.48499392
23976,70.47829,140.5446,19.89109869
23977,67.41672,103.9911,16.08482199
23978,71.68845,138.8903,18.99891764
23979,68.42777,132.1107,19.83483284
23980,69.80496,139.5662,20.13552761
23981,69.95499,123.728,17.77403046
23982,66.12776,129.0935,20.75353478
23983,66.77574,104.4298,16.46426517
23984,68.88634,146.4716,21.69914035
23985,66.04019,122.0205,19.66851164
23986,66.82725,105.2155,16.56257541
23987,71.84956,114.3322,15.56953563
23988,66.5493,120.0294,19.05267577
23989,66.64194,122.2388,19.34947297
23990,69.40514,125.8462,18.36589775
23991,68.9732,149.142,22.03913457
23992,68.89927,118.6997,17.57825278
23993,66.49234,114.5492,18.21395049
23994,69.66246,123.1604,17.84139475
23995,71.37386,119.0819,16.43322158
23996,68.49401,128.6116,19.27215503
23997,66.74375,116.3968,18.36856198
23998,68.17463,136.3225,20.61946002
23999,66.44601,109.0425,17.36254205
24000,66.93173,127.6166,20.02619284
24001,71.05722,129.2659,17.9979431
24002,70.44551,132.4324,18.76043652
24003,66.78778,123.2117,19.41839177
24004,66.99974,104.313,16.33606775
24005,66.93056,129.3818,20.30390611
24006,68.64546,156.5212,23.35096617
24007,68.33571,116.6739,17.5644121
24008,67.13465,131.0346,20.43844516
24009,66.99755,137.65,21.55825962
24010,66.55502,109.5773,17.39058869
24011,67.6653,118.1356,18.13861376
24012,68.29447,121.9493,18.38076399
24013,67.86169,136.1423,20.78256112
24014,65.99617,123.9677,20.00904697
24015,69.31348,126.5029,18.51059585
24016,66.8696,128.1357,20.14503471
24017,67.89663,111.9666,17.07447573
24018,68.59532,132.2773,19.76294554
24019,65.47889,119.7798,19.6397652
24020,65.17519,122.6844,20.30392762
24021,69.09782,121.3777,17.87168648
24022,68.59388,135.8185,20.292872
24023,67.38888,107.0327,16.56896304
24024,67.39861,148.6724,23.00826111
24025,67.55792,118.6378,18.27367387
24026,68.62413,135.944,20.2937201
24027,68.57569,143.4643,21.44661702
24028,69.64614,139.2707,20.18463872
24029,70.87591,153.1772,21.43641497
24030,66.54682,120.1556,19.07412951
24031,66.75683,122.6771,19.35206948
24032,69.0924,132.2348,19.47334376
24033,66.26872,125.055,20.01885442
24034,70.44345,129.744,18.38067148
24035,65.63798,100.8841,16.46143284
24036,66.14059,125.2816,20.13290698
24037,69.02744,116.3008,17.15909951
24038,69.11634,135.7018,19.97006455
24039,66.91189,124.487,19.54666778
24040,67.47984,118.6579,18.31908993
24041,66.27411,142.8314,22.8607887
24042,69.06754,133.5337,19.67878279
24043,68.74367,113.0626,16.81933673
24044,67.78497,123.231,18.85421614
24045,66.80328,121.5905,19.15399617
24046,67.49976,125.0247,19.29064233
24047,65.05186,123.9833,20.5967681
24048,69.20162,105.2719,15.45379916
24049,69.61355,124.7545,18.09772488
24050,70.41472,130.2035,18.46082351
24051,62.91894,121.8655,21.64079968
24052,69.06546,125.3295,18.47084716
24053,68.80458,123.1664,18.28996509
24054,67.55559,144.891,22.3189702
24055,69.75067,136.7792,19.76417165
24056,68.04394,129.1908,19.61588951
24057,70.18295,107.8295,15.38968315
24058,68.99489,141.8741,20.95195687
24059,67.51961,128.5576,19.82408864
24060,64.56646,119.602,20.16878866
24061,71.95831,135.2597,18.36376958
24062,69.0224,144.1056,21.26454383
24063,66.51118,122.3771,19.44760731
24064,67.9872,121.1185,18.42092769
24065,67.45834,111.0184,17.15058701
24066,67.4141,136.7198,21.14877699
24067,65.22365,112.0242,18.51215503
24068,69.31591,142.3476,20.82761859
24069,69.34287,135.2131,19.76835219
24070,68.50494,143.4556,21.48963557
24071,70.94343,137.6151,19.22193264
24072,69.26483,122.2489,17.91326455
24073,64.8763,111.4897,18.62163994
24074,67.3401,121.8431,18.88899063
24075,65.85647,117.6178,19.06476606
24076,68.28513,129.4322,19.5139585
24077,71.49848,135.5103,18.63519808
24078,68.14922,125.2074,18.95237074
24079,73.22107,136.736,17.92941229
24080,70.24483,136.0741,19.38661849
24081,66.16476,119.8647,19.24833394
24082,70.72408,150.4398,21.14382029
24083,69.60885,126.7483,18.38944195
24084,68.64307,131.2725,19.58554603
24085,70.82908,121.2912,16.99657505
24086,66.17383,112.7295,18.09757408
24087,68.54875,138.1077,20.66208473
24088,67.97518,116.8066,17.77141363
24089,68.32635,125.2183,18.8558748
24090,72.05565,127.6232,17.28020437
24091,67.94268,124.3097,18.9310628
24092,67.72877,119.0444,18.24390988
24093,69.59699,126.4719,18.35559444
24094,70.84343,130.0128,18.21135567
24095,71.14967,139.4641,19.36742904
24096,66.78035,112.8561,17.79028811
24097,67.51289,128.4778,19.81572736
24098,69.2969,129.867,19.0119437
24099,68.04596,113.2546,17.19517042
24100,66.49564,127.5542,20.27980373
24101,71.87029,151.8397,20.66530729
24102,68.3905,132.1402,19.86089096
24103,65.00438,113.921,18.95282151
24104,66.20503,120.4717,19.32228086
24105,69.34408,126.0365,18.42607685
24106,67.73769,116.4037,17.83451673
24107,68.95293,120.5159,17.81944703
24108,67.79797,141.8728,21.69806891
24109,66.26302,130.6336,20.91547681
24110,69.71346,122.8188,17.76588713
24111,67.72305,96.06788,14.72517667
24112,66.72756,123.1148,19.43815765
24113,66.75114,132.4506,20.89738196
24114,66.96514,142.6672,22.36566938
24115,67.59748,106.3744,16.36558132
24116,65.51196,135.7343,22.23329071
24117,68.93433,118.4039,17.51661621
24118,70.04973,139.9917,20.05601663
24119,68.57453,142.7562,21.34148446
24120,69.95846,133.5556,19.18390196
24121,69.67227,144.783,20.9678053
24122,67.48895,121.146,18.69816817
24123,68.41794,127.0591,19.08187788
24124,70.64777,141.8289,19.97667223
24125,68.74365,118.5769,17.6396613
24126,67.49912,134.2321,20.71168764
24127,68.96778,118.3576,17.49278594
24128,64.27649,115.885,19.7186984
24129,69.76465,126.8942,18.32847188
24130,68.8062,140.9144,20.92452239
24131,69.53558,118.5909,17.24219399
24132,66.76818,117.2523,18.49003014
24133,70.02343,144.426,20.70684572
24134,65.68234,114.9949,18.73857977
24135,63.5547,103.4864,18.01122528
24136,64.35694,116.7422,19.81492467
24137,67.86944,104.8291,15.99884573
24138,64.26485,116.6974,19.86412817
24139,70.98567,136.3881,19.02788127
24140,68.02723,129.2539,19.63511307
24141,65.82659,125.2597,20.32188438
24142,69.30638,124.229,18.18159098
24143,66.25985,138.3646,22.15539106
24144,67.35007,121.1851,18.78142099
24145,70.33575,156.0098,22.16945208
24146,69.03953,128.1108,18.89493559
24147,69.32626,140.6029,20.56620025
24148,67.11686,121.2675,18.92502618
24149,67.96735,143.4441,21.82917589
24150,70.20798,128.3993,18.31238985
24151,69.09575,132.1344,19.45667173
24152,67.32842,130.276,20.20332707
24153,67.57214,126.6289,19.49632756
24154,67.48418,121.5747,18.76698822
24155,67.43897,142.602,22.04241041
24156,70.60461,136.0619,19.18782458
24157,69.67131,116.3116,16.84497621
24158,68.79333,134.0923,19.9189527
24159,68.6349,140.4769,20.96381069
24160,66.747,128.7257,20.31220569
24161,67.88882,140.7871,21.47443113
24162,67.2596,125.8938,19.56370508
24163,66.72282,117.8449,18.60875555
24164,63.72796,108.0979,18.71166998
24165,67.57522,128.0214,19.70892608
24166,69.42324,139.5001,20.34792307
24167,67.42113,128.4317,19.86257279
24168,69.55405,128.6576,18.69588054
24169,68.10755,136.0476,20.61843481
24170,70.91036,135.1862,18.90028291
24171,67.535,117.3195,18.08288499
24172,68.98823,132.1382,19.51792776
24173,65.828,135.4497,21.97414832
24174,64.87945,124.8061,20.8437962
24175,68.02627,133.2315,20.23992624
24176,66.48368,129.5454,20.60379501
24177,68.02029,114.874,17.45420653
24178,69.4901,125.2642,18.2362871
24179,69.58713,127.6308,18.52904202
24180,70.01705,128.6734,18.45170421
24181,68.28885,134.9464,20.34309513
24182,68.65246,128.2972,19.13640244
24183,65.70769,129.3739,21.06539447
24184,70.41426,133.9713,18.99528691
24185,66.89627,114.3175,17.95825927
24186,69.1823,133.4793,19.60556006
24187,68.80486,137.2361,20.37912165
24188,69.21155,161.8504,23.75264354
24189,64.35037,111.6101,18.94770985
24190,70.26517,134.1679,19.10397515
24191,69.56064,122.5547,17.80566335
24192,65.5203,120.5505,19.74115627
24193,69.15769,123.7836,18.19438905
24194,69.66405,138.799,20.10593268
24195,67.44392,131.769,20.36493208
24196,67.8289,148.232,22.64997595
24197,69.59938,131.8266,19.13143887
24198,67.51364,115.2855,17.78062265
24199,73.03159,139.2101,18.34866867
24200,64.51111,118.8058,20.0689171
24201,69.88715,147.5768,21.24118559
24202,71.0594,128.6246,17.90755484
24203,66.13664,118.9781,19.12221072
24204,68.92441,147.0122,21.75517531
24205,69.72196,139.1363,20.12132614
24206,68.76197,132.05,19.63347209
24207,70.53243,127.2087,17.97605741
24208,66.13778,113.9093,18.30691992
24209,67.43917,125.6656,19.42438605
24210,65.85657,133.1832,21.587709
24211,67.41715,126.6363,19.58721813
24212,68.04343,114.9553,17.4546815
24213,67.46147,140.3633,21.68189787
24214,71.45905,139.5134,19.20687771
24215,70.03432,136.4678,19.55976726
24216,66.67824,137.1923,21.69285964
24217,69.72584,123.3291,17.83336823
24218,68.9367,119.3911,17.66144767
24219,69.55646,131.0409,19.04089027
24220,68.60903,127.2278,19.00092676
24221,66.65147,129.0941,20.42877168
24222,69.74899,132.0704,19.08468393
24223,66.28759,103.6524,16.58327214
24224,65.4048,121.4187,19.95361828
24225,67.43504,125.4301,19.39035921
24226,66.8601,111.9679,17.60819399
24227,67.42077,104.6335,16.18224087
24228,66.83403,98.53013,15.50704625
24229,67.45638,109.922,16.98219737
24230,68.39069,127.7844,19.20610029
24231,68.10474,122.7165,18.5996001
24232,67.35962,116.7826,18.09398425
24233,67.93121,117.5358,17.90551398
24234,69.00845,137.3313,20.27310691
24235,66.98731,126.8991,19.8805681
24236,69.13794,142.4036,20.94321845
24237,69.79289,119.0381,17.17983337
24238,68.63362,128.3377,19.15295398
24239,65.68681,133.8128,21.80201532
24240,68.03586,139.3538,21.16403072
24241,68.56161,115.2544,17.23656909
24242,65.31821,130.3495,21.4781141
24243,67.54969,115.5331,17.79979625
24244,64.9513,110.3166,18.38317398
24245,62.26498,104.1348,18.88267448
24246,67.05169,142.0848,22.21690144
24247,69.42594,132.518,19.32798859
24248,66.76908,121.5039,19.15996708
24249,67.59811,134.4056,20.67776436
24250,67.74663,126.3347,19.35096313
24251,68.95289,137.2302,20.29084226
24252,70.92726,140.5278,19.63772647
24253,67.5076,131.3532,20.26238885
24254,68.09779,133.6869,20.26647149
24255,66.72497,130.3382,20.58023216
24256,68.17851,130.9928,19.81106117
24257,69.70107,148.6245,21.50635654
24258,69.81542,140.4349,20.25478625
24259,69.17806,114.3901,16.80378079
24260,67.5213,106.7127,16.45469523
24261,65.07932,126.1848,20.94480666
24262,65.76272,118.194,19.2128247
24263,67.38848,120.523,18.65752092
24264,66.55762,128.3819,20.37340207
24265,69.23117,139.317,20.43412739
24266,67.97129,137.9738,20.99427714
24267,68.50282,132.3038,19.8203237
24268,66.11285,129.8084,20.87787839
24269,68.29893,119.2646,17.97376591
24270,66.43765,114.2571,18.19742747
24271,69.81484,148.605,21.43350778
24272,70.8647,148.6468,20.80898914
24273,70.65,124.5929,17.5478651
24274,66.3832,117.1383,18.68692637
24275,65.39059,138.0883,22.70291882
24276,63.60936,119.2431,20.71793809
24277,68.41909,139.949,21.01699096
24278,67.5536,140.8926,21.70433643
24279,67.57167,127.7977,19.67655473
24280,69.75543,134.612,19.44836342
24281,65.97912,115.7997,18.70034943
24282,69.82973,127.4906,18.38030714
24283,68.25923,137.5393,20.75197162
24284,68.52437,123.8685,18.54496853
24285,67.44386,120.3718,18.60352505
24286,68.81971,121.4659,18.02951404
24287,67.6395,106.6431,16.38654175
24288,67.13938,121.3981,18.93270037
24289,67.68633,128.4577,19.71122126
24290,67.06687,123.2179,19.25808287
24291,65.7778,127.2213,20.67076102
24292,65.89887,119.1833,19.29366778
24293,67.07721,131.6767,20.57378885
24294,71.12368,141.4488,19.65740357
24295,69.35961,137.6262,20.11143959
24296,69.07129,131.0639,19.3127126
24297,68.52627,136.7567,20.47338962
24298,67.1445,128.2922,20.0048219
24299,67.88215,113.533,17.32073275
24300,64.0373,100.1102,17.16198938
24301,67.57486,136.41,21.00057687
24302,69.77337,135.0577,19.50272403
24303,68.60777,148.6195,22.19650076
24304,64.55533,121.8647,20.5574403
24305,66.06962,116.8535,18.81886523
24306,67.95484,136.1466,20.72627884
24307,67.37979,124.2873,19.24521523
24308,67.90461,136.9687,20.88229085
24309,69.82622,114.3628,16.48933116
24310,66.25075,123.4614,19.77447327
24311,67.49232,125.4319,19.3577382
24312,68.89903,138.7552,20.54841732
24313,68.22911,148.3492,22.4027391
24314,67.01689,121.5691,19.028738
24315,70.22735,135.4663,19.30963357
24316,66.58757,133.0016,21.08753701
24317,70.5615,148.0778,20.90786415
24318,68.93279,117.798,17.42775833
24319,69.06889,150.3723,22.15941109
24320,68.51969,125.8678,18.84686794
24321,64.25367,126.0578,21.46491492
24322,71.94301,139.7416,18.98033302
24323,70.01068,129.4594,18.5677946
24324,69.18761,129.8031,19.06267011
24325,69.14814,132.6303,19.50011047
24326,67.04657,127.9961,20.01699738
24327,71.45121,147.6741,20.33482701
24328,64.21518,119.9798,20.45446149
24329,69.94629,135.4905,19.46860358
24330,70.26145,132.4525,18.86171892
24331,69.17309,132.7108,19.49787311
24332,67.97198,130.1606,19.80500813
24333,66.57066,131.3612,20.83803229
24334,69.86779,115.1897,16.58879956
24335,66.85479,97.71783,15.36965366
24336,69.74719,126.6111,18.2967383
24337,65.94489,132.2651,21.3815061
24338,65.87931,103.3388,16.73865875
24339,64.62128,101.6749,17.11661833
24340,68.54834,130.3597,19.50315144
24341,67.92111,123.939,18.88659916
24342,67.67285,112.4801,17.26641142
24343,69.00279,127.8311,18.87376525
24344,70.04797,126.3484,18.10230858
24345,71.35258,142.3712,19.65884997
24346,71.06775,136.8046,19.04192691
24347,68.82243,124.1371,18.42455108
24348,67.96857,118.8369,18.08382824
24349,68.05889,124.9371,18.96168915
24350,67.93692,130.9467,19.94518991
24351,69.45398,127.8837,18.63701019
24352,71.28182,145.4692,20.12652587
24353,67.69446,134.3376,20.60851287
24354,71.04547,140.9563,19.63211245
24355,67.17175,130.1958,20.28518504
24356,67.73543,135.5123,20.76358104
24357,68.89435,149.0303,22.07306726
24358,68.96831,135.7274,20.05966549
24359,68.46784,123.8383,18.57107536
24360,69.39747,136.1145,19.86883675
24361,68.49673,133.4028,19.98851784
24362,64.99401,109.1885,18.17128162
24363,67.55392,109.8925,16.92864774
24364,66.39846,135.3121,21.57624901
24365,68.87766,124.4382,18.43963316
24366,68.08728,115.4819,17.51206158
24367,67.6748,113.0279,17.34950234
24368,68.36341,116.9069,17.58522927
24369,66.15639,112.2191,18.02513428
24370,69.94863,138.7619,19.93733641
24371,68.68161,123.382,18.38764865
24372,65.57366,108.7335,17.77705613
24373,67.47088,124.634,19.24682553
24374,65.41412,126.6553,20.80825619
24375,66.94215,120.7258,18.938959
24376,67.65712,128.6122,19.75197277
24377,64.65079,128.6303,21.63470289
24378,69.62877,134.5557,19.51102018
24379,68.3735,96.55141,14.51905405
24380,70.59634,122.2144,17.23905014
24381,65.95534,121.6048,19.65197106
24382,66.77646,124.7321,19.66467507
24383,68.33367,112.2217,16.89517429
24384,65.34891,114.194,18.7984445
24385,70.0911,138.6245,19.83670643
24386,66.96985,128.6963,20.1726398
24387,69.5545,109.8168,15.95782299
24388,68.5107,136.2548,20.40752447
24389,67.75916,114.7828,17.57503153
24390,67.28528,156.6534,24.32512173
24391,69.10551,135.7604,19.98495069
24392,70.04724,118.1827,16.93273754
24393,67.97214,130.4773,19.85310318
24394,64.98386,100.1129,16.66611437
24395,67.57048,125.9502,19.39278481
24396,65.91465,107.5697,17.40529473
24397,70.47111,140.7773,19.92809258
24398,67.52349,126.2727,19.46951037
24399,68.45395,134.877,20.23467326
24400,67.41775,106.1401,16.4167169
24401,67.70655,136.4734,20.92868622
24402,71.462,148.1379,20.39253309
24403,66.73324,128.8244,20.3361638
24404,64.50386,105.9096,17.89448667
24405,69.11294,127.3691,18.74565714
24406,69.38115,129.7479,18.94840568
24407,68.33484,127.2209,19.15267436
24408,69.29735,126.0557,18.45374688
24409,68.37994,135.6956,20.40157329
24410,68.96454,134.9102,19.94106842
24411,70.49134,133.6584,18.90950021
24412,70.57015,134.172,18.93978905
24413,66.48853,115.3811,18.3483298
24414,69.71507,131.6692,19.04522845
24415,69.58669,137.2034,19.91901417
24416,68.9727,121.9887,18.0268761
24417,68.12075,121.0738,18.34199863
24418,69.27581,127.1409,18.62418948
24419,66.76377,123.5561,19.48667813
24420,67.67916,124.3837,19.0901296
24421,66.03738,141.5574,22.81961081
24422,67.83577,134.7204,20.58122263
24423,68.4144,124.3957,18.68381887
24424,67.89829,116.7193,17.79837389
24425,70.43392,140.3597,19.88996582
24426,69.20164,133.9186,19.65909185
24427,68.95842,134.4443,19.87573121
24428,68.42838,125.6241,18.86061159
24429,70.98873,151.5456,21.14072336
24430,67.32737,144.3687,22.38953484
24431,68.48893,108.1511,16.20859995
24432,68.6021,113.2208,16.91245771
24433,68.81368,123.9034,18.39454212
24434,70.77293,125.3918,17.59908587
24435,64.76018,123.5229,20.70554708
24436,69.93755,131.4882,18.89823636
24437,66.73936,136.6536,21.56812178
24438,69.99554,140.237,20.1222806
24439,69.93809,139.2643,20.01555285
24440,68.76645,140.7663,20.926703
24441,65.93075,122.8422,19.86675237
24442,65.71357,110.0107,17.90936262
24443,69.81803,135.7896,19.58333499
24444,65.60202,122.6465,20.03438704
24445,69.04719,110.6967,16.32292486
24446,71.79083,116.5191,15.89331524
24447,65.47357,130.9999,21.48296622
24448,68.56939,121.2454,18.12842289
24449,67.3586,113.1476,17.53131799
24450,69.31713,118.5719,17.34826143
24451,68.04311,140.9153,21.39661951
24452,70.58559,140.6903,19.85122822
24453,65.81808,116.2507,18.86515958
24454,69.49135,130.3794,18.98028833
24455,67.24822,121.8022,18.9342833
24456,67.92553,126.7836,19.3175628
24457,70.37417,153.1035,21.73270938
24458,67.27196,126.1286,19.59299094
24459,71.48238,143.7516,19.77743676
24460,68.10255,137.9851,20.91513972
24461,67.81752,114.8164,17.54993218
24462,64.53079,100.9189,17.03702927
24463,66.93004,122.4382,19.21454444
24464,67.74549,128.7442,19.72069522
24465,69.06341,144.9266,21.36030222
24466,68.05135,131.0403,19.89237847
24467,65.22274,113.4175,18.74292279
24468,70.59627,132.1285,18.63752842
24469,66.67924,123.53,19.53198959
24470,67.09362,112.9607,17.6408802
24471,67.34935,132.3745,20.51600709
24472,68.25905,117.2967,17.69785529
24473,71.51413,141.4801,19.44764257
24474,69.19176,136.2781,20.01117729
24475,68.85149,119.5382,17.72700432
24476,62.68591,118.6002,21.21782567
24477,68.93339,126.4631,18.70940064
24478,66.81582,131.0701,20.639556
24479,68.82523,119.6506,17.75721541
24480,67.79889,111.5895,17.06606869
24481,70.56176,131.7029,18.59567098
24482,63.76528,109.2093,18.881931
24483,68.69047,123.393,18.38454442
24484,68.5612,133.2161,19.92302224
24485,65.9104,135.1969,21.87832976
24486,69.50434,154.9778,22.55282599
24487,67.01715,103.3397,16.17523547
24488,67.42555,112.6464,17.41901714
24489,69.80123,123.7655,17.85783371
24490,69.35558,142.1629,20.77680593
24491,69.40991,134.6446,19.64722881
24492,68.14932,124.156,18.79316746
24493,67.49197,136.9491,21.13539155
24494,67.83128,116.3515,17.7773608
24495,66.88311,136.024,21.37656642
24496,66.16765,112.1413,18.00650766
24497,68.34192,148.7264,22.38561547
24498,68.47918,115.6665,17.33986919
24499,64.1332,126.2502,21.57851628
24500,69.76909,137.5824,19.86973564
24501,67.87052,128.4015,19.59580319
24502,65.65317,122.6266,19.99993624
24503,69.10982,127.845,18.81739706
24504,70.2136,146.6532,20.91242456
24505,68.12511,116.4182,17.63444403
24506,69.1089,127.5322,18.77185608
24507,68.13285,118.1504,17.892763
24508,68.15041,125.8468,19.04849008
24509,67.31379,125.7108,19.50382664
24510,67.00484,120.302,18.83717722
24511,67.77523,136.9514,20.95944609
24512,67.94501,124.8842,19.01724876
24513,69.49863,107.795,15.68922368
24514,69.69959,138.8638,20.0948109
24515,69.73603,125.7504,18.17817419
24516,67.035,110.6978,17.31773491
24517,68.55387,106.0953,15.87038699
24518,67.66663,118.1357,18.13791608
24519,68.19234,130.5155,19.73086975
24520,67.83603,125.6357,19.19320676
24521,65.6042,121.2924,19.81187716
24522,70.79237,135.705,19.03611284
24523,65.90734,130.6877,21.15058928
24524,67.40279,133.5585,20.66669883
24525,69.0652,126.5715,18.65403144
24526,67.07127,125.1982,19.56502244
24527,67.34987,120.7703,18.71724593
24528,69.87618,136.4152,19.64082741
24529,68.61786,120.8313,18.04099283
24530,67.86452,123.3904,18.83437155
24531,67.18841,118.1254,18.3954277
24532,67.91023,128.8423,19.64008628
24533,67.88438,119.5715,18.24077518
24534,68.44835,110.7671,16.62034917
24535,68.91398,133.9166,19.82325988
24536,66.93704,134.2708,21.06705816
24537,67.98509,136.7816,20.80442183
24538,68.2376,118.9982,17.96586904
24539,67.13801,110.5575,17.24275295
24540,69.36053,135.8541,19.85195439
24541,70.23741,119.0039,16.95819177
24542,69.67473,128.7848,18.64959238
24543,67.02658,119.5814,18.71219946
24544,67.08012,109.6164,17.12549756
24545,66.45348,122.2987,19.46891317
24546,67.14627,144.1873,22.48218668
24547,68.5299,124.2064,18.59255621
24548,68.18035,131.4399,19.87760666
24549,69.18019,129.5663,19.03197598
24550,68.15579,109.4756,16.56788788
24551,68.08451,125.4961,19.0321969
24552,69.12967,117.7697,17.32446876
24553,65.66134,108.8434,17.74753093
24554,66.8266,137.9539,21.7165372
24555,67.976,125.9379,19.1602231
24556,68.6367,126.662,18.9011782
24557,68.20125,119.4097,18.04721795
24558,66.30752,108.9388,17.41856374
24559,68.67523,135.9253,20.26074357
24560,70.75177,133.3227,18.72340395
24561,69.90591,116.5433,16.76543589
24562,67.49121,127.443,19.66875554
24563,69.43309,126.7096,18.47701701
24564,66.64931,119.9884,18.98905148
24565,67.25339,122.7744,19.08247862
24566,70.0799,116.5472,16.68284913
24567,67.30768,124.8544,19.37447461
24568,68.90363,139.9568,20.72359636
24569,67.79094,134.4678,20.56981154
24570,70.02139,141.1502,20.23836236
24571,65.08493,113.6042,18.85336296
24572,68.00621,143.7361,21.84862132
24573,72.3989,144.9316,19.43812973
24574,67.83748,132.585,20.25397665
24575,65.7028,105.2162,17.13445053
24576,70.01957,140.611,20.16209901
24577,67.87733,116.6834,17.80388986
24578,70.66031,122.3103,17.22135342
24579,69.84654,131.7426,18.9841764
24580,67.08101,123.8231,19.34451349
24581,68.19996,120.8464,18.26504735
24582,66.47189,117.481,18.69161836
24583,67.35479,120.6077,18.68931516
24584,68.02985,124.8289,18.96144548
24585,64.52777,117.4798,19.83468054
24586,64.72981,104.3111,17.50157711
24587,66.31479,118.3695,18.92231818
24588,69.28443,129.8202,19.01193418
24589,68.38512,139.6485,20.99270358
24590,68.48504,121.7782,18.25296613
24591,69.8409,123.0627,17.73626258
24592,69.00164,114.0904,16.84556578
24593,67.46717,156.2682,24.13464681
24594,68.50704,132.7862,19.89014097
24595,67.54149,128.4227,19.7904581
24596,69.81014,123.0582,17.75124693
24597,70.30911,139.2419,19.80168122
24598,69.1204,140.173,20.62562929
24599,71.55865,136.6,18.7534747
24600,67.95604,117.8046,17.93335094
24601,67.67595,123.2158,18.91267695
24602,67.08059,106.8189,16.68820703
24603,67.36378,126.5004,19.59721359
24604,70.55218,126.8437,17.91444474
24605,68.21612,119.5574,18.06166401
24606,68.7151,125.9951,18.75878107
24607,66.02245,124.6736,20.10696641
24608,68.03719,132.4732,20.1182692
24609,70.51604,118.7315,16.78593158
24610,70.10402,144.5009,20.66997883
24611,66.56804,82.38298,13.0695695
24612,65.94065,108.8379,17.5966109
24613,66.38829,127.2815,20.30194491
24614,67.30654,136.3496,21.15897679
24615,66.90193,127.6108,20.0431263
24616,67.13761,137.002,21.36734087
24617,68.93483,143.9311,21.29278906
24618,67.95125,118.8796,18.09954926
24619,72.47908,148.1097,19.82044876
24620,65.52562,123.3728,20.20005112
24621,69.32351,146.246,21.39332228
24622,65.6099,100.6414,16.43589064
24623,68.6201,126.8121,18.9327337
24624,71.50024,127.348,17.51186718
24625,66.67496,115.2416,18.22380572
24626,66.73827,129.1676,20.38726772
24627,67.26376,128.3665,19.94549157
24628,69.70493,139.7124,20.2145132
24629,69.81408,111.8786,16.13675887
24630,69.24356,155.8277,22.84763276
24631,63.65376,110.0774,19.09876845
24632,67.32789,137.1865,21.27534899
24633,68.6961,132.4999,19.7381621
24634,66.62465,120.2693,19.04759846
24635,69.65054,142.7088,20.68031281
24636,69.0893,137.7905,20.2933159
24637,66.75728,110.8487,17.48592707
24638,66.06512,106.9734,17.23005517
24639,66.00171,115.4981,18.63887904
24640,68.70707,101.3046,15.08626159
24641,69.29616,136.4906,19.98203566
24642,68.68899,138.3325,20.61129549
24643,69.36066,141.9455,20.74199475
24644,71.21016,133.633,18.52614761
24645,70.61617,152.795,21.54051834
24646,66.60166,131.846,20.89547153
24647,63.46025,109.3417,19.08699631
24648,66.80019,120.0755,18.91709014
24649,69.89469,123.1536,17.72205461
24650,66.03755,134.4459,21.6730974
24651,69.79279,131.8303,19.02608558
24652,67.67011,119.6221,18.36424095
24653,68.61358,127.661,19.0630948
24654,67.29594,119.9302,18.61684811
24655,68.06416,126.1776,19.14699436
24656,67.08852,133.3623,20.83012995
24657,67.22083,133.1829,20.72030058
24658,68.52246,121.9621,18.26056987
24659,69.21039,126.6402,18.58593097
24660,68.11211,125.7575,19.05638647
24661,69.80387,128.2476,18.50314574
24662,64.30007,108.2215,18.4011931
24663,67.06097,135.8275,21.2326094
24664,65.65425,108.0972,17.62966584
24665,71.03311,137.8075,19.20023393
24666,67.66624,121.9512,18.72394314
24667,65.33739,121.2757,19.97126393
24668,69.54907,124.4711,18.09010962
24669,67.45198,109.1739,16.86882158
24670,67.84408,110.1037,16.8164114
24671,69.48408,122.6883,17.86437598
24672,66.19564,122.6215,19.67266419
24673,68.96582,125.7875,18.59195254
24674,68.91695,122.4138,18.1189742
24675,67.15888,115.731,18.03840531
24676,67.34512,126.434,19.59778283
24677,68.00353,131.0691,19.92474299
24678,68.05897,115.6045,17.54524028
24679,67.12385,130.4915,20.36028402
24680,68.24874,123.1214,18.58230544
24681,70.06522,132.9338,19.03644132
24682,67.50053,119.1866,18.38943518
24683,69.12516,131.2341,19.30766359
24684,69.0494,137.1193,20.21780922
24685,67.66576,120.0164,18.42714242
24686,69.54628,124.9586,18.16241799
24687,68.28689,135.0333,20.35736382
24688,69.39337,112.8113,16.4691798
24689,67.30725,120.8673,18.75600985
24690,68.34316,139.0949,20.93516657
24691,70.90294,143.8781,20.11970144
24692,64.06894,99.60932,17.05926135
24693,67.2224,121.3802,18.88318058
24694,68.69563,137.2314,20.44328096
24695,66.13861,120.2833,19.3308314
24696,69.54627,137.3543,19.96410753
24697,66.14098,125.3429,20.14252042
24698,70.63782,151.2378,21.30792212
24699,70.03612,125.3728,17.96861047
24700,67.57137,122.2741,18.82627297
24701,66.91088,107.3063,16.84950171
24702,66.91607,120.8614,18.97501343
24703,68.68646,137.1089,20.43048627
24704,66.02934,132.9201,21.43246246
24705,67.42776,113.7439,17.58757553
24706,69.3031,134.3583,19.6659306
24707,69.24989,121.6875,17.83869656
24708,68.89261,133.0703,19.71020695
24709,68.86091,126.9811,18.82560295
24710,71.90873,134.0201,18.22057279
24711,68.26643,129.7587,19.57390278
24712,66.59322,113.153,17.93747744
24713,66.0497,118.9106,19.16170707
24714,68.50987,127.3332,19.07175643
24715,66.95287,137.0653,21.49534647
24716,71.03063,146.9723,20.47856318
24717,63.58121,115.9351,20.16102874
24718,63.76497,105.0288,18.15931278
24719,69.72296,150.2475,21.72755945
24720,65.84023,117.7307,19.09248124
24721,70.61722,131.0053,18.46813148
24722,66.82089,128.8345,20.28443847
24723,69.07869,145.6238,21.45356639
24724,68.57406,137.2053,20.51192815
24725,71.25702,145.0337,20.08024186
24726,67.41157,119.5434,18.49319908
24727,68.96896,128.9336,19.05522493
24728,70.51128,104.2914,14.74642089
24729,66.62109,126.2567,19.99798742
24730,68.26107,135.6492,20.4656894
24731,69.25005,133.5514,19.57778647
24732,70.66498,138.3137,19.47206647
24733,67.44799,131.5456,20.32795204
24734,70.61052,142.5544,20.10004973
24735,69.05707,136.4888,20.1203738
24736,69.5556,127.1593,18.47733152
24737,65.79335,119.5829,19.42049997
24738,68.90813,119.1438,17.63948266
24739,65.86615,129.2224,20.9396091
24740,67.75381,136.0158,20.82942309
24741,66.97192,133.622,20.94342922
24742,67.12818,138.6191,21.62562434
24743,68.03631,112.7006,17.11591222
24744,69.2586,132.689,19.44656185
24745,64.37881,116.5423,19.76755793
24746,69.10476,128.0676,18.85292196
24747,70.68086,141.9627,19.97680018
24748,69.89281,137.2342,19.74934412
24749,63.33113,95.95417,16.81840103
24750,69.87096,149.8839,21.58325239
24751,70.82192,159.6344,22.37414336
24752,66.07971,122.306,19.69095733
24753,71.10476,114.7871,15.96066783
24754,68.65665,117.2339,17.48410155
24755,65.5231,123.7407,20.26184649
24756,69.2472,119.0934,17.45977265
24757,70.19913,124.0875,17.7019007
24758,68.23477,115.1977,17.39352754
24759,70.12196,127.7892,18.27011929
24760,66.798,131.6398,20.74032798
24761,68.57737,136.7561,20.44280006
24762,70.78151,150.7636,21.15495849
24763,68.655,134.1977,20.01502121
24764,70.04789,116.0917,16.63283886
24765,67.3824,131.8669,20.41729345
24766,69.704,132.2823,19.13998797
24767,65.43275,111.7034,18.34135306
24768,67.87092,135.3133,20.65039382
24769,69.639,122.774,17.79740479
24770,69.50107,137.5292,20.01553764
24771,70.5769,150.9049,21.29773945
24772,67.32704,130.0925,20.17569677
24773,69.03615,122.4746,18.06542684
24774,70.38448,150.0339,21.29074757
24775,66.86316,135.1726,21.25544476
24776,69.96058,124.1244,17.82812558
24777,66.77948,115.1505,18.15244323
24778,67.50335,99.40058,15.33534643
24779,68.56426,132.2101,19.7708059
24780,70.76528,130.1221,18.26694536
24781,68.32253,140.2104,21.11580649
24782,63.28029,116.0598,20.37512216
24783,68.40535,127.717,19.18774309
24784,70.47769,132.7392,18.78673022
24785,70.92832,133.3631,18.63595531
24786,68.42345,121.5013,18.24426255
24787,68.17552,113.1516,17.11429864
24788,71.41075,126.4088,17.42631038
24789,70.02405,138.9673,19.92386056
24790,70.06857,132.7965,19.01496128
24791,67.87559,131.4173,20.05305892
24792,68.09801,132.7242,20.1203995
24793,67.93416,125.6174,19.13501054
24794,70.56894,127.3602,17.97884836
24795,64.3262,114.3648,19.42996
24796,67.77195,114.3845,17.50743569
24797,67.75367,113.554,17.38970093
24798,63.71439,122.1264,21.14899922
24799,69.09925,120.2482,17.70464577
24800,69.85179,130.2025,18.759427
24801,69.44092,144.8549,21.11823331
24802,74.53177,148.9104,18.84505829
24803,66.33132,119.6675,19.12028069
24804,68.81086,129.9323,19.29116607
24805,69.2946,139.9604,20.49093217
24806,71.14495,131.3502,18.24306924
24807,68.97051,147.5332,21.80309829
24808,68.59823,120.6693,18.02711787
24809,69.32375,132.5228,19.38571544
24810,67.18403,133.9888,20.86852338
24811,63.95584,101.1775,17.38917005
24812,67.30139,140.5981,21.82160594
24813,68.32525,120.9681,18.21644914
24814,66.36458,116.3494,18.57149102
24815,67.05441,115.7106,18.09146679
24816,66.72856,125.3558,19.79138796
24817,69.17136,127.4447,18.72511421
24818,66.72634,129.8871,20.5081619
24819,67.53447,126.6146,19.51587916
24820,70.64693,125.0381,17.61209838
24821,68.94919,134.1113,19.83181033
24822,67.44368,123.2024,19.04109741
24823,68.36479,133.7593,20.11936846
24824,66.0173,126.6746,20.43286896
24825,66.34051,133.865,21.38280895
24826,69.11356,140.5328,20.68266495
24827,66.78433,146.9803,23.16676044
24828,64.69758,116.5596,19.57615076
24829,67.88323,132.9397,20.28079719
24830,70.79391,140.861,19.75851466
24831,67.33031,128.9386,19.99479921
24832,67.47175,143.136,22.10345952
24833,71.1465,131.7157,18.293036
24834,71.09999,132.7978,18.46745826
24835,67.31941,117.9554,18.29753348
24836,65.17339,94.40946,15.62536661
24837,70.79803,141.7186,19.87649628
24838,70.54927,150.3874,21.24133104
24839,68.88799,114.2215,16.92061554
24840,65.19756,127.3357,21.0592461
24841,67.13424,126.6348,19.75241676
24842,70.79421,134.6936,18.89325586
24843,66.08314,116.8418,18.80928221
24844,67.55002,122.1483,18.818794
24845,67.74689,132.8739,20.35243052
24846,70.05674,146.0524,20.92012016
24847,69.39883,144.6262,21.11047489
24848,69.51891,120.1586,17.47850473
24849,67.9384,125.9966,19.19037766
24850,63.84585,135.1763,23.31259041
24851,68.53891,134.0518,20.06104666
24852,65.58522,127.3106,20.80692638
24853,66.56404,97.80735,15.51841892
24854,67.21341,137.2553,21.35859051
24855,67.11996,105.438,16.45315187
24856,69.32371,126.5148,18.50687385
24857,67.61647,118.4966,18.22032948
24858,69.57478,128.6012,18.67655033
24859,67.84663,123.7062,18.89253476
24860,67.23558,122.2566,19.01206662
24861,69.88379,130.9158,18.84492828
24862,68.99994,121.1935,17.89522761
24863,68.60312,123.1076,18.38876043
24864,68.77791,125.3572,18.62973422
24865,70.55859,131.2843,18.53823276
24866,67.51836,117.6823,18.14774645
24867,67.56651,113.9729,17.55068009
24868,70.44326,127.4526,18.05614909
24869,63.23624,97.99816,17.22825013
24870,66.40576,128.5103,20.48716001
24871,68.15859,124.2586,18.8035819
24872,64.07289,123.1365,21.08596609
24873,68.55598,122.4432,18.31467892
24874,68.43131,133.9318,20.10616873
24875,65.87921,104.357,16.90363652
24876,66.68998,128.4557,20.30427705
24877,65.95774,127.8589,20.66116262
24878,70.30346,137.8967,19.61353159
24879,69.37067,120.4668,17.59830828
24880,67.55136,133.2016,20.52090796
24881,64.66626,117.3698,19.73132279
24882,66.40245,132.6795,21.15392422
24883,70.0332,134.9364,19.34089213
24884,73.06241,141.5054,18.63547004
24885,67.73969,107.6256,16.48862728
24886,69.27968,139.7764,20.47280877
24887,64.56023,114.473,19.30759817
24888,65.17345,108.0286,17.87938805
24889,64.743,106.8072,17.91307796
24890,71.01048,161.8532,22.56481196
24891,69.12531,149.3248,21.96914134
24892,68.90616,144.6759,21.42078692
24893,69.68608,134.7518,19.50732995
24894,70.89186,139.6818,19.53900327
24895,66.75426,130.7951,20.63425662
24896,66.84764,112.43,17.68745617
24897,66.61327,142.2755,22.54052041
24898,66.99191,142.8088,22.36997891
24899,66.95526,127.3362,19.968149
24900,66.7864,123.7754,19.5080381
24901,65.2558,116.3788,19.21281334
24902,69.03557,118.6868,17.50700741
24903,66.66842,116.0167,18.3499763
24904,68.05827,125.0539,18.97976167
24905,69.48675,135.636,19.74814465
24906,69.11476,132.8803,19.55574279
24907,69.57141,126.5902,18.38627707
24908,68.45513,119.3317,17.9019011
24909,67.61,111.8791,17.20609899
24910,66.36029,115.9904,18.51658191
24911,70.97938,126.1772,17.60645041
24912,66.14233,133.6664,21.47922449
24913,66.30402,118.3665,18.92798618
24914,68.26234,139.7222,21.07940738
24915,67.85823,147.5064,22.51962395
24916,65.5061,121.6958,19.93734974
24917,68.70761,121.3583,18.07237067
24918,71.44954,134.5787,18.53244755
24919,66.66413,118.4386,18.7354513
24920,66.54027,130.0576,20.65008973
24921,67.98947,116.3439,17.69357663
24922,72.54953,134.5143,17.96613151
24923,68.89705,134.2033,19.87546355
24924,66.37489,123.3152,19.67724568
24925,69.7564,128.2928,18.53486768
24926,66.44678,129.8237,20.67099717
24927,71.69485,154.4811,21.12782336
24928,66.08091,118.3239,19.04915742
24929,65.3417,119.2852,19.64088394
24930,69.04974,130.828,19.28998687
24931,65.11765,99.42378,16.48345161
24932,69.44092,141.7658,20.66787689
24933,66.63354,123.5755,19.56599457
24934,69.01315,136.6985,20.17694327
24935,67.57383,135.223,20.81847062
24936,67.40523,132.959,20.57244336
24937,67.01858,122.8513,19.22846598
24938,65.90423,115.7491,18.73468379
24939,70.35191,118.6196,16.84845161
24940,72.35889,143.9547,19.32846573
24941,68.90635,135.0866,20.00088002
24942,68.40219,109.4203,16.44043154
24943,68.51074,139.2417,20.85486222
24944,68.94331,128.0522,18.93904643
24945,67.83501,125.6535,19.19650332
24946,67.62827,122.4244,18.81770923
24947,67.79448,121.2228,18.54176055
24948,69.17056,154.7821,22.74225246
24949,67.9537,126.585,19.27131516
24950,64.22634,113.0611,19.26824605
24951,68.9995,133.888,19.76992819
24952,68.21355,131.1211,19.81009715
24953,67.77936,122.7164,18.77859104
24954,67.83418,138.3443,21.13583628
24955,66.69014,119.1199,18.8285288
24956,67.54476,104.238,16.06194259
24957,68.02864,117.1596,17.79711586
24958,69.83059,134.0241,19.32176527
24959,66.76934,120.2857,18.96772123
24960,70.14626,132.2209,18.89062787
24961,68.92465,106.3021,15.73069933
24962,69.11543,133.8436,19.69712794
24963,66.43732,133.2403,21.22104256
24964,68.46555,124.7422,18.70787768
24965,66.34781,128.061,20.45121099
24966,66.7366,124.5938,19.66634269
24967,66.08128,130.3096,20.97851986
24968,66.55957,115.0486,18.25642125
24969,69.08296,127.4722,18.77711781
24970,63.61791,115.7477,20.10522326
24971,65.37753,126.6102,20.82413653
24972,67.4972,122.9844,18.97727439
24973,68.70055,123.2849,18.36304863
24974,71.32072,125.5928,17.3575582
24975,65.57216,123.7128,20.22697705
24976,66.19147,123.2446,19.77512204
24977,70.06322,115.418,16.52908007
24978,67.24989,108.7178,16.89945986
24979,69.624,141.5823,20.53271349
24980,66.7896,120.8863,19.05086613
24981,69.79922,154.4399,22.28505436
24982,66.30104,107.3901,17.17429388
24983,68.36249,118.7207,17.85854317
24984,63.77967,111.4911,19.26774942
24985,67.58699,127.7214,19.65589323
24986,69.71587,133.9126,19.36927943
24987,68.81291,120.8176,17.93682957
24988,68.86794,142.8494,21.17383677
24989,66.10137,103.381,16.63317407
24990,70.11839,141.237,20.19481774
24991,69.97767,125.3672,17.99783622
24992,71.91656,128.284,17.43692932
24993,70.96218,146.1936,20.40937888
24994,66.19462,118.7974,19.0597357
24995,67.21126,127.6603,19.86676302
24996,69.50215,118.0312,17.17733038
24997,64.54826,120.1932,20.27991562
24998,64.69855,118.2655,19.86206058
24999,67.52918,132.2682,20.39049722
25000,68.87761,124.8742,18.50426784
